ftn_game_id,nflverse_game_id,season,week,ftn_play_id,nflverse_play_id,starting_hash,qb_location,n_offense_backfield,n_defense_box,is_no_huddle,is_motion,is_play_action,is_screen_pass,is_rpo,is_trick_play,is_qb_out_of_pocket,is_interception_worthy,is_throw_away,read_thrown,is_catchable_ball,is_contested_ball,is_created_reception,is_drop,is_qb_sneak,n_blitzers,n_pass_rushers,is_qb_fault_sack,date_pulled
7019,2026_01_NE_SEA,2026,1,1153342,41,0,0,0,0,FALSE,FALSE,FALSE,FALSE,FALSE,FALSE,FALSE,FALSE,FALSE,0,FALSE,FALSE,FALSE,FALSE,FALSE,0,0,FALSE,2026-09-15T16:13:25.309663Z
7019,2026_01_NE_SEA,2026,1,1153343,64,L,U,2,6,FALSE,FALSE,FALSE,FALSE,FALSE,FALSE,FALSE,FALSE,FALSE,0,FALSE,FALSE,FALSE,FALSE,FALSE,0,0,FALSE,2026-09-15T16:13:25.309663Z
7019,2026_01_NE_SEA,2026,1,1153344,86,L,U,1,7,FALSE,TRUE,TRUE,FALSE,FALSE,FALSE,FALSE,FALSE,FALSE,1,TRUE,FALSE,FALSE,FALSE,FALSE,0,4,FALSE,2026-09-15T16:13:25.309663Z
7019,2026_01_NE_SEA,2026,1,1153345,111,0,0,0,0,FALSE,FALSE,FALSE,FALSE,FALSE,FALSE,FALSE,FALSE,FALSE,0,FALSE,FALSE,FALSE,FALSE,FALSE,0,0,FALSE,2026-09-15T16:13:25.309663Z
7019,2026_01_NE_SEA,2026,1,1153346,135,L,S,1,6,FALSE,FALSE,FALSE,FALSE,FALSE,FALSE,FALSE,FALSE,FALSE,0,FALSE,FALSE,FALSE,FALSE,FALSE,0,0,FALSE,2026-09-15T16:13:25.309663Z
7019,2026_01_NE_SEA,2026,1,1153347,157,L,S,1,6,FALSE,TRUE,FALSE,FALSE,FALSE,FALSE,FALSE,FALSE,FALSE,1,FALSE,FALSE,FALSE,FALSE,FALSE,0,4,FALSE,2026-09-15T16:13:25.309663Z
7019,2026_01_NE_SEA,2026,1,1153348,180,L,S,1,6,FALSE,TRUE,FALSE,FALSE,FALSE,FALSE,TRUE,FALSE,FALSE,0,FALSE,FALSE,FALSE,FALSE,FALSE,2,6,FALSE,2026-09-15T16:13:25.309663Z
7019,2026_01_NE_SEA,2026,1,1153349,200,0,0,0,0,FALSE,FALSE,FALSE,FALSE,FALSE,FALSE,FALSE,FALSE,FALSE,0,FALSE,FALSE,FALSE,FALSE,FALSE,0,0,FALSE,2026-09-15T16:13:25.309663Z
7019,2026_01_NE_SEA,2026,1,1153350,227,R,U,2,7,FALSE,TRUE,FALSE,FALSE,FALSE,FALSE,FALSE,FALSE,FALSE,0,FALSE,FALSE,FALSE,FALSE,FALSE,0,0,FALSE,2026-09-15T16:13:25.309663Z
7019,2026_01_NE_SEA,2026,1,1153351,249,R,U,1,6,FALSE,TRUE,TRUE,FALSE,FALSE,FALSE,TRUE,FALSE,FALSE,SD,FALSE,FALSE,FALSE,FALSE,FALSE,0,4,FALSE,2026-09-15T16:13:25.309663Z
7019,2026_01_NE_SEA,2026,1,1153352,271,L,S,2,7,FALSE,FALSE,FALSE,FALSE,FALSE,FALSE,FALSE,FALSE,FALSE,0,FALSE,FALSE,FALSE,FALSE,FALSE,0,0,FALSE,2026-09-15T16:13:25.309663Z
7019,2026_01_NE_SEA,2026,1,1153353,298,L,U,1,6,FALSE,FALSE,FALSE,FALSE,FALSE,FALSE,FALSE,FALSE,FALSE,0,FALSE,FALSE,FALSE,FALSE,FALSE,0,0,FALSE,2026-09-15T16:13:25.309663Z
7019,2026_01_NE_SEA,2026,1,1153354,320,L,S,2,6,FALSE,TRUE,FALSE,FALSE,FALSE,FALSE,TRUE,FALSE,FALSE,SD,FALSE,FALSE,FALSE,FALSE,FALSE,0,4,FALSE,2026-09-15T16:13:25.309663Z
7019,2026_01_NE_SEA,2026,1,1153355,358,R,U,1,6,FALSE,TRUE,FALSE,FALSE,FALSE,FALSE,FALSE,FALSE,FALSE,0,FALSE,FALSE,FALSE,FALSE,FALSE,0,0,FALSE,2026-09-15T16:13:25.309663Z
7019,2026_01_NE_SEA,2026,1,1153356,385,L,S,2,7,FALSE,FALSE,FALSE,FALSE,FALSE,FALSE,FALSE,FALSE,FALSE,0,FALSE,FALSE,FALSE,FALSE,FALSE,0,0,FALSE,2026-09-15T16:13:25.309663Z
7019,2026_01_NE_SEA,2026,1,1153357,407,L,S,2,7,FALSE,TRUE,FALSE,FALSE,FALSE,FALSE,TRUE,FALSE,TRUE,0,FALSE,FALSE,FALSE,FALSE,FALSE,2,6,FALSE,2026-09-15T16:13:25.309663Z
7019,2026_01_NE_SEA,2026,1,1153358,430,0,0,0,0,FALSE,FALSE,FALSE,FALSE,FALSE,FALSE,FALSE,FALSE,FALSE,0,FALSE,FALSE,FALSE,FALSE,FALSE,0,0,FALSE,2026-09-15T16:13:25.309663Z
7019,2026_01_NE_SEA,2026,1,1153359,460,R,S,1,6,FALSE,TRUE,FALSE,FALSE,FALSE,FALSE,FALSE,FALSE,FALSE,0,FALSE,FALSE,FALSE,FALSE,FALSE,0,0,FALSE,2026-09-15T16:13:25.309663Z
7019,2026_01_NE_SEA,2026,1,1153360,482,L,U,2,6,FALSE,FALSE,FALSE,FALSE,FALSE,FALSE,FALSE,FALSE,FALSE,0,FALSE,FALSE,FALSE,FALSE,FALSE,0,0,FALSE,2026-09-15T16:13:25.309663Z
7019,2026_01_NE_SEA,2026,1,1153361,505,L,U,1,7,FALSE,FALSE,TRUE,FALSE,FALSE,FALSE,FALSE,FALSE,FALSE,1,TRUE,FALSE,FALSE,FALSE,FALSE,0,4,FALSE,2026-09-15T16:13:25.309663Z
7019,2026_01_NE_SEA,2026,1,1153362,535,R,U,1,6,TRUE,FALSE,FALSE,FALSE,FALSE,FALSE,FALSE,FALSE,FALSE,0,FALSE,FALSE,FALSE,FALSE,FALSE,0,0,FALSE,2026-09-15T16:13:25.309663Z
7019,2026_01_NE_SEA,2026,1,1153363,557,R,S,1,6,FALSE,FALSE,FALSE,FALSE,FALSE,FALSE,FALSE,FALSE,FALSE,0,FALSE,FALSE,FALSE,FALSE,FALSE,0,0,FALSE,2026-09-15T16:13:25.309663Z
7019,2026_01_NE_SEA,2026,1,1153364,587,0,0,0,0,FALSE,FALSE,FALSE,FALSE,FALSE,FALSE,FALSE,FALSE,FALSE,0,FALSE,FALSE,FALSE,FALSE,FALSE,0,0,FALSE,2026-09-15T16:13:25.309663Z
7019,2026_01_NE_SEA,2026,1,1153365,613,L,S,1,6,FALSE,FALSE,FALSE,FALSE,FALSE,FALSE,FALSE,FALSE,FALSE,CHK,TRUE,FALSE,FALSE,FALSE,FALSE,0,4,FALSE,2026-09-15T16:13:25.309663Z
7019,2026_01_NE_SEA,2026,1,1153366,638,R,U,1,7,FALSE,FALSE,FALSE,FALSE,FALSE,FALSE,FALSE,FALSE,FALSE,0,FALSE,FALSE,FALSE,FALSE,TRUE,0,0,FALSE,2026-09-15T16:13:25.309663Z
7019,2026_01_NE_SEA,2026,1,1153367,660,R,S,1,7,FALSE,FALSE,TRUE,FALSE,FALSE,FALSE,TRUE,FALSE,FALSE,1,TRUE,FALSE,FALSE,FALSE,FALSE,1,5,FALSE,2026-09-15T16:13:25.309663Z
7019,2026_01_NE_SEA,2026,1,1153368,690,L,U,2,7,FALSE,TRUE,FALSE,FALSE,FALSE,FALSE,FALSE,FALSE,FALSE,0,FALSE,FALSE,FALSE,FALSE,FALSE,0,0,FALSE,2026-09-15T16:13:25.309663Z
7019,2026_01_NE_SEA,2026,1,1153369,712,R,U,2,7,FALSE,TRUE,FALSE,FALSE,FALSE,FALSE,FALSE,FALSE,FALSE,0,FALSE,FALSE,FALSE,FALSE,FALSE,0,0,FALSE,2026-09-15T16:13:25.309663Z
7019,2026_01_NE_SEA,2026,1,1153370,734,0,0,0,0,FALSE,FALSE,FALSE,FALSE,FALSE,FALSE,FALSE,FALSE,FALSE,0,FALSE,FALSE,FALSE,FALSE,FALSE,0,0,FALSE,2026-09-15T16:13:25.309663Z
7019,2026_01_NE_SEA,2026,1,1153371,761,R,S,1,6,FALSE,TRUE,FALSE,FALSE,FALSE,FALSE,FALSE,FALSE,FALSE,0,FALSE,FALSE,FALSE,FALSE,FALSE,0,0,FALSE,2026-09-15T16:13:25.309663Z
7019,2026_01_NE_SEA,2026,1,1153372,788,R,U,2,6,FALSE,TRUE,FALSE,FALSE,FALSE,FALSE,FALSE,FALSE,FALSE,0,FALSE,FALSE,FALSE,FALSE,FALSE,0,0,FALSE,2026-09-15T16:13:25.309663Z
7019,2026_01_NE_SEA,2026,1,1153373,813,R,U,2,6,FALSE,TRUE,FALSE,FALSE,FALSE,FALSE,FALSE,FALSE,FALSE,0,FALSE,FALSE,FALSE,FALSE,FALSE,0,0,FALSE,2026-09-15T16:13:25.309663Z
7019,2026_01_NE_SEA,2026,1,1153374,855,R,S,1,6,FALSE,TRUE,FALSE,FALSE,FALSE,FALSE,FALSE,TRUE,FALSE,1,FALSE,FALSE,FALSE,FALSE,FALSE,1,5,FALSE,2026-09-15T16:13:25.309663Z
7019,2026_01_NE_SEA,2026,1,1153375,878,0,0,0,0,FALSE,FALSE,FALSE,FALSE,FALSE,FALSE,FALSE,FALSE,FALSE,0,FALSE,FALSE,FALSE,FALSE,FALSE,0,0,FALSE,2026-09-15T16:13:25.309663Z
7019,2026_01_NE_SEA,2026,1,1153376,898,R,U,2,7,FALSE,FALSE,FALSE,FALSE,FALSE,FALSE,FALSE,FALSE,FALSE,0,FALSE,FALSE,FALSE,FALSE,FALSE,0,0,FALSE,2026-09-15T16:13:25.309663Z
7019,2026_01_NE_SEA,2026,1,1153377,920,R,U,1,7,FALSE,FALSE,FALSE,FALSE,FALSE,FALSE,FALSE,FALSE,FALSE,0,FALSE,FALSE,FALSE,FALSE,FALSE,0,0,FALSE,2026-09-15T16:13:25.309663Z
7019,2026_01_NE_SEA,2026,1,1153378,942,R,S,1,6,FALSE,TRUE,FALSE,FALSE,FALSE,FALSE,FALSE,FALSE,FALSE,1,TRUE,FALSE,FALSE,FALSE,FALSE,0,4,FALSE,2026-09-15T16:13:25.309663Z
7019,2026_01_NE_SEA,2026,1,1153379,972,L,U,1,7,FALSE,FALSE,TRUE,FALSE,FALSE,FALSE,FALSE,FALSE,FALSE,CHK,TRUE,FALSE,FALSE,FALSE,FALSE,2,6,FALSE,2026-09-15T16:13:25.309663Z
7019,2026_01_NE_SEA,2026,1,1153380,997,L,U,2,7,FALSE,FALSE,FALSE,FALSE,FALSE,FALSE,FALSE,FALSE,FALSE,0,FALSE,FALSE,FALSE,FALSE,FALSE,0,0,FALSE,2026-09-15T16:13:25.309663Z
7019,2026_01_NE_SEA,2026,1,1153381,1019,L,S,1,6,FALSE,FALSE,FALSE,FALSE,FALSE,FALSE,TRUE,FALSE,FALSE,SD,FALSE,FALSE,FALSE,FALSE,FALSE,0,4,FALSE,2026-09-15T16:13:25.309663Z
7019,2026_01_NE_SEA,2026,1,1153382,1046,R,S,1,8,FALSE,FALSE,FALSE,FALSE,FALSE,FALSE,FALSE,FALSE,FALSE,1,TRUE,FALSE,FALSE,FALSE,FALSE,1,4,FALSE,2026-09-15T16:13:25.309663Z
7019,2026_01_NE_SEA,2026,1,1153383,1071,R,U,1,6,FALSE,FALSE,FALSE,FALSE,FALSE,FALSE,FALSE,FALSE,FALSE,0,FALSE,FALSE,FALSE,FALSE,FALSE,0,0,FALSE,2026-09-15T16:13:25.309663Z
7019,2026_01_NE_SEA,2026,1,1153384,1093,R,S,1,6,FALSE,FALSE,FALSE,TRUE,FALSE,FALSE,FALSE,FALSE,FALSE,DES,TRUE,FALSE,FALSE,FALSE,FALSE,0,4,FALSE,2026-09-15T16:13:25.309663Z
7019,2026_01_NE_SEA,2026,1,1153385,1118,L,U,2,8,FALSE,TRUE,TRUE,FALSE,FALSE,TRUE,FALSE,FALSE,FALSE,1,FALSE,TRUE,FALSE,FALSE,FALSE,1,5,FALSE,2026-09-15T16:13:25.309663Z
7019,2026_01_NE_SEA,2026,1,1153386,1152,L,U,1,11,FALSE,TRUE,FALSE,FALSE,FALSE,FALSE,FALSE,FALSE,FALSE,1,TRUE,FALSE,FALSE,FALSE,FALSE,0,6,FALSE,2026-09-15T16:13:25.309663Z
7019,2026_01_NE_SEA,2026,1,1153387,1180,0,0,0,0,FALSE,FALSE,FALSE,FALSE,FALSE,FALSE,FALSE,FALSE,FALSE,0,FALSE,FALSE,FALSE,FALSE,FALSE,0,0,FALSE,2026-09-15T16:13:25.309663Z
7019,2026_01_NE_SEA,2026,1,1153388,1195,0,0,0,0,FALSE,FALSE,FALSE,FALSE,FALSE,FALSE,FALSE,FALSE,FALSE,0,FALSE,FALSE,FALSE,FALSE,FALSE,0,0,FALSE,2026-09-15T16:13:25.309663Z
7019,2026_01_NE_SEA,2026,1,1153389,1225,R,U,1,7,FALSE,TRUE,TRUE,FALSE,FALSE,FALSE,FALSE,FALSE,FALSE,CHK,TRUE,FALSE,FALSE,FALSE,FALSE,1,5,FALSE,2026-09-15T16:13:25.309663Z
7019,2026_01_NE_SEA,2026,1,1153390,1255,L,U,1,6,FALSE,TRUE,FALSE,FALSE,FALSE,FALSE,FALSE,FALSE,FALSE,0,FALSE,FALSE,FALSE,FALSE,FALSE,0,0,FALSE,2026-09-15T16:13:25.309663Z
7019,2026_01_NE_SEA,2026,1,1153391,1277,R,U,1,7,FALSE,TRUE,TRUE,FALSE,FALSE,FALSE,FALSE,FALSE,FALSE,SD,FALSE,FALSE,FALSE,FALSE,FALSE,0,4,FALSE,2026-09-15T16:13:25.309663Z
7019,2026_01_NE_SEA,2026,1,1153392,1297,0,0,0,0,FALSE,FALSE,FALSE,FALSE,FALSE,FALSE,FALSE,FALSE,FALSE,0,FALSE,FALSE,FALSE,FALSE,FALSE,0,0,FALSE,2026-09-15T16:13:25.309663Z
7019,2026_01_NE_SEA,2026,1,1153393,1321,L,S,1,6,FALSE,FALSE,FALSE,TRUE,FALSE,FALSE,FALSE,FALSE,FALSE,DES,TRUE,FALSE,FALSE,FALSE,FALSE,0,4,FALSE,2026-09-15T16:13:25.309663Z
7019,2026_01_NE_SEA,2026,1,1153394,1346,0,0,0,0,FALSE,FALSE,FALSE,FALSE,FALSE,FALSE,FALSE,FALSE,FALSE,0,FALSE,FALSE,FALSE,FALSE,FALSE,0,0,FALSE,2026-09-15T16:13:25.309663Z
7019,2026_01_NE_SEA,2026,1,1153395,1370,R,S,1,4,FALSE,TRUE,FALSE,FALSE,FALSE,FALSE,FALSE,FALSE,FALSE,1,TRUE,FALSE,FALSE,FALSE,FALSE,0,4,FALSE,2026-09-15T16:13:25.309663Z
7019,2026_01_NE_SEA,2026,1,1153396,1395,0,0,0,0,FALSE,FALSE,FALSE,FALSE,FALSE,FALSE,FALSE,FALSE,FALSE,0,FALSE,FALSE,FALSE,FALSE,FALSE,0,0,FALSE,2026-09-15T16:13:25.309663Z
7019,2026_01_NE_SEA,2026,1,1153397,1430,0,0,0,0,FALSE,FALSE,FALSE,FALSE,FALSE,FALSE,FALSE,FALSE,FALSE,0,FALSE,FALSE,FALSE,FALSE,FALSE,0,0,FALSE,2026-09-15T16:13:25.309663Z
7019,2026_01_NE_SEA,2026,1,1153398,1450,R,U,1,6,FALSE,TRUE,FALSE,FALSE,FALSE,FALSE,FALSE,FALSE,FALSE,0,FALSE,FALSE,FALSE,FALSE,FALSE,0,0,FALSE,2026-09-15T16:13:25.309663Z
7019,2026_01_NE_SEA,2026,1,1153399,1479,L,S,1,7,FALSE,FALSE,TRUE,TRUE,FALSE,FALSE,FALSE,FALSE,FALSE,DES,TRUE,FALSE,FALSE,FALSE,FALSE,0,4,FALSE,2026-09-15T16:13:25.309663Z
7019,2026_01_NE_SEA,2026,1,1153400,1504,R,S,1,8,FALSE,TRUE,FALSE,FALSE,FALSE,FALSE,FALSE,FALSE,FALSE,1,TRUE,FALSE,FALSE,FALSE,FALSE,2,5,FALSE,2026-09-15T16:13:25.309663Z
7019,2026_01_NE_SEA,2026,1,1153401,1529,M,U,2,7,FALSE,FALSE,FALSE,FALSE,FALSE,FALSE,FALSE,FALSE,FALSE,0,FALSE,FALSE,FALSE,FALSE,FALSE,0,0,FALSE,2026-09-15T16:13:25.309663Z
7019,2026_01_NE_SEA,2026,1,1153402,1551,L,S,0,6,FALSE,TRUE,FALSE,FALSE,FALSE,FALSE,TRUE,FALSE,FALSE,SD,FALSE,FALSE,FALSE,FALSE,FALSE,0,4,FALSE,2026-09-15T16:13:25.309663Z
7019,2026_01_NE_SEA,2026,1,1153403,1585,L,S,1,6,FALSE,TRUE,FALSE,FALSE,FALSE,FALSE,FALSE,FALSE,FALSE,0,FALSE,FALSE,FALSE,FALSE,FALSE,1,4,FALSE,2026-09-15T16:13:25.309663Z
7019,2026_01_NE_SEA,2026,1,1153404,1611,L,S,1,6,FALSE,TRUE,FALSE,TRUE,FALSE,FALSE,FALSE,FALSE,FALSE,DES,TRUE,FALSE,FALSE,FALSE,FALSE,0,4,FALSE,2026-09-15T16:13:25.309663Z
7019,2026_01_NE_SEA,2026,1,1153405,1636,L,S,1,6,FALSE,TRUE,FALSE,FALSE,FALSE,FALSE,FALSE,FALSE,FALSE,0,FALSE,FALSE,FALSE,FALSE,FALSE,0,0,FALSE,2026-09-15T16:13:25.309663Z
7019,2026_01_NE_SEA,2026,1,1153406,1658,0,0,0,0,FALSE,FALSE,FALSE,FALSE,FALSE,FALSE,FALSE,FALSE,FALSE,0,FALSE,FALSE,FALSE,FALSE,FALSE,0,0,FALSE,2026-09-15T16:13:25.309663Z
7019,2026_01_NE_SEA,2026,1,1153407,1665,0,0,0,0,FALSE,FALSE,FALSE,FALSE,FALSE,FALSE,FALSE,FALSE,FALSE,0,FALSE,FALSE,FALSE,FALSE,FALSE,0,0,FALSE,2026-09-15T16:13:25.309663Z
7019,2026_01_NE_SEA,2026,1,1153408,1685,R,S,1,6,FALSE,FALSE,FALSE,FALSE,FALSE,FALSE,FALSE,FALSE,FALSE,0,FALSE,FALSE,FALSE,FALSE,FALSE,0,0,FALSE,2026-09-15T16:13:25.309663Z
7019,2026_01_NE_SEA,2026,1,1153409,1726,0,0,0,0,FALSE,FALSE,FALSE,FALSE,FALSE,FALSE,FALSE,FALSE,FALSE,0,FALSE,FALSE,FALSE,FALSE,FALSE,0,0,FALSE,2026-09-15T16:13:25.309663Z
7019,2026_01_NE_SEA,2026,1,1153410,1714,R,U,2,6,FALSE,TRUE,FALSE,FALSE,FALSE,FALSE,FALSE,FALSE,FALSE,0,FALSE,FALSE,FALSE,FALSE,FALSE,0,0,FALSE,2026-09-15T16:13:25.309663Z
7019,2026_01_NE_SEA,2026,1,1153411,1748,0,0,0,0,FALSE,FALSE,FALSE,FALSE,FALSE,FALSE,FALSE,FALSE,FALSE,0,FALSE,FALSE,FALSE,FALSE,FALSE,0,0,FALSE,2026-09-15T16:13:25.309663Z
7019,2026_01_NE_SEA,2026,1,1153412,1755,R,S,1,6,FALSE,FALSE,FALSE,FALSE,FALSE,FALSE,FALSE,FALSE,FALSE,1,TRUE,FALSE,FALSE,FALSE,FALSE,0,4,FALSE,2026-09-15T16:13:25.309663Z
7019,2026_01_NE_SEA,2026,1,1153413,1792,0,0,0,0,FALSE,FALSE,FALSE,FALSE,FALSE,FALSE,FALSE,FALSE,FALSE,0,FALSE,FALSE,FALSE,FALSE,FALSE,0,0,FALSE,2026-09-15T16:13:25.309663Z
7019,2026_01_NE_SEA,2026,1,1153414,1780,R,S,1,6,FALSE,FALSE,FALSE,FALSE,FALSE,FALSE,FALSE,FALSE,FALSE,CHK,TRUE,FALSE,FALSE,FALSE,FALSE,0,4,FALSE,2026-09-15T16:13:25.309663Z
7019,2026_01_NE_SEA,2026,1,1153415,1824,0,0,0,0,FALSE,FALSE,FALSE,FALSE,FALSE,FALSE,FALSE,FALSE,FALSE,0,FALSE,FALSE,FALSE,FALSE,FALSE,0,0,FALSE,2026-09-15T16:13:25.309663Z
7019,2026_01_NE_SEA,2026,1,1153416,1812,L,S,1,4,FALSE,FALSE,FALSE,FALSE,FALSE,FALSE,TRUE,FALSE,FALSE,SD,FALSE,FALSE,FALSE,FALSE,FALSE,0,4,FALSE,2026-09-15T16:13:25.309663Z
7019,2026_01_NE_SEA,2026,1,1153417,1859,L,S,1,6,FALSE,TRUE,FALSE,FALSE,FALSE,FALSE,FALSE,FALSE,FALSE,0,FALSE,FALSE,FALSE,FALSE,FALSE,0,0,FALSE,2026-09-15T16:13:25.309663Z
7019,2026_01_NE_SEA,2026,1,1153418,1901,0,0,0,0,FALSE,FALSE,FALSE,FALSE,FALSE,FALSE,FALSE,FALSE,FALSE,0,FALSE,FALSE,FALSE,FALSE,FALSE,0,0,FALSE,2026-09-15T16:13:25.309663Z
7019,2026_01_NE_SEA,2026,1,1153419,1934,R,U,1,7,FALSE,FALSE,TRUE,FALSE,FALSE,FALSE,TRUE,FALSE,FALSE,1,TRUE,TRUE,FALSE,FALSE,FALSE,0,4,FALSE,2026-09-15T16:13:25.309663Z
7019,2026_01_NE_SEA,2026,1,1153420,1959,R,S,1,5,FALSE,TRUE,FALSE,FALSE,FALSE,FALSE,TRUE,FALSE,TRUE,SD,FALSE,FALSE,FALSE,FALSE,FALSE,0,4,FALSE,2026-09-15T16:13:25.309663Z
7019,2026_01_NE_SEA,2026,1,1153421,1987,R,S,2,6,FALSE,FALSE,FALSE,FALSE,TRUE,FALSE,FALSE,FALSE,FALSE,0,FALSE,FALSE,FALSE,FALSE,FALSE,0,0,FALSE,2026-09-15T16:13:25.309663Z
7019,2026_01_NE_SEA,2026,1,1153422,2009,R,S,1,6,FALSE,TRUE,FALSE,FALSE,FALSE,FALSE,FALSE,FALSE,FALSE,1,FALSE,TRUE,FALSE,FALSE,FALSE,1,5,FALSE,2026-09-15T16:13:25.309663Z
7019,2026_01_NE_SEA,2026,1,1153423,2032,0,0,0,0,FALSE,FALSE,FALSE,FALSE,FALSE,FALSE,FALSE,FALSE,FALSE,0,FALSE,FALSE,FALSE,FALSE,FALSE,0,0,FALSE,2026-09-15T16:13:25.309663Z
7019,2026_01_NE_SEA,2026,1,1153424,2073,R,U,2,7,FALSE,TRUE,FALSE,FALSE,FALSE,FALSE,FALSE,FALSE,FALSE,0,FALSE,FALSE,FALSE,FALSE,FALSE,0,0,FALSE,2026-09-15T16:13:25.309663Z
7019,2026_01_NE_SEA,2026,1,1153425,2095,L,S,1,6,FALSE,TRUE,FALSE,TRUE,FALSE,FALSE,FALSE,FALSE,FALSE,DES,FALSE,TRUE,FALSE,FALSE,FALSE,0,4,FALSE,2026-09-15T16:13:25.309663Z
7019,2026_01_NE_SEA,2026,1,1153426,2120,L,S,1,6,FALSE,FALSE,FALSE,TRUE,FALSE,FALSE,FALSE,FALSE,FALSE,DES,TRUE,FALSE,FALSE,FALSE,FALSE,0,4,FALSE,2026-09-15T16:13:25.309663Z
7019,2026_01_NE_SEA,2026,1,1153427,2163,0,0,0,0,FALSE,FALSE,FALSE,FALSE,FALSE,FALSE,FALSE,FALSE,FALSE,0,FALSE,FALSE,FALSE,FALSE,FALSE,0,0,FALSE,2026-09-15T16:13:25.309663Z
7019,2026_01_NE_SEA,2026,1,1153428,2183,0,0,0,0,FALSE,FALSE,FALSE,FALSE,FALSE,FALSE,FALSE,FALSE,FALSE,0,FALSE,FALSE,FALSE,FALSE,FALSE,0,0,FALSE,2026-09-15T16:13:25.309663Z
7019,2026_01_NE_SEA,2026,1,1153429,2213,L,U,2,8,FALSE,TRUE,TRUE,FALSE,FALSE,FALSE,FALSE,FALSE,FALSE,CHK,TRUE,FALSE,FALSE,FALSE,FALSE,0,4,FALSE,2026-09-15T16:13:25.309663Z
7019,2026_01_NE_SEA,2026,1,1153430,2238,M,U,2,6,FALSE,TRUE,FALSE,FALSE,FALSE,FALSE,FALSE,FALSE,FALSE,0,FALSE,FALSE,FALSE,FALSE,FALSE,0,0,FALSE,2026-09-15T16:13:25.309663Z
7019,2026_01_NE_SEA,2026,1,1153431,2260,L,S,1,7,FALSE,TRUE,FALSE,FALSE,FALSE,FALSE,FALSE,FALSE,FALSE,1,FALSE,TRUE,FALSE,FALSE,FALSE,1,4,FALSE,2026-09-15T16:13:25.309663Z
7019,2026_01_NE_SEA,2026,1,1153432,2283,0,0,0,0,FALSE,FALSE,FALSE,FALSE,FALSE,FALSE,FALSE,FALSE,FALSE,0,FALSE,FALSE,FALSE,FALSE,FALSE,0,0,FALSE,2026-09-15T16:13:25.309663Z
7019,2026_01_NE_SEA,2026,1,1153433,2307,L,S,1,7,FALSE,TRUE,FALSE,FALSE,FALSE,FALSE,FALSE,FALSE,FALSE,DES,TRUE,FALSE,FALSE,FALSE,FALSE,2,5,FALSE,2026-09-15T16:13:25.309663Z
7019,2026_01_NE_SEA,2026,1,1153434,2332,0,0,0,0,FALSE,FALSE,FALSE,FALSE,FALSE,FALSE,FALSE,FALSE,FALSE,0,FALSE,FALSE,FALSE,FALSE,FALSE,0,0,FALSE,2026-09-15T16:13:25.309663Z
7019,2026_01_NE_SEA,2026,1,1153435,2359,L,U,1,6,FALSE,TRUE,FALSE,FALSE,FALSE,FALSE,FALSE,FALSE,FALSE,0,FALSE,FALSE,FALSE,FALSE,FALSE,0,0,FALSE,2026-09-15T16:13:25.309663Z
7019,2026_01_NE_SEA,2026,1,1153436,2381,L,S,0,6,FALSE,TRUE,FALSE,FALSE,FALSE,FALSE,FALSE,FALSE,FALSE,1,TRUE,FALSE,FALSE,FALSE,FALSE,1,4,FALSE,2026-09-15T16:13:25.309663Z
7019,2026_01_NE_SEA,2026,1,1153437,2406,R,S,1,6,FALSE,FALSE,FALSE,FALSE,FALSE,FALSE,FALSE,FALSE,FALSE,CHK,TRUE,FALSE,FALSE,FALSE,FALSE,0,4,FALSE,2026-09-15T16:13:25.309663Z
7019,2026_01_NE_SEA,2026,1,1153438,2431,0,0,0,0,FALSE,FALSE,FALSE,FALSE,FALSE,FALSE,FALSE,FALSE,FALSE,0,FALSE,FALSE,FALSE,FALSE,FALSE,0,0,FALSE,2026-09-15T16:13:25.309663Z
7019,2026_01_NE_SEA,2026,1,1153439,2455,0,0,0,0,FALSE,FALSE,FALSE,FALSE,FALSE,FALSE,FALSE,FALSE,FALSE,0,FALSE,FALSE,FALSE,FALSE,FALSE,0,0,FALSE,2026-09-15T16:13:25.309663Z
7019,2026_01_NE_SEA,2026,1,1153440,2488,R,S,1,6,FALSE,TRUE,TRUE,FALSE,FALSE,FALSE,TRUE,FALSE,FALSE,SD,TRUE,FALSE,FALSE,FALSE,FALSE,1,5,FALSE,2026-09-15T16:13:25.309663Z
7019,2026_01_NE_SEA,2026,1,1153441,2525,0,0,0,0,FALSE,FALSE,FALSE,FALSE,FALSE,FALSE,FALSE,FALSE,FALSE,0,FALSE,FALSE,FALSE,FALSE,FALSE,0,0,FALSE,2026-09-15T16:13:25.309663Z
7019,2026_01_NE_SEA,2026,1,1153442,2513,R,S,0,6,FALSE,TRUE,FALSE,FALSE,FALSE,FALSE,FALSE,FALSE,FALSE,1,TRUE,FALSE,FALSE,FALSE,FALSE,1,5,FALSE,2026-09-15T16:13:25.309663Z
7019,2026_01_NE_SEA,2026,1,1153443,2550,L,S,1,6,FALSE,TRUE,FALSE,FALSE,FALSE,FALSE,FALSE,FALSE,FALSE,1,TRUE,FALSE,TRUE,FALSE,FALSE,2,6,FALSE,2026-09-15T16:13:25.309663Z
7019,2026_01_NE_SEA,2026,1,1153444,2575,R,P,1,6,FALSE,TRUE,FALSE,FALSE,FALSE,FALSE,FALSE,FALSE,FALSE,0,FALSE,FALSE,FALSE,FALSE,FALSE,0,0,FALSE,2026-09-15T16:13:25.309663Z
7019,2026_01_NE_SEA,2026,1,1153445,2597,M,S,1,6,FALSE,FALSE,FALSE,FALSE,FALSE,FALSE,FALSE,FALSE,FALSE,0,FALSE,FALSE,FALSE,FALSE,FALSE,0,0,FALSE,2026-09-15T16:13:25.309663Z
7019,2026_01_NE_SEA,2026,1,1153446,2619,R,S,1,7,FALSE,TRUE,FALSE,FALSE,FALSE,FALSE,FALSE,FALSE,FALSE,1,TRUE,FALSE,FALSE,FALSE,FALSE,3,8,FALSE,2026-09-15T16:13:25.309663Z
7019,2026_01_NE_SEA,2026,1,1153447,2656,R,S,1,7,FALSE,FALSE,FALSE,FALSE,FALSE,FALSE,FALSE,FALSE,FALSE,1,FALSE,FALSE,FALSE,FALSE,FALSE,3,7,FALSE,2026-09-15T16:13:25.309663Z
7019,2026_01_NE_SEA,2026,1,1153448,2679,0,0,0,0,FALSE,FALSE,FALSE,FALSE,FALSE,FALSE,FALSE,FALSE,FALSE,0,FALSE,FALSE,FALSE,FALSE,FALSE,0,0,FALSE,2026-09-15T16:13:25.309663Z
7019,2026_01_NE_SEA,2026,1,1153449,2699,0,0,0,0,FALSE,FALSE,FALSE,FALSE,FALSE,FALSE,FALSE,FALSE,FALSE,0,FALSE,FALSE,FALSE,FALSE,FALSE,0,0,FALSE,2026-09-15T16:13:25.309663Z
7019,2026_01_NE_SEA,2026,1,1153450,2729,0,0,0,0,FALSE,FALSE,FALSE,FALSE,FALSE,FALSE,FALSE,FALSE,FALSE,0,FALSE,FALSE,FALSE,FALSE,FALSE,0,0,FALSE,2026-09-15T16:13:25.309663Z
7019,2026_01_NE_SEA,2026,1,1153451,2753,R,U,2,6,FALSE,TRUE,TRUE,FALSE,FALSE,FALSE,FALSE,FALSE,FALSE,CHK,TRUE,FALSE,FALSE,FALSE,FALSE,1,5,FALSE,2026-09-15T16:13:25.309663Z
7019,2026_01_NE_SEA,2026,1,1153452,2783,L,U,2,7,FALSE,TRUE,FALSE,FALSE,FALSE,FALSE,FALSE,FALSE,FALSE,0,FALSE,FALSE,FALSE,FALSE,FALSE,0,0,FALSE,2026-09-15T16:13:25.309663Z
7019,2026_01_NE_SEA,2026,1,1153453,2805,M,S,2,7,FALSE,TRUE,FALSE,FALSE,FALSE,FALSE,FALSE,FALSE,FALSE,0,FALSE,FALSE,FALSE,FALSE,FALSE,0,0,FALSE,2026-09-15T16:13:25.309663Z
7019,2026_01_NE_SEA,2026,1,1153454,2838,M,U,2,6,FALSE,TRUE,TRUE,FALSE,FALSE,FALSE,FALSE,FALSE,FALSE,CHK,TRUE,FALSE,FALSE,FALSE,FALSE,0,4,FALSE,2026-09-15T16:13:25.309663Z
7019,2026_01_NE_SEA,2026,1,1153455,2863,L,S,1,5,FALSE,FALSE,FALSE,TRUE,TRUE,FALSE,FALSE,FALSE,FALSE,DES,TRUE,FALSE,FALSE,FALSE,FALSE,2,6,FALSE,2026-09-15T16:13:25.309663Z
7019,2026_01_NE_SEA,2026,1,1153456,2908,R,U,1,6,FALSE,TRUE,FALSE,FALSE,FALSE,FALSE,FALSE,FALSE,FALSE,0,FALSE,FALSE,FALSE,FALSE,FALSE,0,0,FALSE,2026-09-15T16:13:25.309663Z
7019,2026_01_NE_SEA,2026,1,1153457,2945,R,U,1,6,FALSE,TRUE,TRUE,FALSE,FALSE,FALSE,FALSE,TRUE,FALSE,1,FALSE,TRUE,FALSE,FALSE,FALSE,0,4,FALSE,2026-09-15T16:13:25.309663Z
7019,2026_01_NE_SEA,2026,1,1153458,2972,R,U,2,7,FALSE,FALSE,TRUE,FALSE,FALSE,FALSE,FALSE,FALSE,FALSE,1,TRUE,FALSE,FALSE,FALSE,FALSE,1,5,FALSE,2026-09-15T16:13:25.309663Z
7019,2026_01_NE_SEA,2026,1,1153459,3002,R,U,3,6,FALSE,TRUE,FALSE,FALSE,FALSE,FALSE,FALSE,FALSE,FALSE,0,FALSE,FALSE,FALSE,FALSE,FALSE,0,0,FALSE,2026-09-15T16:13:25.309663Z
7019,2026_01_NE_SEA,2026,1,1153460,3024,L,U,1,6,FALSE,TRUE,FALSE,FALSE,FALSE,FALSE,FALSE,FALSE,FALSE,0,FALSE,FALSE,FALSE,FALSE,FALSE,0,0,FALSE,2026-09-15T16:13:25.309663Z
7019,2026_01_NE_SEA,2026,1,1153461,3046,L,U,2,7,FALSE,FALSE,FALSE,FALSE,FALSE,FALSE,FALSE,FALSE,FALSE,0,FALSE,FALSE,FALSE,FALSE,FALSE,0,0,FALSE,2026-09-15T16:13:25.309663Z
7019,2026_01_NE_SEA,2026,1,1153462,3070,R,U,2,8,FALSE,FALSE,TRUE,FALSE,FALSE,FALSE,FALSE,FALSE,FALSE,1,TRUE,FALSE,FALSE,FALSE,FALSE,0,5,FALSE,2026-09-15T16:13:25.309663Z
7019,2026_01_NE_SEA,2026,1,1153463,3096,0,0,0,0,FALSE,FALSE,FALSE,FALSE,FALSE,FALSE,FALSE,FALSE,FALSE,0,FALSE,FALSE,FALSE,FALSE,FALSE,0,0,FALSE,2026-09-15T16:13:25.309663Z
7019,2026_01_NE_SEA,2026,1,1153464,3111,0,0,0,0,FALSE,FALSE,FALSE,FALSE,FALSE,FALSE,FALSE,FALSE,FALSE,0,FALSE,FALSE,FALSE,FALSE,FALSE,0,0,FALSE,2026-09-15T16:13:25.309663Z
7019,2026_01_NE_SEA,2026,1,1153465,3152,L,U,1,7,FALSE,FALSE,FALSE,FALSE,FALSE,FALSE,FALSE,FALSE,FALSE,0,FALSE,FALSE,FALSE,FALSE,FALSE,0,0,FALSE,2026-09-15T16:13:25.309663Z
7019,2026_01_NE_SEA,2026,1,1153466,3174,M,U,1,7,FALSE,FALSE,FALSE,FALSE,FALSE,FALSE,FALSE,FALSE,FALSE,0,FALSE,FALSE,FALSE,FALSE,FALSE,0,0,FALSE,2026-09-15T16:13:25.309663Z
7019,2026_01_NE_SEA,2026,1,1153467,3196,L,U,1,7,FALSE,FALSE,FALSE,FALSE,FALSE,FALSE,FALSE,FALSE,FALSE,0,FALSE,FALSE,FALSE,FALSE,FALSE,0,0,FALSE,2026-09-15T16:13:25.309663Z
7019,2026_01_NE_SEA,2026,1,1153468,3218,L,S,1,6,FALSE,FALSE,FALSE,FALSE,FALSE,FALSE,TRUE,FALSE,FALSE,SD,TRUE,FALSE,FALSE,TRUE,FALSE,0,4,FALSE,2026-09-15T16:13:25.309663Z
7019,2026_01_NE_SEA,2026,1,1153469,3241,L,S,2,5,FALSE,FALSE,FALSE,FALSE,FALSE,FALSE,FALSE,TRUE,FALSE,1,FALSE,FALSE,FALSE,FALSE,FALSE,1,4,FALSE,2026-09-15T16:13:25.309663Z
7019,2026_01_NE_SEA,2026,1,1153470,3273,L,U,1,6,FALSE,TRUE,FALSE,FALSE,FALSE,FALSE,FALSE,FALSE,FALSE,0,FALSE,FALSE,FALSE,FALSE,FALSE,0,0,FALSE,2026-09-15T16:13:25.309663Z
7019,2026_01_NE_SEA,2026,1,1153471,3300,R,U,3,8,FALSE,TRUE,TRUE,FALSE,FALSE,FALSE,FALSE,FALSE,FALSE,1,TRUE,FALSE,FALSE,FALSE,FALSE,0,5,FALSE,2026-09-15T16:13:25.309663Z
7019,2026_01_NE_SEA,2026,1,1153472,3330,R,U,1,7,FALSE,FALSE,TRUE,FALSE,FALSE,FALSE,TRUE,FALSE,FALSE,1,TRUE,FALSE,FALSE,FALSE,FALSE,0,4,FALSE,2026-09-15T16:13:25.309663Z
7019,2026_01_NE_SEA,2026,1,1153473,3360,L,S,1,6,FALSE,TRUE,FALSE,FALSE,FALSE,FALSE,FALSE,FALSE,FALSE,1,TRUE,FALSE,FALSE,FALSE,FALSE,0,4,FALSE,2026-09-15T16:13:25.309663Z
7019,2026_01_NE_SEA,2026,1,1153474,3385,0,0,0,0,FALSE,FALSE,FALSE,FALSE,FALSE,FALSE,FALSE,FALSE,FALSE,0,FALSE,FALSE,FALSE,FALSE,FALSE,0,0,FALSE,2026-09-15T16:13:25.309663Z
7019,2026_01_NE_SEA,2026,1,1153475,3409,R,U,1,7,FALSE,FALSE,TRUE,FALSE,FALSE,FALSE,TRUE,FALSE,FALSE,SD,FALSE,FALSE,FALSE,FALSE,FALSE,0,4,FALSE,2026-09-15T16:13:25.309663Z
7019,2026_01_NE_SEA,2026,1,1153476,3436,0,0,0,0,FALSE,FALSE,FALSE,FALSE,FALSE,FALSE,FALSE,FALSE,FALSE,0,FALSE,FALSE,FALSE,FALSE,FALSE,0,0,FALSE,2026-09-15T16:13:25.309663Z
7019,2026_01_NE_SEA,2026,1,1153477,3460,L,S,1,6,FALSE,FALSE,FALSE,FALSE,FALSE,FALSE,FALSE,FALSE,FALSE,1,FALSE,TRUE,FALSE,FALSE,FALSE,0,4,FALSE,2026-09-15T16:13:25.309663Z
7019,2026_01_NE_SEA,2026,1,1153478,3483,L,S,2,6,FALSE,FALSE,FALSE,FALSE,FALSE,FALSE,FALSE,FALSE,FALSE,1,FALSE,TRUE,FALSE,FALSE,FALSE,2,6,FALSE,2026-09-15T16:13:25.309663Z
7019,2026_01_NE_SEA,2026,1,1153479,3506,0,0,0,0,FALSE,FALSE,FALSE,FALSE,FALSE,FALSE,FALSE,FALSE,FALSE,0,FALSE,FALSE,FALSE,FALSE,FALSE,0,0,FALSE,2026-09-15T16:13:25.309663Z
7019,2026_01_NE_SEA,2026,1,1153480,3526,0,0,0,0,FALSE,FALSE,FALSE,FALSE,FALSE,FALSE,FALSE,FALSE,FALSE,0,FALSE,FALSE,FALSE,FALSE,FALSE,0,0,FALSE,2026-09-15T16:13:25.309663Z
7019,2026_01_NE_SEA,2026,1,1153481,3556,L,U,2,6,FALSE,TRUE,FALSE,FALSE,FALSE,FALSE,FALSE,FALSE,FALSE,0,FALSE,FALSE,FALSE,FALSE,FALSE,0,0,FALSE,2026-09-15T16:13:25.309663Z
7019,2026_01_NE_SEA,2026,1,1153482,3589,L,S,0,5,FALSE,TRUE,FALSE,FALSE,FALSE,FALSE,FALSE,FALSE,FALSE,0,FALSE,FALSE,FALSE,FALSE,FALSE,0,4,FALSE,2026-09-15T16:13:25.309663Z
7019,2026_01_NE_SEA,2026,1,1153483,3609,L,S,2,6,FALSE,FALSE,FALSE,FALSE,FALSE,FALSE,FALSE,FALSE,FALSE,1,TRUE,TRUE,FALSE,FALSE,FALSE,0,4,FALSE,2026-09-15T16:13:25.309663Z
7019,2026_01_NE_SEA,2026,1,1153484,3634,R,S,1,6,FALSE,TRUE,FALSE,FALSE,FALSE,FALSE,TRUE,FALSE,FALSE,SD,FALSE,TRUE,FALSE,FALSE,FALSE,1,4,FALSE,2026-09-15T16:13:25.309663Z
7019,2026_01_NE_SEA,2026,1,1153485,3657,R,S,1,7,FALSE,FALSE,FALSE,FALSE,FALSE,FALSE,TRUE,FALSE,FALSE,SD,FALSE,FALSE,FALSE,FALSE,FALSE,0,3,FALSE,2026-09-15T16:13:25.309663Z
7019,2026_01_NE_SEA,2026,1,1153486,3684,R,U,2,6,FALSE,TRUE,FALSE,FALSE,FALSE,FALSE,FALSE,FALSE,FALSE,0,FALSE,FALSE,FALSE,FALSE,FALSE,0,0,FALSE,2026-09-15T16:13:25.309663Z
7019,2026_01_NE_SEA,2026,1,1153487,3706,R,S,1,6,FALSE,FALSE,TRUE,FALSE,FALSE,FALSE,TRUE,FALSE,FALSE,SD,FALSE,FALSE,FALSE,FALSE,FALSE,0,4,FALSE,2026-09-15T16:13:25.309663Z
7019,2026_01_NE_SEA,2026,1,1153488,3740,R,S,1,7,FALSE,FALSE,FALSE,FALSE,FALSE,FALSE,FALSE,FALSE,FALSE,1,TRUE,FALSE,FALSE,FALSE,FALSE,2,5,FALSE,2026-09-15T16:13:25.309663Z
7019,2026_01_NE_SEA,2026,1,1153489,3765,R,S,2,6,FALSE,TRUE,FALSE,FALSE,FALSE,FALSE,TRUE,FALSE,FALSE,SD,FALSE,FALSE,FALSE,FALSE,FALSE,3,5,FALSE,2026-09-15T16:13:25.309663Z
7019,2026_01_NE_SEA,2026,1,1153490,3785,R,S,2,5,FALSE,FALSE,FALSE,FALSE,FALSE,FALSE,FALSE,FALSE,FALSE,CHK,TRUE,FALSE,FALSE,FALSE,FALSE,0,4,FALSE,2026-09-15T16:13:25.309663Z
7019,2026_01_NE_SEA,2026,1,1153491,3834,0,0,0,0,FALSE,FALSE,FALSE,FALSE,FALSE,FALSE,FALSE,FALSE,FALSE,0,FALSE,FALSE,FALSE,FALSE,FALSE,0,0,FALSE,2026-09-15T16:13:25.309663Z
7019,2026_01_NE_SEA,2026,1,1153492,3810,L,S,2,5,FALSE,FALSE,FALSE,FALSE,FALSE,FALSE,FALSE,FALSE,FALSE,1,TRUE,FALSE,FALSE,FALSE,FALSE,0,4,FALSE,2026-09-15T16:13:25.309663Z
7019,2026_01_NE_SEA,2026,1,1153493,3854,R,U,2,6,FALSE,TRUE,FALSE,FALSE,FALSE,FALSE,FALSE,FALSE,FALSE,0,FALSE,FALSE,FALSE,FALSE,FALSE,0,0,FALSE,2026-09-15T16:13:25.309663Z
7019,2026_01_NE_SEA,2026,1,1153494,3876,0,0,0,0,FALSE,FALSE,FALSE,FALSE,FALSE,FALSE,FALSE,FALSE,FALSE,0,FALSE,FALSE,FALSE,FALSE,FALSE,0,0,FALSE,2026-09-15T16:13:25.309663Z
7019,2026_01_NE_SEA,2026,1,1153495,3883,M,U,1,6,FALSE,TRUE,FALSE,FALSE,FALSE,FALSE,FALSE,FALSE,FALSE,1,TRUE,FALSE,FALSE,FALSE,FALSE,0,4,FALSE,2026-09-15T16:13:25.309663Z
7019,2026_01_NE_SEA,2026,1,1153496,3920,0,0,0,0,FALSE,FALSE,FALSE,FALSE,FALSE,FALSE,FALSE,FALSE,FALSE,0,FALSE,FALSE,FALSE,FALSE,FALSE,0,0,FALSE,2026-09-15T16:13:25.309663Z
7019,2026_01_NE_SEA,2026,1,1153497,3908,L,U,2,8,FALSE,FALSE,TRUE,FALSE,FALSE,FALSE,TRUE,FALSE,FALSE,SD,FALSE,FALSE,FALSE,FALSE,FALSE,0,5,FALSE,2026-09-15T16:13:25.309663Z
7019,2026_01_NE_SEA,2026,1,1153498,3944,L,S,1,6,FALSE,TRUE,FALSE,FALSE,FALSE,FALSE,TRUE,FALSE,FALSE,0,FALSE,FALSE,FALSE,FALSE,FALSE,0,4,FALSE,2026-09-15T16:13:25.309663Z
7019,2026_01_NE_SEA,2026,1,1153499,3976,0,0,0,0,FALSE,FALSE,FALSE,FALSE,FALSE,FALSE,FALSE,FALSE,FALSE,0,FALSE,FALSE,FALSE,FALSE,FALSE,0,0,FALSE,2026-09-15T16:13:25.309663Z
7019,2026_01_NE_SEA,2026,1,1153500,3964,R,S,1,6,FALSE,FALSE,FALSE,FALSE,FALSE,FALSE,FALSE,FALSE,FALSE,1,TRUE,FALSE,FALSE,FALSE,FALSE,0,4,FALSE,2026-09-15T16:13:25.309663Z
7019,2026_01_NE_SEA,2026,1,1153501,4006,R,S,1,7,FALSE,TRUE,FALSE,FALSE,FALSE,FALSE,FALSE,TRUE,FALSE,1,FALSE,FALSE,FALSE,FALSE,FALSE,0,4,FALSE,2026-09-15T16:13:25.309663Z
7019,2026_01_NE_SEA,2026,1,1153502,4034,0,0,0,0,FALSE,FALSE,FALSE,FALSE,FALSE,FALSE,FALSE,FALSE,FALSE,0,FALSE,FALSE,FALSE,FALSE,FALSE,0,0,FALSE,2026-09-15T16:13:25.309663Z
7020,2026_01_SF_LA,2026,1,1153503,40,0,0,0,0,FALSE,FALSE,FALSE,FALSE,FALSE,FALSE,FALSE,FALSE,FALSE,0,FALSE,FALSE,FALSE,FALSE,FALSE,0,0,FALSE,2026-09-15T16:13:25.309663Z
7020,2026_01_SF_LA,2026,1,1153504,63,L,S,1,7,FALSE,FALSE,FALSE,FALSE,FALSE,FALSE,FALSE,TRUE,FALSE,2,FALSE,FALSE,FALSE,FALSE,FALSE,0,4,FALSE,2026-09-15T16:13:25.309663Z
7020,2026_01_SF_LA,2026,1,1153505,86,L,S,2,6,FALSE,TRUE,FALSE,FALSE,FALSE,FALSE,FALSE,FALSE,FALSE,0,FALSE,FALSE,FALSE,FALSE,FALSE,0,0,FALSE,2026-09-15T16:13:25.309663Z
7020,2026_01_SF_LA,2026,1,1153506,108,L,S,1,6,FALSE,FALSE,FALSE,FALSE,FALSE,FALSE,FALSE,FALSE,FALSE,1,TRUE,FALSE,FALSE,FALSE,FALSE,0,5,FALSE,2026-09-15T16:13:25.309663Z
7020,2026_01_SF_LA,2026,1,1153507,133,0,0,0,0,FALSE,FALSE,FALSE,FALSE,FALSE,FALSE,FALSE,FALSE,FALSE,0,FALSE,FALSE,FALSE,FALSE,FALSE,0,0,FALSE,2026-09-15T16:13:25.309663Z
7020,2026_01_SF_LA,2026,1,1153508,164,R,U,2,6,FALSE,TRUE,FALSE,FALSE,FALSE,FALSE,FALSE,FALSE,FALSE,0,FALSE,FALSE,FALSE,FALSE,FALSE,0,0,FALSE,2026-09-15T16:13:25.309663Z
7020,2026_01_SF_LA,2026,1,1153509,186,R,S,2,7,FALSE,TRUE,FALSE,FALSE,FALSE,FALSE,FALSE,FALSE,FALSE,1,TRUE,TRUE,FALSE,FALSE,FALSE,0,4,FALSE,2026-09-15T16:13:25.309663Z
7020,2026_01_SF_LA,2026,1,1153510,221,R,S,1,7,FALSE,TRUE,FALSE,FALSE,FALSE,FALSE,FALSE,FALSE,FALSE,1,TRUE,FALSE,FALSE,FALSE,FALSE,0,4,FALSE,2026-09-15T16:13:25.309663Z
7020,2026_01_SF_LA,2026,1,1153511,246,L,S,0,7,FALSE,TRUE,FALSE,TRUE,FALSE,FALSE,FALSE,FALSE,FALSE,DES,TRUE,FALSE,FALSE,FALSE,FALSE,0,4,FALSE,2026-09-15T16:13:25.309663Z
7020,2026_01_SF_LA,2026,1,1153512,271,L,U,1,7,FALSE,FALSE,TRUE,FALSE,FALSE,FALSE,TRUE,FALSE,FALSE,1,TRUE,FALSE,FALSE,FALSE,FALSE,1,5,FALSE,2026-09-15T16:13:25.309663Z
7020,2026_01_SF_LA,2026,1,1153513,305,R,U,2,6,FALSE,TRUE,FALSE,FALSE,FALSE,FALSE,FALSE,FALSE,FALSE,0,FALSE,FALSE,FALSE,FALSE,FALSE,0,0,FALSE,2026-09-15T16:13:25.309663Z
7020,2026_01_SF_LA,2026,1,1153514,327,L,U,2,7,FALSE,TRUE,FALSE,FALSE,FALSE,FALSE,FALSE,FALSE,FALSE,CHK,TRUE,FALSE,FALSE,FALSE,FALSE,0,4,FALSE,2026-09-15T16:13:25.309663Z
7020,2026_01_SF_LA,2026,1,1153515,352,L,S,0,6,FALSE,TRUE,FALSE,FALSE,FALSE,FALSE,FALSE,FALSE,FALSE,1,TRUE,FALSE,FALSE,FALSE,FALSE,0,4,FALSE,2026-09-15T16:13:25.309663Z
7020,2026_01_SF_LA,2026,1,1153516,377,R,S,1,7,FALSE,TRUE,FALSE,FALSE,FALSE,FALSE,FALSE,FALSE,FALSE,2,FALSE,FALSE,FALSE,FALSE,FALSE,0,4,FALSE,2026-09-15T16:13:25.309663Z
7020,2026_01_SF_LA,2026,1,1153517,400,R,U,2,8,FALSE,TRUE,TRUE,TRUE,FALSE,FALSE,FALSE,FALSE,FALSE,DES,TRUE,FALSE,FALSE,FALSE,FALSE,0,4,FALSE,2026-09-15T16:13:25.309663Z
7020,2026_01_SF_LA,2026,1,1153518,425,R,S,1,7,FALSE,TRUE,FALSE,FALSE,FALSE,FALSE,FALSE,FALSE,FALSE,1,TRUE,FALSE,FALSE,FALSE,FALSE,0,4,FALSE,2026-09-15T16:13:25.309663Z
7020,2026_01_SF_LA,2026,1,1153519,450,L,U,1,6,FALSE,FALSE,FALSE,TRUE,FALSE,FALSE,FALSE,FALSE,FALSE,DES,TRUE,FALSE,FALSE,FALSE,FALSE,0,4,FALSE,2026-09-15T16:13:25.309663Z
7020,2026_01_SF_LA,2026,1,1153520,475,R,U,0,5,FALSE,TRUE,FALSE,TRUE,FALSE,FALSE,FALSE,FALSE,FALSE,DES,TRUE,FALSE,FALSE,FALSE,FALSE,0,4,FALSE,2026-09-15T16:13:25.309663Z
7020,2026_01_SF_LA,2026,1,1153521,500,R,S,1,6,FALSE,TRUE,TRUE,FALSE,FALSE,FALSE,TRUE,FALSE,FALSE,SD,FALSE,FALSE,FALSE,FALSE,FALSE,0,4,FALSE,2026-09-15T16:13:25.309663Z
7020,2026_01_SF_LA,2026,1,1153522,523,0,0,0,0,FALSE,FALSE,FALSE,FALSE,FALSE,FALSE,FALSE,FALSE,FALSE,0,FALSE,FALSE,FALSE,FALSE,FALSE,0,0,FALSE,2026-09-15T16:13:25.309663Z
7020,2026_01_SF_LA,2026,1,1153523,543,0,0,0,0,FALSE,FALSE,FALSE,FALSE,FALSE,FALSE,FALSE,FALSE,FALSE,0,FALSE,FALSE,FALSE,FALSE,FALSE,0,0,FALSE,2026-09-15T16:13:25.309663Z
7020,2026_01_SF_LA,2026,1,1153524,573,L,U,1,7,FALSE,FALSE,FALSE,FALSE,FALSE,FALSE,FALSE,FALSE,FALSE,0,FALSE,FALSE,FALSE,FALSE,FALSE,0,0,FALSE,2026-09-15T16:13:25.309663Z
7020,2026_01_SF_LA,2026,1,1153525,595,M,U,1,7,FALSE,FALSE,FALSE,FALSE,FALSE,FALSE,FALSE,FALSE,FALSE,0,FALSE,FALSE,FALSE,FALSE,FALSE,0,0,FALSE,2026-09-15T16:13:25.309663Z
7020,2026_01_SF_LA,2026,1,1153526,617,L,U,1,8,FALSE,FALSE,FALSE,FALSE,FALSE,FALSE,FALSE,FALSE,FALSE,0,FALSE,FALSE,FALSE,FALSE,FALSE,0,0,FALSE,2026-09-15T16:13:25.309663Z
7020,2026_01_SF_LA,2026,1,1153527,640,L,U,1,6,FALSE,FALSE,TRUE,FALSE,FALSE,FALSE,FALSE,FALSE,FALSE,2,FALSE,FALSE,FALSE,FALSE,FALSE,0,4,FALSE,2026-09-15T16:13:25.309663Z
7020,2026_01_SF_LA,2026,1,1153528,663,L,S,1,6,FALSE,TRUE,FALSE,FALSE,FALSE,FALSE,FALSE,FALSE,FALSE,CHK,TRUE,FALSE,FALSE,FALSE,FALSE,0,4,FALSE,2026-09-15T16:13:25.309663Z
7020,2026_01_SF_LA,2026,1,1153529,688,L,S,1,7,FALSE,TRUE,FALSE,FALSE,FALSE,FALSE,FALSE,FALSE,FALSE,2,FALSE,FALSE,FALSE,FALSE,FALSE,0,4,FALSE,2026-09-15T16:13:25.309663Z
7020,2026_01_SF_LA,2026,1,1153530,711,0,0,0,0,FALSE,FALSE,FALSE,FALSE,FALSE,FALSE,FALSE,FALSE,FALSE,0,FALSE,FALSE,FALSE,FALSE,FALSE,0,0,FALSE,2026-09-15T16:13:25.309663Z
7020,2026_01_SF_LA,2026,1,1153531,731,R,U,1,7,FALSE,FALSE,TRUE,FALSE,FALSE,FALSE,TRUE,FALSE,FALSE,2,TRUE,FALSE,FALSE,FALSE,FALSE,0,4,FALSE,2026-09-15T16:13:25.309663Z
7020,2026_01_SF_LA,2026,1,1153532,763,L,U,1,6,FALSE,FALSE,FALSE,FALSE,FALSE,FALSE,FALSE,FALSE,FALSE,0,FALSE,FALSE,FALSE,FALSE,FALSE,0,0,FALSE,2026-09-15T16:13:25.309663Z
7020,2026_01_SF_LA,2026,1,1153533,785,L,S,1,6,FALSE,TRUE,FALSE,FALSE,FALSE,FALSE,FALSE,FALSE,FALSE,2,TRUE,FALSE,FALSE,FALSE,FALSE,0,4,FALSE,2026-09-15T16:13:25.309663Z
7020,2026_01_SF_LA,2026,1,1153534,808,0,0,0,0,FALSE,FALSE,FALSE,FALSE,FALSE,FALSE,FALSE,FALSE,FALSE,0,FALSE,FALSE,FALSE,FALSE,FALSE,0,0,FALSE,2026-09-15T16:13:25.309663Z
7020,2026_01_SF_LA,2026,1,1153535,834,M,U,2,7,FALSE,TRUE,FALSE,FALSE,FALSE,FALSE,FALSE,FALSE,FALSE,0,FALSE,FALSE,FALSE,FALSE,FALSE,0,0,FALSE,2026-09-15T16:13:25.309663Z
7020,2026_01_SF_LA,2026,1,1153536,863,R,S,1,7,TRUE,FALSE,FALSE,FALSE,FALSE,FALSE,FALSE,FALSE,FALSE,1,TRUE,TRUE,TRUE,FALSE,FALSE,0,4,FALSE,2026-09-15T16:13:25.309663Z
7020,2026_01_SF_LA,2026,1,1153537,888,R,U,2,7,FALSE,TRUE,FALSE,FALSE,FALSE,FALSE,FALSE,FALSE,FALSE,0,FALSE,FALSE,FALSE,FALSE,FALSE,0,0,FALSE,2026-09-15T16:13:25.309663Z
7020,2026_01_SF_LA,2026,1,1153538,930,M,U,1,7,FALSE,TRUE,FALSE,FALSE,FALSE,FALSE,FALSE,FALSE,FALSE,0,FALSE,FALSE,FALSE,FALSE,FALSE,0,0,FALSE,2026-09-15T16:13:25.309663Z
7020,2026_01_SF_LA,2026,1,1153539,958,0,0,0,0,FALSE,FALSE,FALSE,FALSE,FALSE,FALSE,FALSE,FALSE,FALSE,0,FALSE,FALSE,FALSE,FALSE,FALSE,0,0,FALSE,2026-09-15T16:13:25.309663Z
7020,2026_01_SF_LA,2026,1,1153540,973,0,0,0,0,FALSE,FALSE,FALSE,FALSE,FALSE,FALSE,FALSE,FALSE,FALSE,0,FALSE,FALSE,FALSE,FALSE,FALSE,0,0,FALSE,2026-09-15T16:13:25.309663Z
7020,2026_01_SF_LA,2026,1,1153541,1003,R,S,1,7,FALSE,TRUE,TRUE,FALSE,FALSE,FALSE,FALSE,FALSE,FALSE,CHK,TRUE,FALSE,FALSE,TRUE,FALSE,0,4,FALSE,2026-09-15T16:13:25.309663Z
7020,2026_01_SF_LA,2026,1,1153542,1026,R,S,0,7,FALSE,TRUE,FALSE,FALSE,FALSE,FALSE,FALSE,FALSE,FALSE,1,TRUE,FALSE,FALSE,FALSE,FALSE,0,4,FALSE,2026-09-15T16:13:25.309663Z
7020,2026_01_SF_LA,2026,1,1153543,1051,L,U,2,7,FALSE,TRUE,FALSE,FALSE,FALSE,FALSE,FALSE,FALSE,FALSE,0,FALSE,FALSE,FALSE,FALSE,FALSE,0,0,FALSE,2026-09-15T16:13:25.309663Z
7020,2026_01_SF_LA,2026,1,1153544,1073,R,U,1,6,FALSE,TRUE,TRUE,TRUE,FALSE,FALSE,FALSE,FALSE,FALSE,DES,TRUE,FALSE,FALSE,FALSE,FALSE,0,4,FALSE,2026-09-15T16:13:25.309663Z
7020,2026_01_SF_LA,2026,1,1153545,1113,0,0,0,0,FALSE,FALSE,FALSE,FALSE,FALSE,FALSE,FALSE,FALSE,FALSE,0,FALSE,FALSE,FALSE,FALSE,FALSE,0,0,FALSE,2026-09-15T16:13:25.309663Z
7020,2026_01_SF_LA,2026,1,1153546,1101,L,U,1,7,FALSE,FALSE,FALSE,FALSE,FALSE,FALSE,FALSE,FALSE,FALSE,0,FALSE,FALSE,FALSE,FALSE,TRUE,0,0,FALSE,2026-09-15T16:13:25.309663Z
7020,2026_01_SF_LA,2026,1,1153547,1130,L,U,1,7,FALSE,TRUE,TRUE,FALSE,FALSE,FALSE,FALSE,TRUE,FALSE,1,FALSE,FALSE,FALSE,FALSE,FALSE,0,4,FALSE,2026-09-15T16:13:25.309663Z
7020,2026_01_SF_LA,2026,1,1153548,1157,L,U,1,7,FALSE,FALSE,FALSE,FALSE,FALSE,FALSE,FALSE,FALSE,FALSE,0,FALSE,FALSE,FALSE,FALSE,FALSE,0,0,FALSE,2026-09-15T16:13:25.309663Z
7020,2026_01_SF_LA,2026,1,1153549,1186,R,U,1,6,FALSE,TRUE,FALSE,FALSE,FALSE,FALSE,FALSE,FALSE,FALSE,0,FALSE,FALSE,FALSE,FALSE,FALSE,0,0,FALSE,2026-09-15T16:13:25.309663Z
7020,2026_01_SF_LA,2026,1,1153550,1208,L,U,1,7,FALSE,TRUE,FALSE,FALSE,FALSE,FALSE,FALSE,FALSE,FALSE,0,FALSE,FALSE,FALSE,FALSE,FALSE,0,0,FALSE,2026-09-15T16:13:25.309663Z
7020,2026_01_SF_LA,2026,1,1153551,1230,L,U,2,7,FALSE,TRUE,FALSE,FALSE,FALSE,FALSE,FALSE,FALSE,FALSE,0,FALSE,FALSE,FALSE,FALSE,FALSE,0,0,FALSE,2026-09-15T16:13:25.309663Z
7020,2026_01_SF_LA,2026,1,1153552,1252,L,U,1,7,FALSE,FALSE,FALSE,FALSE,FALSE,FALSE,FALSE,FALSE,FALSE,0,FALSE,FALSE,FALSE,FALSE,FALSE,0,0,FALSE,2026-09-15T16:13:25.309663Z
7020,2026_01_SF_LA,2026,1,1153553,1274,L,S,1,6,TRUE,FALSE,FALSE,FALSE,FALSE,FALSE,FALSE,FALSE,TRUE,SD,FALSE,FALSE,FALSE,FALSE,FALSE,0,4,FALSE,2026-09-15T16:13:25.309663Z
7020,2026_01_SF_LA,2026,1,1153554,1297,L,S,1,6,FALSE,FALSE,FALSE,FALSE,FALSE,FALSE,FALSE,TRUE,FALSE,1,FALSE,FALSE,FALSE,FALSE,FALSE,0,4,FALSE,2026-09-15T16:13:25.309663Z
7020,2026_01_SF_LA,2026,1,1153555,1334,L,S,1,6,FALSE,TRUE,FALSE,FALSE,FALSE,FALSE,FALSE,FALSE,FALSE,0,FALSE,FALSE,FALSE,FALSE,FALSE,0,0,FALSE,2026-09-15T16:13:25.309663Z
7020,2026_01_SF_LA,2026,1,1153556,1363,R,U,2,6,FALSE,TRUE,FALSE,FALSE,FALSE,FALSE,FALSE,FALSE,FALSE,0,FALSE,FALSE,FALSE,FALSE,FALSE,0,0,FALSE,2026-09-15T16:13:25.309663Z
7020,2026_01_SF_LA,2026,1,1153557,1385,L,S,0,6,FALSE,TRUE,FALSE,FALSE,FALSE,FALSE,FALSE,TRUE,FALSE,CHK,FALSE,FALSE,FALSE,FALSE,FALSE,0,4,FALSE,2026-09-15T16:13:25.309663Z
7020,2026_01_SF_LA,2026,1,1153558,1413,L,S,0,6,FALSE,TRUE,FALSE,FALSE,FALSE,FALSE,FALSE,FALSE,FALSE,CHK,TRUE,FALSE,FALSE,FALSE,FALSE,2,5,FALSE,2026-09-15T16:13:25.309663Z
7020,2026_01_SF_LA,2026,1,1153559,1443,L,S,1,6,FALSE,TRUE,FALSE,FALSE,FALSE,FALSE,FALSE,FALSE,FALSE,2,TRUE,FALSE,FALSE,FALSE,FALSE,0,4,FALSE,2026-09-15T16:13:25.309663Z
7020,2026_01_SF_LA,2026,1,1153560,1468,L,U,2,7,FALSE,TRUE,FALSE,FALSE,FALSE,FALSE,FALSE,FALSE,FALSE,0,FALSE,FALSE,FALSE,FALSE,FALSE,0,0,FALSE,2026-09-15T16:13:25.309663Z
7020,2026_01_SF_LA,2026,1,1153561,1495,L,U,1,7,FALSE,FALSE,FALSE,FALSE,FALSE,FALSE,FALSE,FALSE,FALSE,0,FALSE,FALSE,FALSE,FALSE,FALSE,0,0,FALSE,2026-09-15T16:13:25.309663Z
7020,2026_01_SF_LA,2026,1,1153562,1517,L,U,2,7,FALSE,TRUE,FALSE,FALSE,FALSE,FALSE,FALSE,FALSE,FALSE,0,FALSE,FALSE,FALSE,FALSE,FALSE,0,0,FALSE,2026-09-15T16:13:25.309663Z
7020,2026_01_SF_LA,2026,1,1153563,1539,R,U,0,6,FALSE,TRUE,FALSE,FALSE,FALSE,FALSE,FALSE,FALSE,FALSE,2,TRUE,FALSE,FALSE,FALSE,FALSE,0,4,FALSE,2026-09-15T16:13:25.309663Z
7020,2026_01_SF_LA,2026,1,1153564,1565,0,0,0,0,FALSE,FALSE,FALSE,FALSE,FALSE,FALSE,FALSE,FALSE,FALSE,0,FALSE,FALSE,FALSE,FALSE,FALSE,0,0,FALSE,2026-09-15T16:13:25.309663Z
7020,2026_01_SF_LA,2026,1,1153565,1582,0,0,0,0,FALSE,FALSE,FALSE,FALSE,FALSE,FALSE,FALSE,FALSE,FALSE,0,FALSE,FALSE,FALSE,FALSE,FALSE,0,0,FALSE,2026-09-15T16:13:25.309663Z
7020,2026_01_SF_LA,2026,1,1153566,1606,L,U,1,7,FALSE,FALSE,TRUE,FALSE,FALSE,FALSE,FALSE,FALSE,FALSE,CHK,TRUE,FALSE,FALSE,FALSE,FALSE,0,4,FALSE,2026-09-15T16:13:25.309663Z
7020,2026_01_SF_LA,2026,1,1153567,1631,L,U,2,7,FALSE,TRUE,FALSE,FALSE,FALSE,FALSE,FALSE,FALSE,FALSE,0,FALSE,FALSE,FALSE,FALSE,FALSE,0,0,FALSE,2026-09-15T16:13:25.309663Z
7020,2026_01_SF_LA,2026,1,1153568,1653,L,S,1,6,FALSE,TRUE,FALSE,FALSE,FALSE,FALSE,FALSE,FALSE,TRUE,2,FALSE,FALSE,FALSE,FALSE,FALSE,0,4,FALSE,2026-09-15T16:13:25.309663Z
7020,2026_01_SF_LA,2026,1,1153569,1687,L,S,1,6,FALSE,FALSE,FALSE,FALSE,FALSE,FALSE,TRUE,FALSE,TRUE,SD,FALSE,FALSE,FALSE,FALSE,FALSE,0,4,FALSE,2026-09-15T16:13:25.309663Z
7020,2026_01_SF_LA,2026,1,1153570,1710,L,S,1,6,FALSE,FALSE,FALSE,FALSE,FALSE,FALSE,FALSE,TRUE,FALSE,1,FALSE,FALSE,FALSE,FALSE,FALSE,1,5,FALSE,2026-09-15T16:13:25.309663Z
7020,2026_01_SF_LA,2026,1,1153571,1733,0,0,0,0,FALSE,FALSE,FALSE,FALSE,FALSE,FALSE,FALSE,FALSE,FALSE,0,FALSE,FALSE,FALSE,FALSE,FALSE,0,0,FALSE,2026-09-15T16:13:25.309663Z
7020,2026_01_SF_LA,2026,1,1153572,1759,L,S,1,7,FALSE,TRUE,FALSE,FALSE,FALSE,FALSE,FALSE,FALSE,FALSE,0,FALSE,FALSE,FALSE,FALSE,FALSE,0,0,FALSE,2026-09-15T16:13:25.309663Z
7020,2026_01_SF_LA,2026,1,1153573,1784,M,S,1,6,FALSE,FALSE,FALSE,FALSE,FALSE,FALSE,FALSE,FALSE,FALSE,0,FALSE,FALSE,FALSE,FALSE,FALSE,0,0,FALSE,2026-09-15T16:13:25.309663Z
7020,2026_01_SF_LA,2026,1,1153574,1813,R,S,0,6,FALSE,TRUE,FALSE,FALSE,FALSE,FALSE,FALSE,FALSE,FALSE,CHK,FALSE,FALSE,FALSE,FALSE,FALSE,0,4,FALSE,2026-09-15T16:13:25.309663Z
7020,2026_01_SF_LA,2026,1,1153575,1847,R,S,1,6,FALSE,TRUE,TRUE,TRUE,FALSE,FALSE,FALSE,FALSE,FALSE,DES,TRUE,FALSE,FALSE,FALSE,FALSE,2,5,FALSE,2026-09-15T16:13:25.309663Z
7020,2026_01_SF_LA,2026,1,1153576,1872,R,S,0,7,FALSE,TRUE,FALSE,FALSE,FALSE,FALSE,FALSE,FALSE,FALSE,2,TRUE,FALSE,FALSE,FALSE,FALSE,0,4,FALSE,2026-09-15T16:13:25.309663Z
7020,2026_01_SF_LA,2026,1,1153577,1909,0,0,0,0,FALSE,FALSE,FALSE,FALSE,FALSE,FALSE,FALSE,FALSE,FALSE,0,FALSE,FALSE,FALSE,FALSE,FALSE,0,0,FALSE,2026-09-15T16:13:25.309663Z
7020,2026_01_SF_LA,2026,1,1153578,1897,R,S,1,6,FALSE,TRUE,FALSE,FALSE,FALSE,FALSE,FALSE,FALSE,FALSE,1,TRUE,FALSE,FALSE,TRUE,FALSE,0,4,FALSE,2026-09-15T16:13:25.309663Z
7020,2026_01_SF_LA,2026,1,1153579,1927,0,0,0,0,FALSE,FALSE,FALSE,FALSE,FALSE,FALSE,FALSE,FALSE,FALSE,0,FALSE,FALSE,FALSE,FALSE,FALSE,0,0,FALSE,2026-09-15T16:13:25.309663Z
7020,2026_01_SF_LA,2026,1,1153580,1945,0,0,0,0,FALSE,FALSE,FALSE,FALSE,FALSE,FALSE,FALSE,FALSE,FALSE,0,FALSE,FALSE,FALSE,FALSE,FALSE,0,0,FALSE,2026-09-15T16:13:25.309663Z
7020,2026_01_SF_LA,2026,1,1153581,1987,0,0,0,0,FALSE,FALSE,FALSE,FALSE,FALSE,FALSE,FALSE,FALSE,FALSE,0,FALSE,FALSE,FALSE,FALSE,FALSE,0,0,FALSE,2026-09-15T16:13:25.309663Z
7020,2026_01_SF_LA,2026,1,1153582,2015,L,U,2,6,FALSE,TRUE,FALSE,FALSE,FALSE,FALSE,FALSE,FALSE,FALSE,0,FALSE,FALSE,FALSE,FALSE,FALSE,0,0,FALSE,2026-09-15T16:13:25.309663Z
7020,2026_01_SF_LA,2026,1,1153583,2042,L,U,2,6,FALSE,TRUE,FALSE,FALSE,FALSE,FALSE,FALSE,FALSE,FALSE,0,FALSE,FALSE,FALSE,FALSE,FALSE,0,0,FALSE,2026-09-15T16:13:25.309663Z
7020,2026_01_SF_LA,2026,1,1153584,2064,L,U,2,6,FALSE,TRUE,FALSE,FALSE,FALSE,FALSE,FALSE,FALSE,FALSE,0,FALSE,FALSE,FALSE,FALSE,FALSE,0,0,FALSE,2026-09-15T16:13:25.309663Z
7020,2026_01_SF_LA,2026,1,1153585,2086,M,S,1,6,FALSE,TRUE,FALSE,FALSE,FALSE,FALSE,FALSE,FALSE,FALSE,2,TRUE,FALSE,FALSE,FALSE,FALSE,0,4,FALSE,2026-09-15T16:13:25.309663Z
7020,2026_01_SF_LA,2026,1,1153586,2116,R,U,2,8,FALSE,TRUE,FALSE,FALSE,FALSE,FALSE,FALSE,FALSE,FALSE,0,FALSE,FALSE,FALSE,FALSE,FALSE,0,0,FALSE,2026-09-15T16:13:25.309663Z
7020,2026_01_SF_LA,2026,1,1153587,2150,0,0,0,0,FALSE,FALSE,FALSE,FALSE,FALSE,FALSE,FALSE,FALSE,FALSE,0,FALSE,FALSE,FALSE,FALSE,FALSE,0,0,FALSE,2026-09-15T16:13:25.309663Z
7020,2026_01_SF_LA,2026,1,1153588,2138,R,S,0,7,FALSE,TRUE,FALSE,FALSE,FALSE,FALSE,FALSE,FALSE,FALSE,2,TRUE,FALSE,FALSE,FALSE,FALSE,0,4,FALSE,2026-09-15T16:13:25.309663Z
7020,2026_01_SF_LA,2026,1,1153589,2170,L,U,1,8,FALSE,FALSE,FALSE,FALSE,FALSE,FALSE,FALSE,FALSE,FALSE,1,TRUE,TRUE,TRUE,FALSE,FALSE,0,7,FALSE,2026-09-15T16:13:25.309663Z
7020,2026_01_SF_LA,2026,1,1153590,2196,0,0,0,0,FALSE,FALSE,FALSE,FALSE,FALSE,FALSE,FALSE,FALSE,FALSE,0,FALSE,FALSE,FALSE,FALSE,FALSE,0,0,FALSE,2026-09-15T16:13:25.309663Z
7020,2026_01_SF_LA,2026,1,1153591,2211,0,0,0,0,FALSE,FALSE,FALSE,FALSE,FALSE,FALSE,FALSE,FALSE,FALSE,0,FALSE,FALSE,FALSE,FALSE,FALSE,0,0,FALSE,2026-09-15T16:13:25.309663Z
7020,2026_01_SF_LA,2026,1,1153592,2241,R,U,2,7,FALSE,TRUE,FALSE,FALSE,FALSE,FALSE,FALSE,FALSE,FALSE,0,FALSE,FALSE,FALSE,FALSE,FALSE,0,0,FALSE,2026-09-15T16:13:25.309663Z
7020,2026_01_SF_LA,2026,1,1153593,2263,R,U,1,6,FALSE,FALSE,TRUE,FALSE,FALSE,FALSE,FALSE,FALSE,FALSE,1,TRUE,FALSE,FALSE,FALSE,FALSE,0,4,FALSE,2026-09-15T16:13:25.309663Z
7020,2026_01_SF_LA,2026,1,1153594,2297,R,U,1,7,FALSE,FALSE,FALSE,FALSE,FALSE,FALSE,FALSE,FALSE,FALSE,0,FALSE,FALSE,FALSE,FALSE,FALSE,0,0,FALSE,2026-09-15T16:13:25.309663Z
7020,2026_01_SF_LA,2026,1,1153595,2319,L,U,2,7,FALSE,TRUE,FALSE,FALSE,FALSE,FALSE,FALSE,FALSE,FALSE,0,FALSE,FALSE,FALSE,FALSE,FALSE,0,0,FALSE,2026-09-15T16:13:25.309663Z
7020,2026_01_SF_LA,2026,1,1153596,2341,L,U,1,7,FALSE,TRUE,TRUE,FALSE,FALSE,FALSE,TRUE,FALSE,FALSE,1,TRUE,FALSE,FALSE,FALSE,FALSE,2,6,FALSE,2026-09-15T16:13:25.309663Z
7020,2026_01_SF_LA,2026,1,1153597,2371,R,U,1,7,FALSE,FALSE,FALSE,FALSE,FALSE,FALSE,FALSE,FALSE,FALSE,0,FALSE,FALSE,FALSE,FALSE,FALSE,0,0,FALSE,2026-09-15T16:13:25.309663Z
7020,2026_01_SF_LA,2026,1,1153598,2413,R,U,1,6,FALSE,FALSE,TRUE,FALSE,FALSE,FALSE,FALSE,FALSE,FALSE,1,TRUE,FALSE,FALSE,FALSE,FALSE,0,4,FALSE,2026-09-15T16:13:25.309663Z
7020,2026_01_SF_LA,2026,1,1153599,2438,0,0,0,0,FALSE,FALSE,FALSE,FALSE,FALSE,FALSE,FALSE,FALSE,FALSE,0,FALSE,FALSE,FALSE,FALSE,FALSE,0,0,FALSE,2026-09-15T16:13:25.309663Z
7020,2026_01_SF_LA,2026,1,1153600,2462,R,U,1,7,FALSE,TRUE,FALSE,FALSE,FALSE,FALSE,FALSE,FALSE,FALSE,1,TRUE,FALSE,FALSE,FALSE,FALSE,0,4,FALSE,2026-09-15T16:13:25.309663Z
7020,2026_01_SF_LA,2026,1,1153601,2487,L,U,2,7,FALSE,TRUE,FALSE,FALSE,FALSE,FALSE,FALSE,FALSE,FALSE,0,FALSE,FALSE,FALSE,FALSE,FALSE,0,0,FALSE,2026-09-15T16:13:25.309663Z
7020,2026_01_SF_LA,2026,1,1153602,2509,L,U,1,7,FALSE,FALSE,TRUE,FALSE,FALSE,FALSE,FALSE,FALSE,FALSE,2,TRUE,FALSE,FALSE,FALSE,FALSE,0,5,FALSE,2026-09-15T16:13:25.309663Z
7020,2026_01_SF_LA,2026,1,1153603,2539,L,U,2,7,FALSE,TRUE,FALSE,FALSE,FALSE,FALSE,FALSE,FALSE,FALSE,0,FALSE,FALSE,FALSE,FALSE,FALSE,0,0,FALSE,2026-09-15T16:13:25.309663Z
7020,2026_01_SF_LA,2026,1,1153604,2561,M,S,1,6,FALSE,TRUE,FALSE,FALSE,FALSE,FALSE,FALSE,FALSE,FALSE,1,TRUE,FALSE,FALSE,FALSE,FALSE,0,4,FALSE,2026-09-15T16:13:25.309663Z
7020,2026_01_SF_LA,2026,1,1153605,2586,L,U,2,9,FALSE,TRUE,FALSE,FALSE,FALSE,FALSE,FALSE,FALSE,FALSE,0,FALSE,FALSE,FALSE,FALSE,TRUE,0,0,FALSE,2026-09-15T16:13:25.309663Z
7020,2026_01_SF_LA,2026,1,1153606,2608,M,U,1,8,FALSE,FALSE,FALSE,FALSE,FALSE,FALSE,FALSE,FALSE,FALSE,0,FALSE,FALSE,FALSE,FALSE,TRUE,0,0,FALSE,2026-09-15T16:13:25.309663Z
7020,2026_01_SF_LA,2026,1,1153607,2676,M,U,1,7,FALSE,FALSE,FALSE,FALSE,FALSE,FALSE,FALSE,FALSE,FALSE,2,TRUE,FALSE,FALSE,FALSE,FALSE,1,6,FALSE,2026-09-15T16:13:25.309663Z
7020,2026_01_SF_LA,2026,1,1153608,2711,L,U,2,7,FALSE,TRUE,FALSE,FALSE,FALSE,FALSE,FALSE,FALSE,FALSE,0,FALSE,FALSE,FALSE,FALSE,FALSE,0,0,FALSE,2026-09-15T16:13:25.309663Z
7020,2026_01_SF_LA,2026,1,1153609,2733,R,S,0,6,FALSE,TRUE,FALSE,FALSE,FALSE,FALSE,FALSE,FALSE,FALSE,1,TRUE,FALSE,FALSE,FALSE,FALSE,0,0,FALSE,2026-09-15T16:13:25.309663Z
7020,2026_01_SF_LA,2026,1,1153610,2763,L,U,2,7,FALSE,TRUE,FALSE,FALSE,FALSE,FALSE,FALSE,FALSE,FALSE,0,FALSE,FALSE,FALSE,FALSE,FALSE,0,0,FALSE,2026-09-15T16:13:25.309663Z
7020,2026_01_SF_LA,2026,1,1153611,2790,R,U,1,7,FALSE,FALSE,FALSE,FALSE,FALSE,FALSE,FALSE,FALSE,FALSE,0,FALSE,FALSE,FALSE,FALSE,FALSE,0,0,FALSE,2026-09-15T16:13:25.309663Z
7020,2026_01_SF_LA,2026,1,1153612,2812,L,S,0,6,FALSE,TRUE,FALSE,FALSE,FALSE,FALSE,TRUE,FALSE,FALSE,SD,FALSE,FALSE,FALSE,FALSE,FALSE,0,4,FALSE,2026-09-15T16:13:25.309663Z
7020,2026_01_SF_LA,2026,1,1153613,2854,L,S,0,6,FALSE,TRUE,FALSE,TRUE,FALSE,FALSE,FALSE,FALSE,FALSE,DES,TRUE,FALSE,FALSE,FALSE,FALSE,0,4,FALSE,2026-09-15T16:13:25.309663Z
7020,2026_01_SF_LA,2026,1,1153614,2879,R,S,1,6,FALSE,FALSE,FALSE,FALSE,FALSE,FALSE,TRUE,FALSE,FALSE,SD,FALSE,FALSE,FALSE,FALSE,FALSE,0,4,FALSE,2026-09-15T16:13:25.309663Z
7020,2026_01_SF_LA,2026,1,1153615,2906,L,U,2,7,FALSE,TRUE,FALSE,FALSE,FALSE,FALSE,FALSE,FALSE,FALSE,0,FALSE,FALSE,FALSE,FALSE,FALSE,0,0,FALSE,2026-09-15T16:13:25.309663Z
7020,2026_01_SF_LA,2026,1,1153616,2928,M,S,0,6,FALSE,TRUE,FALSE,FALSE,FALSE,FALSE,TRUE,FALSE,FALSE,SD,TRUE,FALSE,FALSE,FALSE,FALSE,0,4,FALSE,2026-09-15T16:13:25.309663Z
7020,2026_01_SF_LA,2026,1,1153617,2954,0,0,0,0,FALSE,FALSE,FALSE,FALSE,FALSE,FALSE,FALSE,FALSE,FALSE,0,FALSE,FALSE,FALSE,FALSE,FALSE,0,0,FALSE,2026-09-15T16:13:25.309663Z
7020,2026_01_SF_LA,2026,1,1153618,2969,0,0,0,0,FALSE,FALSE,FALSE,FALSE,FALSE,FALSE,FALSE,FALSE,FALSE,0,FALSE,FALSE,FALSE,FALSE,FALSE,0,0,FALSE,2026-09-15T16:13:25.309663Z
7020,2026_01_SF_LA,2026,1,1153619,3004,R,S,1,6,FALSE,FALSE,FALSE,FALSE,FALSE,FALSE,FALSE,FALSE,FALSE,1,TRUE,FALSE,FALSE,FALSE,FALSE,0,4,FALSE,2026-09-15T16:13:25.309663Z
7020,2026_01_SF_LA,2026,1,1153620,3029,L,S,1,6,TRUE,FALSE,FALSE,FALSE,FALSE,FALSE,TRUE,FALSE,FALSE,CHK,TRUE,FALSE,FALSE,FALSE,FALSE,0,4,FALSE,2026-09-15T16:13:25.309663Z
7020,2026_01_SF_LA,2026,1,1153621,3073,L,S,1,6,FALSE,TRUE,FALSE,FALSE,FALSE,FALSE,FALSE,FALSE,FALSE,0,FALSE,FALSE,FALSE,FALSE,FALSE,0,0,FALSE,2026-09-15T16:13:25.309663Z
7020,2026_01_SF_LA,2026,1,1153622,3095,M,S,1,7,TRUE,FALSE,FALSE,FALSE,FALSE,FALSE,FALSE,FALSE,FALSE,1,FALSE,TRUE,FALSE,FALSE,FALSE,0,4,FALSE,2026-09-15T16:13:25.309663Z
7020,2026_01_SF_LA,2026,1,1153623,3129,R,S,1,6,FALSE,FALSE,FALSE,FALSE,FALSE,FALSE,FALSE,FALSE,FALSE,2,FALSE,TRUE,FALSE,FALSE,FALSE,0,4,FALSE,2026-09-15T16:13:25.309663Z
7020,2026_01_SF_LA,2026,1,1153624,3154,R,S,1,6,TRUE,FALSE,FALSE,FALSE,FALSE,FALSE,FALSE,FALSE,FALSE,2,FALSE,TRUE,FALSE,FALSE,FALSE,0,4,FALSE,2026-09-15T16:13:25.309663Z
7020,2026_01_SF_LA,2026,1,1153625,3207,M,U,1,6,FALSE,TRUE,FALSE,FALSE,FALSE,FALSE,FALSE,FALSE,FALSE,0,FALSE,FALSE,FALSE,FALSE,FALSE,0,0,FALSE,2026-09-15T16:13:25.309663Z
7020,2026_01_SF_LA,2026,1,1153626,3236,R,U,2,7,FALSE,TRUE,FALSE,FALSE,FALSE,FALSE,FALSE,FALSE,FALSE,0,FALSE,FALSE,FALSE,FALSE,FALSE,0,0,FALSE,2026-09-15T16:13:25.309663Z
7020,2026_01_SF_LA,2026,1,1153627,3258,M,S,1,7,FALSE,FALSE,FALSE,FALSE,FALSE,FALSE,FALSE,FALSE,FALSE,2,FALSE,FALSE,FALSE,FALSE,FALSE,0,4,FALSE,2026-09-15T16:13:25.309663Z
7020,2026_01_SF_LA,2026,1,1153628,3281,0,0,0,0,FALSE,FALSE,FALSE,FALSE,FALSE,FALSE,FALSE,FALSE,FALSE,0,FALSE,FALSE,FALSE,FALSE,FALSE,0,0,FALSE,2026-09-15T16:13:25.309663Z
7020,2026_01_SF_LA,2026,1,1153629,3301,0,0,0,0,FALSE,FALSE,FALSE,FALSE,FALSE,FALSE,FALSE,FALSE,FALSE,0,FALSE,FALSE,FALSE,FALSE,FALSE,0,0,FALSE,2026-09-15T16:13:25.309663Z
7020,2026_01_SF_LA,2026,1,1153630,3331,R,S,1,6,FALSE,FALSE,FALSE,FALSE,FALSE,FALSE,FALSE,FALSE,FALSE,2,TRUE,FALSE,FALSE,FALSE,FALSE,0,4,FALSE,2026-09-15T16:13:25.309663Z
7020,2026_01_SF_LA,2026,1,1153631,3356,R,S,1,6,FALSE,FALSE,FALSE,FALSE,FALSE,FALSE,FALSE,FALSE,FALSE,1,TRUE,FALSE,FALSE,FALSE,FALSE,0,4,FALSE,2026-09-15T16:13:25.309663Z
7020,2026_01_SF_LA,2026,1,1153632,3381,R,S,0,6,TRUE,TRUE,FALSE,FALSE,FALSE,FALSE,FALSE,FALSE,FALSE,1,TRUE,FALSE,FALSE,FALSE,FALSE,0,4,FALSE,2026-09-15T16:13:25.309663Z
7020,2026_01_SF_LA,2026,1,1153633,3404,L,S,1,6,FALSE,TRUE,FALSE,FALSE,FALSE,FALSE,FALSE,FALSE,FALSE,1,FALSE,FALSE,FALSE,FALSE,FALSE,0,4,FALSE,2026-09-15T16:13:25.309663Z
7020,2026_01_SF_LA,2026,1,1153634,3427,L,S,1,6,FALSE,TRUE,FALSE,TRUE,FALSE,FALSE,FALSE,FALSE,FALSE,DES,TRUE,FALSE,FALSE,FALSE,FALSE,0,4,FALSE,2026-09-15T16:13:25.309663Z
7020,2026_01_SF_LA,2026,1,1153635,3452,R,S,1,6,FALSE,TRUE,FALSE,FALSE,FALSE,FALSE,FALSE,FALSE,FALSE,2,FALSE,FALSE,FALSE,FALSE,FALSE,0,4,FALSE,2026-09-15T16:13:25.309663Z
7020,2026_01_SF_LA,2026,1,1153636,3475,L,U,1,7,FALSE,TRUE,FALSE,FALSE,FALSE,FALSE,FALSE,FALSE,FALSE,0,FALSE,FALSE,FALSE,FALSE,FALSE,0,0,FALSE,2026-09-15T16:13:25.309663Z
7020,2026_01_SF_LA,2026,1,1153637,3504,L,U,1,7,FALSE,FALSE,FALSE,FALSE,FALSE,FALSE,FALSE,FALSE,FALSE,0,FALSE,FALSE,FALSE,FALSE,FALSE,0,0,FALSE,2026-09-15T16:13:25.309663Z
7020,2026_01_SF_LA,2026,1,1153638,3526,L,U,2,8,FALSE,TRUE,FALSE,FALSE,FALSE,FALSE,FALSE,FALSE,FALSE,0,FALSE,FALSE,FALSE,FALSE,TRUE,0,0,FALSE,2026-09-15T16:13:25.309663Z
7020,2026_01_SF_LA,2026,1,1153639,3548,L,U,1,7,FALSE,TRUE,FALSE,FALSE,FALSE,FALSE,FALSE,FALSE,FALSE,0,FALSE,FALSE,FALSE,FALSE,FALSE,0,0,FALSE,2026-09-15T16:13:25.309663Z
7020,2026_01_SF_LA,2026,1,1153640,3570,L,U,1,7,FALSE,TRUE,FALSE,FALSE,FALSE,FALSE,FALSE,FALSE,FALSE,0,FALSE,FALSE,FALSE,FALSE,FALSE,0,0,FALSE,2026-09-15T16:13:25.309663Z
7020,2026_01_SF_LA,2026,1,1153641,3592,L,S,1,7,FALSE,TRUE,FALSE,FALSE,FALSE,FALSE,FALSE,FALSE,FALSE,CHK,TRUE,FALSE,FALSE,FALSE,FALSE,0,4,FALSE,2026-09-15T16:13:25.309663Z
7020,2026_01_SF_LA,2026,1,1153642,3639,0,0,0,0,FALSE,FALSE,FALSE,FALSE,FALSE,FALSE,FALSE,FALSE,FALSE,0,FALSE,FALSE,FALSE,FALSE,FALSE,0,0,FALSE,2026-09-15T16:13:25.309663Z
7020,2026_01_SF_LA,2026,1,1153643,3620,0,0,0,0,FALSE,FALSE,FALSE,FALSE,FALSE,FALSE,FALSE,FALSE,FALSE,0,FALSE,FALSE,FALSE,FALSE,FALSE,0,0,FALSE,2026-09-15T16:13:25.309663Z
7020,2026_01_SF_LA,2026,1,1153644,3655,L,U,2,7,FALSE,FALSE,FALSE,FALSE,FALSE,FALSE,FALSE,FALSE,FALSE,0,FALSE,FALSE,FALSE,FALSE,FALSE,0,0,FALSE,2026-09-15T16:13:25.309663Z
7020,2026_01_SF_LA,2026,1,1153645,3677,M,S,1,6,TRUE,FALSE,FALSE,FALSE,FALSE,FALSE,TRUE,FALSE,FALSE,SD,FALSE,FALSE,FALSE,FALSE,FALSE,0,4,FALSE,2026-09-15T16:13:25.309663Z
7020,2026_01_SF_LA,2026,1,1153646,3710,R,S,1,6,FALSE,TRUE,FALSE,FALSE,FALSE,FALSE,FALSE,FALSE,FALSE,0,FALSE,FALSE,FALSE,FALSE,FALSE,0,0,FALSE,2026-09-15T16:13:25.309663Z
7020,2026_01_SF_LA,2026,1,1153647,3732,M,S,1,6,TRUE,FALSE,FALSE,FALSE,FALSE,FALSE,FALSE,FALSE,FALSE,2,FALSE,TRUE,FALSE,FALSE,FALSE,0,4,FALSE,2026-09-15T16:13:25.309663Z
7020,2026_01_SF_LA,2026,1,1153648,3758,R,S,1,6,FALSE,TRUE,FALSE,FALSE,FALSE,FALSE,FALSE,FALSE,FALSE,0,FALSE,FALSE,FALSE,FALSE,FALSE,0,0,FALSE,2026-09-15T16:13:25.309663Z
7020,2026_01_SF_LA,2026,1,1153649,3780,R,U,2,7,FALSE,TRUE,FALSE,FALSE,FALSE,FALSE,FALSE,FALSE,FALSE,0,FALSE,FALSE,FALSE,FALSE,FALSE,0,0,FALSE,2026-09-15T16:13:25.309663Z
7020,2026_01_SF_LA,2026,1,1153650,3809,R,S,1,5,FALSE,FALSE,FALSE,FALSE,FALSE,FALSE,FALSE,FALSE,FALSE,1,FALSE,TRUE,FALSE,FALSE,FALSE,0,4,FALSE,2026-09-15T16:13:25.309663Z
7020,2026_01_SF_LA,2026,1,1153651,3837,R,S,1,6,TRUE,FALSE,FALSE,FALSE,FALSE,FALSE,FALSE,FALSE,FALSE,CHK,TRUE,FALSE,FALSE,FALSE,FALSE,0,4,FALSE,2026-09-15T16:13:25.309663Z
7020,2026_01_SF_LA,2026,1,1153652,3877,0,0,0,0,FALSE,FALSE,FALSE,FALSE,FALSE,FALSE,FALSE,FALSE,FALSE,0,FALSE,FALSE,FALSE,FALSE,FALSE,0,0,FALSE,2026-09-15T16:13:25.309663Z
7020,2026_01_SF_LA,2026,1,1153653,3862,R,U,2,6,FALSE,TRUE,FALSE,FALSE,FALSE,FALSE,FALSE,FALSE,FALSE,0,FALSE,FALSE,FALSE,FALSE,FALSE,0,0,FALSE,2026-09-15T16:13:25.309663Z
7020,2026_01_SF_LA,2026,1,1153654,3894,R,U,1,7,FALSE,FALSE,FALSE,FALSE,FALSE,FALSE,FALSE,FALSE,FALSE,0,FALSE,FALSE,FALSE,FALSE,FALSE,0,0,FALSE,2026-09-15T16:13:25.309663Z
7021,2026_01_CHI_CAR,2026,1,1153655,40,0,0,0,0,FALSE,FALSE,FALSE,FALSE,FALSE,FALSE,FALSE,FALSE,FALSE,0,FALSE,FALSE,FALSE,FALSE,FALSE,0,0,FALSE,2026-09-15T16:13:25.309663Z
7021,2026_01_CHI_CAR,2026,1,1153656,57,R,U,2,6,FALSE,TRUE,FALSE,FALSE,FALSE,FALSE,FALSE,FALSE,FALSE,0,FALSE,FALSE,FALSE,FALSE,FALSE,0,0,FALSE,2026-09-15T16:13:25.309663Z
7021,2026_01_CHI_CAR,2026,1,1153657,90,R,U,1,6,FALSE,FALSE,FALSE,FALSE,FALSE,FALSE,FALSE,FALSE,FALSE,0,FALSE,FALSE,FALSE,FALSE,FALSE,0,0,FALSE,2026-09-15T16:13:25.309663Z
7021,2026_01_CHI_CAR,2026,1,1153658,112,R,S,1,7,FALSE,FALSE,FALSE,TRUE,FALSE,FALSE,FALSE,FALSE,FALSE,DES,TRUE,FALSE,FALSE,FALSE,FALSE,1,4,FALSE,2026-09-15T16:13:25.309663Z
7021,2026_01_CHI_CAR,2026,1,1153659,153,L,S,1,7,FALSE,TRUE,FALSE,FALSE,FALSE,FALSE,FALSE,FALSE,FALSE,1,TRUE,FALSE,FALSE,FALSE,FALSE,0,4,FALSE,2026-09-15T16:13:25.309663Z
7021,2026_01_CHI_CAR,2026,1,1153660,178,R,U,1,7,FALSE,TRUE,FALSE,FALSE,FALSE,FALSE,FALSE,FALSE,FALSE,0,FALSE,FALSE,FALSE,FALSE,FALSE,0,0,FALSE,2026-09-15T16:13:25.309663Z
7021,2026_01_CHI_CAR,2026,1,1153661,200,R,S,1,6,FALSE,TRUE,FALSE,FALSE,FALSE,FALSE,FALSE,FALSE,FALSE,1,TRUE,FALSE,FALSE,FALSE,FALSE,0,4,FALSE,2026-09-15T16:13:25.309663Z
7021,2026_01_CHI_CAR,2026,1,1153662,241,R,U,1,8,FALSE,TRUE,FALSE,FALSE,FALSE,FALSE,FALSE,FALSE,FALSE,0,FALSE,FALSE,FALSE,FALSE,FALSE,0,0,FALSE,2026-09-15T16:13:25.309663Z
7021,2026_01_CHI_CAR,2026,1,1153663,276,R,U,2,8,FALSE,FALSE,FALSE,FALSE,FALSE,FALSE,FALSE,FALSE,FALSE,1,TRUE,FALSE,FALSE,FALSE,FALSE,0,6,FALSE,2026-09-15T16:13:25.309663Z
7021,2026_01_CHI_CAR,2026,1,1153664,313,R,U,1,6,FALSE,TRUE,FALSE,FALSE,FALSE,FALSE,FALSE,FALSE,FALSE,0,FALSE,FALSE,FALSE,FALSE,FALSE,0,0,FALSE,2026-09-15T16:13:25.309663Z
7021,2026_01_CHI_CAR,2026,1,1153665,355,L,S,1,6,FALSE,TRUE,FALSE,FALSE,FALSE,FALSE,FALSE,FALSE,FALSE,1,FALSE,TRUE,FALSE,FALSE,FALSE,0,4,FALSE,2026-09-15T16:13:25.309663Z
7021,2026_01_CHI_CAR,2026,1,1153666,378,L,S,1,6,FALSE,TRUE,FALSE,FALSE,FALSE,FALSE,TRUE,FALSE,FALSE,SD,TRUE,FALSE,FALSE,FALSE,FALSE,0,4,FALSE,2026-09-15T16:13:25.309663Z
7021,2026_01_CHI_CAR,2026,1,1153667,408,0,0,0,0,FALSE,FALSE,FALSE,FALSE,FALSE,FALSE,FALSE,FALSE,FALSE,0,FALSE,FALSE,FALSE,FALSE,FALSE,0,0,FALSE,2026-09-15T16:13:25.309663Z
7021,2026_01_CHI_CAR,2026,1,1153668,423,0,0,0,0,FALSE,FALSE,FALSE,FALSE,FALSE,FALSE,FALSE,FALSE,FALSE,0,FALSE,FALSE,FALSE,FALSE,FALSE,0,0,FALSE,2026-09-15T16:13:25.309663Z
7021,2026_01_CHI_CAR,2026,1,1153669,453,R,U,1,7,FALSE,TRUE,FALSE,FALSE,FALSE,FALSE,FALSE,FALSE,FALSE,0,FALSE,FALSE,FALSE,FALSE,FALSE,0,0,FALSE,2026-09-15T16:13:25.309663Z
7021,2026_01_CHI_CAR,2026,1,1153670,475,L,U,2,6,FALSE,TRUE,FALSE,FALSE,FALSE,FALSE,FALSE,FALSE,FALSE,0,FALSE,FALSE,FALSE,FALSE,FALSE,0,0,FALSE,2026-09-15T16:13:25.309663Z
7021,2026_01_CHI_CAR,2026,1,1153671,502,L,U,2,6,FALSE,TRUE,FALSE,FALSE,FALSE,FALSE,FALSE,FALSE,FALSE,0,FALSE,FALSE,FALSE,FALSE,FALSE,0,0,FALSE,2026-09-15T16:13:25.309663Z
7021,2026_01_CHI_CAR,2026,1,1153672,535,L,S,0,6,FALSE,FALSE,FALSE,FALSE,FALSE,FALSE,FALSE,FALSE,FALSE,1,TRUE,FALSE,FALSE,FALSE,FALSE,0,4,FALSE,2026-09-15T16:13:25.309663Z
7021,2026_01_CHI_CAR,2026,1,1153673,560,L,S,1,6,TRUE,FALSE,FALSE,FALSE,FALSE,FALSE,FALSE,FALSE,FALSE,1,TRUE,FALSE,FALSE,FALSE,FALSE,0,4,FALSE,2026-09-15T16:13:25.309663Z
7021,2026_01_CHI_CAR,2026,1,1153674,585,L,S,1,6,FALSE,FALSE,FALSE,FALSE,FALSE,FALSE,TRUE,FALSE,FALSE,SD,FALSE,FALSE,FALSE,FALSE,FALSE,1,5,FALSE,2026-09-15T16:13:25.309663Z
7021,2026_01_CHI_CAR,2026,1,1153675,612,R,U,2,6,FALSE,TRUE,FALSE,FALSE,FALSE,FALSE,FALSE,FALSE,FALSE,0,FALSE,FALSE,FALSE,FALSE,FALSE,0,0,FALSE,2026-09-15T16:13:25.309663Z
7021,2026_01_CHI_CAR,2026,1,1153676,634,L,U,1,6,FALSE,TRUE,FALSE,FALSE,FALSE,FALSE,FALSE,FALSE,FALSE,0,FALSE,FALSE,FALSE,FALSE,FALSE,0,0,FALSE,2026-09-15T16:13:25.309663Z
7021,2026_01_CHI_CAR,2026,1,1153677,656,R,U,1,7,FALSE,TRUE,FALSE,FALSE,FALSE,FALSE,FALSE,FALSE,FALSE,0,FALSE,FALSE,FALSE,FALSE,FALSE,0,0,FALSE,2026-09-15T16:13:25.309663Z
7021,2026_01_CHI_CAR,2026,1,1153678,678,R,S,0,6,FALSE,FALSE,FALSE,FALSE,FALSE,FALSE,TRUE,FALSE,FALSE,SD,FALSE,FALSE,FALSE,FALSE,FALSE,0,4,FALSE,2026-09-15T16:13:25.309663Z
7021,2026_01_CHI_CAR,2026,1,1153679,701,0,0,0,0,FALSE,FALSE,FALSE,FALSE,FALSE,FALSE,FALSE,FALSE,FALSE,0,FALSE,FALSE,FALSE,FALSE,FALSE,0,0,FALSE,2026-09-15T16:13:25.309663Z
7021,2026_01_CHI_CAR,2026,1,1153680,716,0,0,0,0,FALSE,FALSE,FALSE,FALSE,FALSE,FALSE,FALSE,FALSE,FALSE,0,FALSE,FALSE,FALSE,FALSE,FALSE,0,0,FALSE,2026-09-15T16:13:25.309663Z
7021,2026_01_CHI_CAR,2026,1,1153681,752,L,S,1,6,FALSE,TRUE,FALSE,FALSE,TRUE,FALSE,FALSE,FALSE,FALSE,DES,TRUE,FALSE,FALSE,TRUE,FALSE,1,5,FALSE,2026-09-15T16:13:25.309663Z
7021,2026_01_CHI_CAR,2026,1,1153682,787,L,S,1,7,FALSE,TRUE,FALSE,FALSE,FALSE,FALSE,FALSE,FALSE,FALSE,1,TRUE,FALSE,FALSE,FALSE,FALSE,1,5,FALSE,2026-09-15T16:13:25.309663Z
7021,2026_01_CHI_CAR,2026,1,1153683,812,R,S,1,6,FALSE,TRUE,FALSE,FALSE,FALSE,FALSE,FALSE,FALSE,FALSE,0,FALSE,FALSE,FALSE,FALSE,FALSE,0,4,FALSE,2026-09-15T16:13:25.309663Z
7021,2026_01_CHI_CAR,2026,1,1153684,832,0,0,0,0,FALSE,FALSE,FALSE,FALSE,FALSE,FALSE,FALSE,FALSE,FALSE,0,FALSE,FALSE,FALSE,FALSE,FALSE,0,0,FALSE,2026-09-15T16:13:25.309663Z
7021,2026_01_CHI_CAR,2026,1,1153685,851,R,U,2,7,FALSE,TRUE,TRUE,FALSE,FALSE,FALSE,TRUE,FALSE,FALSE,1,TRUE,FALSE,FALSE,FALSE,FALSE,0,4,FALSE,2026-09-15T16:13:25.309663Z
7021,2026_01_CHI_CAR,2026,1,1153686,883,R,U,2,7,FALSE,TRUE,FALSE,FALSE,FALSE,FALSE,FALSE,FALSE,FALSE,0,FALSE,FALSE,FALSE,FALSE,FALSE,0,0,FALSE,2026-09-15T16:13:25.309663Z
7021,2026_01_CHI_CAR,2026,1,1153687,910,R,S,1,6,FALSE,TRUE,FALSE,FALSE,FALSE,FALSE,TRUE,FALSE,FALSE,SD,TRUE,TRUE,TRUE,FALSE,FALSE,1,5,FALSE,2026-09-15T16:13:25.309663Z
7021,2026_01_CHI_CAR,2026,1,1153688,943,R,U,2,7,FALSE,FALSE,TRUE,FALSE,FALSE,FALSE,TRUE,FALSE,TRUE,SD,FALSE,FALSE,FALSE,FALSE,FALSE,1,5,FALSE,2026-09-15T16:13:25.309663Z
7021,2026_01_CHI_CAR,2026,1,1153689,966,R,U,1,6,FALSE,FALSE,FALSE,FALSE,FALSE,FALSE,FALSE,FALSE,FALSE,0,FALSE,FALSE,FALSE,FALSE,FALSE,0,0,FALSE,2026-09-15T16:13:25.309663Z
7021,2026_01_CHI_CAR,2026,1,1153690,988,R,S,1,6,TRUE,TRUE,FALSE,FALSE,FALSE,FALSE,FALSE,FALSE,FALSE,0,FALSE,FALSE,FALSE,FALSE,FALSE,0,0,FALSE,2026-09-15T16:13:25.309663Z
7021,2026_01_CHI_CAR,2026,1,1153691,1011,0,0,0,0,FALSE,FALSE,FALSE,FALSE,FALSE,FALSE,FALSE,FALSE,FALSE,0,FALSE,FALSE,FALSE,FALSE,FALSE,0,0,FALSE,2026-09-15T16:13:25.309663Z
7021,2026_01_CHI_CAR,2026,1,1153692,1026,0,0,0,0,FALSE,FALSE,FALSE,FALSE,FALSE,FALSE,FALSE,FALSE,FALSE,0,FALSE,FALSE,FALSE,FALSE,FALSE,0,0,FALSE,2026-09-15T16:13:25.309663Z
7021,2026_01_CHI_CAR,2026,1,1153693,1072,L,U,2,6,FALSE,TRUE,FALSE,FALSE,FALSE,FALSE,FALSE,FALSE,FALSE,0,FALSE,FALSE,FALSE,FALSE,FALSE,0,0,FALSE,2026-09-15T16:13:25.309663Z
7021,2026_01_CHI_CAR,2026,1,1153694,1094,0,0,0,0,TRUE,FALSE,FALSE,FALSE,FALSE,FALSE,FALSE,FALSE,FALSE,0,FALSE,FALSE,FALSE,FALSE,FALSE,0,0,FALSE,2026-09-15T16:13:25.309663Z
7021,2026_01_CHI_CAR,2026,1,1153695,1118,R,S,1,6,FALSE,TRUE,FALSE,FALSE,TRUE,FALSE,FALSE,FALSE,FALSE,0,FALSE,FALSE,FALSE,FALSE,FALSE,0,0,FALSE,2026-09-15T16:13:25.309663Z
7021,2026_01_CHI_CAR,2026,1,1153696,1140,M,S,1,6,FALSE,TRUE,FALSE,TRUE,FALSE,FALSE,FALSE,FALSE,FALSE,DES,TRUE,FALSE,FALSE,FALSE,FALSE,0,4,FALSE,2026-09-15T16:13:25.309663Z
7021,2026_01_CHI_CAR,2026,1,1153697,1185,0,0,0,0,FALSE,FALSE,FALSE,FALSE,FALSE,FALSE,FALSE,FALSE,FALSE,0,FALSE,FALSE,FALSE,FALSE,FALSE,0,0,FALSE,2026-09-15T16:13:25.309663Z
7021,2026_01_CHI_CAR,2026,1,1153698,1222,L,S,1,7,FALSE,TRUE,TRUE,FALSE,FALSE,FALSE,FALSE,FALSE,FALSE,CHK,TRUE,FALSE,FALSE,FALSE,FALSE,1,5,FALSE,2026-09-15T16:13:25.309663Z
7021,2026_01_CHI_CAR,2026,1,1153699,1247,L,U,1,7,FALSE,TRUE,TRUE,FALSE,FALSE,FALSE,TRUE,FALSE,FALSE,1,TRUE,TRUE,TRUE,FALSE,FALSE,0,4,FALSE,2026-09-15T16:13:25.309663Z
7021,2026_01_CHI_CAR,2026,1,1153700,1273,0,0,0,0,FALSE,FALSE,FALSE,FALSE,FALSE,FALSE,FALSE,FALSE,FALSE,0,FALSE,FALSE,FALSE,FALSE,FALSE,0,0,FALSE,2026-09-15T16:13:25.309663Z
7021,2026_01_CHI_CAR,2026,1,1153701,1288,0,0,0,0,FALSE,FALSE,FALSE,FALSE,FALSE,FALSE,FALSE,FALSE,FALSE,0,FALSE,FALSE,FALSE,FALSE,FALSE,0,0,FALSE,2026-09-15T16:13:25.309663Z
7021,2026_01_CHI_CAR,2026,1,1153702,1321,L,S,1,6,FALSE,TRUE,TRUE,FALSE,FALSE,FALSE,FALSE,FALSE,FALSE,1,TRUE,FALSE,FALSE,FALSE,FALSE,0,4,FALSE,2026-09-15T16:13:25.309663Z
7021,2026_01_CHI_CAR,2026,1,1153703,1351,L,U,1,7,FALSE,TRUE,FALSE,FALSE,FALSE,FALSE,FALSE,FALSE,FALSE,0,FALSE,FALSE,FALSE,FALSE,FALSE,0,0,FALSE,2026-09-15T16:13:25.309663Z
7021,2026_01_CHI_CAR,2026,1,1153704,1373,L,U,2,6,FALSE,TRUE,TRUE,FALSE,FALSE,FALSE,FALSE,FALSE,FALSE,1,TRUE,FALSE,FALSE,FALSE,FALSE,0,4,FALSE,2026-09-15T16:13:25.309663Z
7021,2026_01_CHI_CAR,2026,1,1153705,1399,0,0,0,0,FALSE,FALSE,FALSE,FALSE,FALSE,FALSE,FALSE,FALSE,FALSE,0,FALSE,FALSE,FALSE,FALSE,FALSE,0,0,FALSE,2026-09-15T16:13:25.309663Z
7021,2026_01_CHI_CAR,2026,1,1153706,1414,0,0,0,0,FALSE,FALSE,FALSE,FALSE,FALSE,FALSE,FALSE,FALSE,FALSE,0,FALSE,FALSE,FALSE,FALSE,FALSE,0,0,FALSE,2026-09-15T16:13:25.309663Z
7021,2026_01_CHI_CAR,2026,1,1153707,1456,R,U,1,7,FALSE,TRUE,FALSE,FALSE,FALSE,FALSE,FALSE,FALSE,FALSE,0,FALSE,FALSE,FALSE,FALSE,FALSE,0,0,FALSE,2026-09-15T16:13:25.309663Z
7021,2026_01_CHI_CAR,2026,1,1153708,1478,R,S,1,5,FALSE,FALSE,FALSE,FALSE,FALSE,FALSE,TRUE,FALSE,FALSE,SD,FALSE,FALSE,FALSE,FALSE,FALSE,1,5,FALSE,2026-09-15T16:13:25.309663Z
7021,2026_01_CHI_CAR,2026,1,1153709,1511,R,S,1,6,FALSE,TRUE,FALSE,FALSE,FALSE,FALSE,TRUE,FALSE,FALSE,SD,FALSE,FALSE,FALSE,FALSE,FALSE,1,4,FALSE,2026-09-15T16:13:25.309663Z
7021,2026_01_CHI_CAR,2026,1,1153710,1533,M,U,3,7,FALSE,FALSE,FALSE,FALSE,FALSE,FALSE,FALSE,FALSE,FALSE,0,FALSE,FALSE,FALSE,FALSE,TRUE,0,0,FALSE,2026-09-15T16:13:25.309663Z
7021,2026_01_CHI_CAR,2026,1,1153711,1556,M,S,1,7,FALSE,TRUE,TRUE,FALSE,FALSE,FALSE,FALSE,FALSE,FALSE,1,TRUE,FALSE,FALSE,FALSE,FALSE,0,4,FALSE,2026-09-15T16:13:25.309663Z
7021,2026_01_CHI_CAR,2026,1,1153712,1581,R,U,1,6,TRUE,FALSE,FALSE,FALSE,FALSE,FALSE,FALSE,FALSE,FALSE,0,FALSE,FALSE,FALSE,FALSE,FALSE,0,0,FALSE,2026-09-15T16:13:25.309663Z
7021,2026_01_CHI_CAR,2026,1,1153713,1603,L,S,1,7,FALSE,TRUE,FALSE,FALSE,FALSE,FALSE,FALSE,FALSE,FALSE,1,TRUE,FALSE,FALSE,FALSE,FALSE,1,5,FALSE,2026-09-15T16:13:25.309663Z
7021,2026_01_CHI_CAR,2026,1,1153714,1639,L,U,2,8,FALSE,TRUE,FALSE,FALSE,FALSE,FALSE,FALSE,FALSE,FALSE,0,FALSE,FALSE,FALSE,FALSE,FALSE,0,0,FALSE,2026-09-15T16:13:25.309663Z
7021,2026_01_CHI_CAR,2026,1,1153715,1672,L,U,2,6,FALSE,TRUE,FALSE,FALSE,FALSE,FALSE,TRUE,FALSE,FALSE,SD,FALSE,FALSE,FALSE,FALSE,FALSE,0,4,FALSE,2026-09-15T16:13:25.309663Z
7021,2026_01_CHI_CAR,2026,1,1153716,1695,0,0,0,0,FALSE,FALSE,FALSE,FALSE,FALSE,FALSE,FALSE,FALSE,FALSE,0,FALSE,FALSE,FALSE,FALSE,FALSE,0,0,FALSE,2026-09-15T16:13:25.309663Z
7021,2026_01_CHI_CAR,2026,1,1153717,1710,0,0,0,0,FALSE,FALSE,FALSE,FALSE,FALSE,FALSE,FALSE,FALSE,FALSE,0,FALSE,FALSE,FALSE,FALSE,FALSE,0,0,FALSE,2026-09-15T16:13:25.309663Z
7021,2026_01_CHI_CAR,2026,1,1153718,1745,L,U,1,6,FALSE,TRUE,TRUE,FALSE,FALSE,FALSE,TRUE,FALSE,TRUE,SD,FALSE,FALSE,FALSE,FALSE,FALSE,0,4,FALSE,2026-09-15T16:13:25.309663Z
7021,2026_01_CHI_CAR,2026,1,1153719,1768,L,U,1,6,FALSE,FALSE,FALSE,FALSE,FALSE,FALSE,FALSE,FALSE,FALSE,0,FALSE,FALSE,FALSE,FALSE,FALSE,0,0,FALSE,2026-09-15T16:13:25.309663Z
7021,2026_01_CHI_CAR,2026,1,1153720,1790,L,U,1,7,FALSE,TRUE,FALSE,FALSE,FALSE,FALSE,FALSE,FALSE,FALSE,0,FALSE,FALSE,FALSE,FALSE,FALSE,0,0,FALSE,2026-09-15T16:13:25.309663Z
7021,2026_01_CHI_CAR,2026,1,1153721,1812,0,0,0,0,FALSE,FALSE,FALSE,FALSE,FALSE,FALSE,FALSE,FALSE,FALSE,0,FALSE,FALSE,FALSE,FALSE,FALSE,0,0,FALSE,2026-09-15T16:13:25.309663Z
7021,2026_01_CHI_CAR,2026,1,1153722,1842,L,U,2,7,FALSE,TRUE,FALSE,FALSE,FALSE,FALSE,FALSE,FALSE,FALSE,0,FALSE,FALSE,FALSE,FALSE,FALSE,0,0,FALSE,2026-09-15T16:13:25.309663Z
7021,2026_01_CHI_CAR,2026,1,1153723,1864,R,S,1,6,FALSE,FALSE,FALSE,FALSE,FALSE,FALSE,FALSE,FALSE,FALSE,CHK,TRUE,TRUE,FALSE,FALSE,FALSE,2,4,FALSE,2026-09-15T16:13:25.309663Z
7021,2026_01_CHI_CAR,2026,1,1153724,1899,R,S,1,6,FALSE,FALSE,FALSE,FALSE,FALSE,FALSE,FALSE,FALSE,FALSE,CHK,TRUE,FALSE,FALSE,FALSE,FALSE,0,4,FALSE,2026-09-15T16:13:25.309663Z
7021,2026_01_CHI_CAR,2026,1,1153725,1924,0,0,0,0,FALSE,FALSE,FALSE,FALSE,FALSE,FALSE,FALSE,FALSE,FALSE,0,FALSE,FALSE,FALSE,FALSE,FALSE,0,0,FALSE,2026-09-15T16:13:25.309663Z
7021,2026_01_CHI_CAR,2026,1,1153726,1944,0,0,0,0,FALSE,FALSE,FALSE,FALSE,FALSE,FALSE,FALSE,FALSE,FALSE,0,FALSE,FALSE,FALSE,FALSE,FALSE,0,0,FALSE,2026-09-15T16:13:25.309663Z
7021,2026_01_CHI_CAR,2026,1,1153727,1975,L,U,1,6,FALSE,TRUE,FALSE,FALSE,FALSE,FALSE,FALSE,FALSE,FALSE,0,FALSE,FALSE,FALSE,FALSE,FALSE,0,0,FALSE,2026-09-15T16:13:25.309663Z
7021,2026_01_CHI_CAR,2026,1,1153728,2008,L,U,1,6,FALSE,TRUE,FALSE,FALSE,FALSE,FALSE,TRUE,FALSE,FALSE,2,TRUE,FALSE,FALSE,FALSE,FALSE,1,5,FALSE,2026-09-15T16:13:25.309663Z
7021,2026_01_CHI_CAR,2026,1,1153729,2033,L,U,1,7,FALSE,FALSE,FALSE,FALSE,FALSE,FALSE,FALSE,FALSE,FALSE,0,FALSE,FALSE,FALSE,FALSE,FALSE,0,0,FALSE,2026-09-15T16:13:25.309663Z
7021,2026_01_CHI_CAR,2026,1,1153730,2072,L,S,0,5,FALSE,FALSE,FALSE,FALSE,FALSE,FALSE,TRUE,FALSE,FALSE,SD,TRUE,FALSE,FALSE,FALSE,FALSE,0,3,FALSE,2026-09-15T16:13:25.309663Z
7021,2026_01_CHI_CAR,2026,1,1153731,2097,R,U,1,7,FALSE,FALSE,TRUE,FALSE,FALSE,FALSE,TRUE,FALSE,TRUE,CHK,FALSE,FALSE,FALSE,FALSE,FALSE,2,6,FALSE,2026-09-15T16:13:25.309663Z
7021,2026_01_CHI_CAR,2026,1,1153732,2120,R,S,1,6,FALSE,FALSE,FALSE,FALSE,FALSE,FALSE,FALSE,FALSE,FALSE,1,FALSE,TRUE,FALSE,FALSE,FALSE,1,5,FALSE,2026-09-15T16:13:25.309663Z
7021,2026_01_CHI_CAR,2026,1,1153733,2143,R,S,1,6,FALSE,FALSE,FALSE,FALSE,FALSE,FALSE,TRUE,FALSE,TRUE,SD,FALSE,FALSE,FALSE,FALSE,FALSE,1,5,FALSE,2026-09-15T16:13:25.309663Z
7021,2026_01_CHI_CAR,2026,1,1153734,2166,0,0,0,0,FALSE,FALSE,FALSE,FALSE,FALSE,FALSE,FALSE,FALSE,FALSE,0,FALSE,FALSE,FALSE,FALSE,FALSE,0,0,FALSE,2026-09-15T16:13:25.309663Z
7021,2026_01_CHI_CAR,2026,1,1153735,2186,0,0,0,0,FALSE,FALSE,FALSE,FALSE,FALSE,FALSE,FALSE,FALSE,FALSE,0,FALSE,FALSE,FALSE,FALSE,FALSE,0,0,FALSE,2026-09-15T16:13:25.309663Z
7021,2026_01_CHI_CAR,2026,1,1153736,2209,R,S,1,6,FALSE,FALSE,TRUE,FALSE,FALSE,FALSE,TRUE,FALSE,FALSE,0,FALSE,FALSE,FALSE,FALSE,FALSE,1,5,FALSE,2026-09-15T16:13:25.309663Z
7021,2026_01_CHI_CAR,2026,1,1153737,2229,R,S,1,6,FALSE,TRUE,FALSE,FALSE,FALSE,FALSE,FALSE,FALSE,FALSE,CHK,TRUE,TRUE,FALSE,FALSE,FALSE,0,4,FALSE,2026-09-15T16:13:25.309663Z
7021,2026_01_CHI_CAR,2026,1,1153738,2261,M,S,1,5,FALSE,TRUE,FALSE,FALSE,FALSE,FALSE,TRUE,FALSE,FALSE,SD,TRUE,FALSE,FALSE,FALSE,FALSE,0,4,FALSE,2026-09-15T16:13:25.309663Z
7021,2026_01_CHI_CAR,2026,1,1153739,2286,L,S,1,5,FALSE,FALSE,FALSE,FALSE,FALSE,FALSE,FALSE,FALSE,FALSE,CHK,TRUE,FALSE,FALSE,FALSE,FALSE,0,4,FALSE,2026-09-15T16:13:25.309663Z
7021,2026_01_CHI_CAR,2026,1,1153740,2323,0,0,0,0,FALSE,FALSE,FALSE,FALSE,FALSE,FALSE,FALSE,FALSE,FALSE,0,FALSE,FALSE,FALSE,FALSE,FALSE,0,0,FALSE,2026-09-15T16:13:25.309663Z
7021,2026_01_CHI_CAR,2026,1,1153741,2311,0,0,0,0,FALSE,FALSE,FALSE,FALSE,FALSE,FALSE,FALSE,FALSE,FALSE,0,FALSE,FALSE,FALSE,FALSE,FALSE,0,0,FALSE,2026-09-15T16:13:25.309663Z
7021,2026_01_CHI_CAR,2026,1,1153742,2342,L,S,0,6,FALSE,FALSE,FALSE,FALSE,FALSE,FALSE,FALSE,FALSE,FALSE,1,TRUE,FALSE,FALSE,FALSE,FALSE,0,4,FALSE,2026-09-15T16:13:25.309663Z
7021,2026_01_CHI_CAR,2026,1,1153743,2379,0,0,0,0,FALSE,FALSE,FALSE,FALSE,FALSE,FALSE,FALSE,FALSE,FALSE,0,FALSE,FALSE,FALSE,FALSE,FALSE,0,0,FALSE,2026-09-15T16:13:25.309663Z
7021,2026_01_CHI_CAR,2026,1,1153744,2367,L,S,1,5,FALSE,FALSE,FALSE,FALSE,FALSE,FALSE,TRUE,FALSE,FALSE,SD,FALSE,FALSE,FALSE,FALSE,FALSE,0,4,FALSE,2026-09-15T16:13:25.309663Z
7021,2026_01_CHI_CAR,2026,1,1153745,2397,0,0,0,0,FALSE,FALSE,FALSE,FALSE,FALSE,FALSE,FALSE,FALSE,FALSE,0,FALSE,FALSE,FALSE,FALSE,FALSE,0,0,FALSE,2026-09-15T16:13:25.309663Z
7021,2026_01_CHI_CAR,2026,1,1153746,2412,0,0,0,0,FALSE,FALSE,FALSE,FALSE,FALSE,FALSE,FALSE,FALSE,FALSE,0,FALSE,FALSE,FALSE,FALSE,FALSE,0,0,FALSE,2026-09-15T16:13:25.309663Z
7021,2026_01_CHI_CAR,2026,1,1153747,2435,R,S,0,6,FALSE,FALSE,FALSE,FALSE,FALSE,FALSE,FALSE,FALSE,FALSE,CHK,TRUE,FALSE,FALSE,FALSE,FALSE,0,4,FALSE,2026-09-15T16:13:25.309663Z
7021,2026_01_CHI_CAR,2026,1,1153748,2472,0,0,0,0,FALSE,FALSE,FALSE,FALSE,FALSE,FALSE,FALSE,FALSE,FALSE,0,FALSE,FALSE,FALSE,FALSE,FALSE,0,0,FALSE,2026-09-15T16:13:25.309663Z
7021,2026_01_CHI_CAR,2026,1,1153749,2460,M,S,0,6,FALSE,FALSE,FALSE,FALSE,FALSE,FALSE,FALSE,TRUE,FALSE,1,FALSE,FALSE,FALSE,FALSE,FALSE,0,4,FALSE,2026-09-15T16:13:25.309663Z
7021,2026_01_CHI_CAR,2026,1,1153750,2509,0,0,0,0,FALSE,FALSE,FALSE,FALSE,FALSE,FALSE,FALSE,FALSE,FALSE,0,FALSE,FALSE,FALSE,FALSE,FALSE,0,0,FALSE,2026-09-15T16:13:25.309663Z
7021,2026_01_CHI_CAR,2026,1,1153751,2497,R,S,1,6,FALSE,FALSE,FALSE,FALSE,FALSE,FALSE,FALSE,FALSE,FALSE,1,FALSE,TRUE,FALSE,FALSE,FALSE,0,4,FALSE,2026-09-15T16:13:25.309663Z
7021,2026_01_CHI_CAR,2026,1,1153752,2547,0,0,0,0,FALSE,FALSE,FALSE,FALSE,FALSE,FALSE,FALSE,FALSE,FALSE,0,FALSE,FALSE,FALSE,FALSE,FALSE,0,0,FALSE,2026-09-15T16:13:25.309663Z
7021,2026_01_CHI_CAR,2026,1,1153753,2570,R,U,1,7,FALSE,TRUE,FALSE,FALSE,FALSE,FALSE,FALSE,FALSE,FALSE,0,FALSE,FALSE,FALSE,FALSE,FALSE,0,0,FALSE,2026-09-15T16:13:25.309663Z
7021,2026_01_CHI_CAR,2026,1,1153754,2592,R,S,2,7,FALSE,TRUE,FALSE,FALSE,FALSE,FALSE,FALSE,FALSE,FALSE,0,FALSE,FALSE,FALSE,FALSE,FALSE,0,0,FALSE,2026-09-15T16:13:25.309663Z
7021,2026_01_CHI_CAR,2026,1,1153755,2614,R,S,1,6,FALSE,TRUE,FALSE,FALSE,FALSE,FALSE,FALSE,FALSE,FALSE,0,FALSE,FALSE,FALSE,FALSE,FALSE,0,4,FALSE,2026-09-15T16:13:25.309663Z
7021,2026_01_CHI_CAR,2026,1,1153756,2634,0,0,0,0,FALSE,FALSE,FALSE,FALSE,FALSE,FALSE,FALSE,FALSE,FALSE,0,FALSE,FALSE,FALSE,FALSE,FALSE,0,0,FALSE,2026-09-15T16:13:25.309663Z
7021,2026_01_CHI_CAR,2026,1,1153757,2655,L,U,2,7,FALSE,FALSE,TRUE,FALSE,FALSE,FALSE,FALSE,FALSE,FALSE,1,FALSE,FALSE,FALSE,FALSE,FALSE,1,5,FALSE,2026-09-15T16:13:25.309663Z
7021,2026_01_CHI_CAR,2026,1,1153758,2685,L,U,2,6,FALSE,TRUE,FALSE,FALSE,FALSE,FALSE,FALSE,FALSE,FALSE,0,FALSE,FALSE,FALSE,FALSE,FALSE,0,0,FALSE,2026-09-15T16:13:25.309663Z
7021,2026_01_CHI_CAR,2026,1,1153759,2707,M,S,1,5,FALSE,TRUE,FALSE,FALSE,FALSE,FALSE,FALSE,FALSE,FALSE,0,FALSE,FALSE,FALSE,FALSE,FALSE,1,5,FALSE,2026-09-15T16:13:25.309663Z
7021,2026_01_CHI_CAR,2026,1,1153760,2727,0,0,0,0,FALSE,FALSE,FALSE,FALSE,FALSE,FALSE,FALSE,FALSE,FALSE,0,FALSE,FALSE,FALSE,FALSE,FALSE,0,0,FALSE,2026-09-15T16:13:25.309663Z
7021,2026_01_CHI_CAR,2026,1,1153761,2765,M,S,1,6,FALSE,FALSE,TRUE,FALSE,FALSE,FALSE,FALSE,FALSE,FALSE,1,TRUE,FALSE,FALSE,FALSE,FALSE,1,5,FALSE,2026-09-15T16:13:25.309663Z
7021,2026_01_CHI_CAR,2026,1,1153762,2802,L,U,1,7,FALSE,FALSE,FALSE,FALSE,FALSE,FALSE,FALSE,FALSE,FALSE,0,FALSE,FALSE,FALSE,FALSE,FALSE,0,0,FALSE,2026-09-15T16:13:25.309663Z
7021,2026_01_CHI_CAR,2026,1,1153763,2824,L,U,1,7,FALSE,TRUE,TRUE,FALSE,FALSE,FALSE,FALSE,FALSE,TRUE,1,FALSE,FALSE,FALSE,FALSE,FALSE,1,5,FALSE,2026-09-15T16:13:25.309663Z
7021,2026_01_CHI_CAR,2026,1,1153764,2852,L,S,1,7,FALSE,TRUE,FALSE,FALSE,FALSE,FALSE,FALSE,FALSE,FALSE,1,TRUE,FALSE,FALSE,FALSE,FALSE,0,5,FALSE,2026-09-15T16:13:25.309663Z
7021,2026_01_CHI_CAR,2026,1,1153765,2880,R,U,1,7,FALSE,FALSE,FALSE,FALSE,FALSE,FALSE,FALSE,FALSE,FALSE,0,FALSE,FALSE,FALSE,FALSE,FALSE,0,0,FALSE,2026-09-15T16:13:25.309663Z
7021,2026_01_CHI_CAR,2026,1,1153766,2914,L,S,0,5,FALSE,FALSE,FALSE,FALSE,FALSE,FALSE,FALSE,FALSE,FALSE,1,TRUE,FALSE,FALSE,FALSE,FALSE,0,4,FALSE,2026-09-15T16:13:25.309663Z
7021,2026_01_CHI_CAR,2026,1,1153767,2942,L,U,2,7,FALSE,TRUE,FALSE,FALSE,FALSE,FALSE,FALSE,FALSE,FALSE,0,FALSE,FALSE,FALSE,FALSE,FALSE,0,0,FALSE,2026-09-15T16:13:25.309663Z
7021,2026_01_CHI_CAR,2026,1,1153768,2977,0,0,0,0,FALSE,FALSE,FALSE,FALSE,FALSE,FALSE,FALSE,FALSE,FALSE,0,FALSE,FALSE,FALSE,FALSE,FALSE,0,0,FALSE,2026-09-15T16:13:25.309663Z
7021,2026_01_CHI_CAR,2026,1,1153769,2992,0,0,0,0,FALSE,FALSE,FALSE,FALSE,FALSE,FALSE,FALSE,FALSE,FALSE,0,FALSE,FALSE,FALSE,FALSE,FALSE,0,0,FALSE,2026-09-15T16:13:25.309663Z
7021,2026_01_CHI_CAR,2026,1,1153770,3012,L,S,1,6,FALSE,FALSE,TRUE,FALSE,FALSE,FALSE,FALSE,FALSE,FALSE,1,FALSE,FALSE,FALSE,FALSE,FALSE,1,5,FALSE,2026-09-15T16:13:25.309663Z
7021,2026_01_CHI_CAR,2026,1,1153771,3035,L,S,1,6,FALSE,FALSE,FALSE,FALSE,TRUE,FALSE,FALSE,FALSE,FALSE,0,FALSE,FALSE,FALSE,FALSE,FALSE,0,0,FALSE,2026-09-15T16:13:25.309663Z
7021,2026_01_CHI_CAR,2026,1,1153772,3057,L,S,1,6,FALSE,TRUE,FALSE,FALSE,FALSE,FALSE,FALSE,FALSE,FALSE,1,TRUE,FALSE,FALSE,FALSE,FALSE,1,4,FALSE,2026-09-15T16:13:25.309663Z
7021,2026_01_CHI_CAR,2026,1,1153773,3082,R,U,1,6,TRUE,FALSE,TRUE,FALSE,FALSE,FALSE,FALSE,FALSE,FALSE,CHK,TRUE,FALSE,FALSE,FALSE,FALSE,0,4,FALSE,2026-09-15T16:13:25.309663Z
7021,2026_01_CHI_CAR,2026,1,1153774,3107,L,U,1,7,FALSE,TRUE,FALSE,FALSE,FALSE,FALSE,FALSE,FALSE,FALSE,0,FALSE,FALSE,FALSE,FALSE,FALSE,0,0,FALSE,2026-09-15T16:13:25.309663Z
7021,2026_01_CHI_CAR,2026,1,1153775,3129,L,U,2,6,FALSE,TRUE,TRUE,FALSE,FALSE,FALSE,TRUE,FALSE,FALSE,SD,FALSE,FALSE,FALSE,FALSE,FALSE,0,4,FALSE,2026-09-15T16:13:25.309663Z
7021,2026_01_CHI_CAR,2026,1,1153776,3159,L,S,1,6,FALSE,TRUE,FALSE,FALSE,FALSE,FALSE,FALSE,FALSE,FALSE,CHK,TRUE,FALSE,FALSE,FALSE,FALSE,1,4,FALSE,2026-09-15T16:13:25.309663Z
7021,2026_01_CHI_CAR,2026,1,1153777,3184,M,U,1,6,FALSE,TRUE,TRUE,FALSE,FALSE,FALSE,FALSE,FALSE,TRUE,SD,FALSE,FALSE,FALSE,FALSE,FALSE,1,5,FALSE,2026-09-15T16:13:25.309663Z
7021,2026_01_CHI_CAR,2026,1,1153778,3207,M,S,1,6,FALSE,FALSE,FALSE,TRUE,FALSE,FALSE,FALSE,FALSE,FALSE,DES,TRUE,FALSE,FALSE,FALSE,FALSE,0,4,FALSE,2026-09-15T16:13:25.309663Z
7021,2026_01_CHI_CAR,2026,1,1153779,3240,L,S,1,7,FALSE,FALSE,FALSE,FALSE,FALSE,FALSE,FALSE,FALSE,FALSE,1,FALSE,FALSE,FALSE,FALSE,FALSE,1,5,FALSE,2026-09-15T16:13:25.309663Z
7021,2026_01_CHI_CAR,2026,1,1153780,3270,L,S,1,6,FALSE,TRUE,FALSE,FALSE,FALSE,FALSE,FALSE,FALSE,FALSE,0,FALSE,FALSE,FALSE,FALSE,FALSE,0,0,FALSE,2026-09-15T16:13:25.309663Z
7021,2026_01_CHI_CAR,2026,1,1153781,3303,L,S,1,6,FALSE,TRUE,FALSE,FALSE,FALSE,FALSE,TRUE,FALSE,FALSE,SD,FALSE,FALSE,FALSE,FALSE,FALSE,0,4,FALSE,2026-09-15T16:13:25.309663Z
7021,2026_01_CHI_CAR,2026,1,1153782,3337,L,U,1,6,FALSE,TRUE,FALSE,FALSE,FALSE,FALSE,FALSE,FALSE,FALSE,0,FALSE,FALSE,FALSE,FALSE,FALSE,0,0,FALSE,2026-09-15T16:13:25.309663Z
7021,2026_01_CHI_CAR,2026,1,1153783,3359,R,U,2,6,FALSE,TRUE,FALSE,FALSE,FALSE,FALSE,FALSE,FALSE,FALSE,0,FALSE,FALSE,FALSE,FALSE,FALSE,0,0,FALSE,2026-09-15T16:13:25.309663Z
7021,2026_01_CHI_CAR,2026,1,1153784,3381,R,S,1,6,TRUE,TRUE,FALSE,FALSE,FALSE,FALSE,FALSE,FALSE,FALSE,0,FALSE,FALSE,FALSE,FALSE,FALSE,0,0,FALSE,2026-09-15T16:13:25.309663Z
7021,2026_01_CHI_CAR,2026,1,1153785,3404,0,0,0,0,FALSE,FALSE,FALSE,FALSE,FALSE,FALSE,FALSE,FALSE,FALSE,0,FALSE,FALSE,FALSE,FALSE,FALSE,0,0,FALSE,2026-09-15T16:13:25.309663Z
7021,2026_01_CHI_CAR,2026,1,1153786,3419,0,0,0,0,FALSE,FALSE,FALSE,FALSE,FALSE,FALSE,FALSE,FALSE,FALSE,0,FALSE,FALSE,FALSE,FALSE,FALSE,0,0,FALSE,2026-09-15T16:13:25.309663Z
7021,2026_01_CHI_CAR,2026,1,1153787,3451,L,S,1,6,FALSE,TRUE,TRUE,FALSE,FALSE,FALSE,FALSE,FALSE,TRUE,0,FALSE,FALSE,FALSE,FALSE,FALSE,1,5,FALSE,2026-09-15T16:13:25.309663Z
7021,2026_01_CHI_CAR,2026,1,1153788,3474,L,S,1,7,FALSE,TRUE,FALSE,FALSE,FALSE,FALSE,FALSE,FALSE,FALSE,1,TRUE,TRUE,FALSE,FALSE,FALSE,2,6,FALSE,2026-09-15T16:13:25.309663Z
7021,2026_01_CHI_CAR,2026,1,1153789,3499,0,0,0,0,TRUE,FALSE,FALSE,FALSE,FALSE,FALSE,FALSE,FALSE,FALSE,0,FALSE,FALSE,FALSE,FALSE,FALSE,0,0,FALSE,2026-09-15T16:13:25.309663Z
7021,2026_01_CHI_CAR,2026,1,1153790,3523,L,U,1,6,FALSE,TRUE,FALSE,FALSE,FALSE,FALSE,FALSE,FALSE,FALSE,0,FALSE,FALSE,FALSE,FALSE,FALSE,0,0,FALSE,2026-09-15T16:13:25.309663Z
7021,2026_01_CHI_CAR,2026,1,1153791,3545,M,S,1,6,FALSE,FALSE,FALSE,FALSE,FALSE,FALSE,FALSE,FALSE,FALSE,1,TRUE,FALSE,FALSE,FALSE,FALSE,0,4,FALSE,2026-09-15T16:13:25.309663Z
7021,2026_01_CHI_CAR,2026,1,1153792,3570,R,S,1,6,FALSE,TRUE,FALSE,FALSE,FALSE,FALSE,FALSE,FALSE,FALSE,1,FALSE,FALSE,FALSE,FALSE,FALSE,0,4,FALSE,2026-09-15T16:13:25.309663Z
7021,2026_01_CHI_CAR,2026,1,1153793,3593,R,S,1,6,FALSE,FALSE,FALSE,FALSE,FALSE,FALSE,FALSE,FALSE,FALSE,1,FALSE,TRUE,FALSE,FALSE,FALSE,0,4,FALSE,2026-09-15T16:13:25.309663Z
7021,2026_01_CHI_CAR,2026,1,1153794,3621,L,U,1,6,FALSE,TRUE,FALSE,FALSE,FALSE,FALSE,FALSE,FALSE,FALSE,0,FALSE,FALSE,FALSE,FALSE,FALSE,0,0,FALSE,2026-09-15T16:13:25.309663Z
7021,2026_01_CHI_CAR,2026,1,1153795,3644,0,0,0,0,FALSE,FALSE,FALSE,FALSE,FALSE,FALSE,FALSE,FALSE,FALSE,0,FALSE,FALSE,FALSE,FALSE,FALSE,0,0,FALSE,2026-09-15T16:13:25.309663Z
7021,2026_01_CHI_CAR,2026,1,1153796,3659,0,0,0,0,FALSE,FALSE,FALSE,FALSE,FALSE,FALSE,FALSE,FALSE,FALSE,0,FALSE,FALSE,FALSE,FALSE,FALSE,0,0,FALSE,2026-09-15T16:13:25.309663Z
7021,2026_01_CHI_CAR,2026,1,1153797,3685,L,S,1,6,FALSE,TRUE,FALSE,FALSE,FALSE,FALSE,FALSE,FALSE,FALSE,0,FALSE,FALSE,FALSE,FALSE,FALSE,0,0,FALSE,2026-09-15T16:13:25.309663Z
7021,2026_01_CHI_CAR,2026,1,1153798,3707,M,S,1,6,TRUE,FALSE,FALSE,FALSE,TRUE,FALSE,FALSE,FALSE,FALSE,1,TRUE,FALSE,FALSE,FALSE,FALSE,0,4,FALSE,2026-09-15T16:13:25.309663Z
7021,2026_01_CHI_CAR,2026,1,1153799,3752,L,S,1,7,FALSE,FALSE,TRUE,FALSE,FALSE,FALSE,FALSE,FALSE,FALSE,SD,TRUE,FALSE,FALSE,FALSE,FALSE,0,4,FALSE,2026-09-15T16:13:25.309663Z
7021,2026_01_CHI_CAR,2026,1,1153800,3841,R,U,2,6,FALSE,FALSE,TRUE,FALSE,FALSE,FALSE,TRUE,FALSE,FALSE,SD,FALSE,FALSE,FALSE,FALSE,FALSE,0,4,FALSE,2026-09-15T16:13:25.309663Z
7021,2026_01_CHI_CAR,2026,1,1153801,3875,L,U,1,6,FALSE,TRUE,FALSE,FALSE,FALSE,FALSE,FALSE,FALSE,FALSE,0,FALSE,FALSE,FALSE,FALSE,FALSE,0,0,FALSE,2026-09-15T16:13:25.309663Z
7021,2026_01_CHI_CAR,2026,1,1153802,3897,R,S,1,8,FALSE,FALSE,FALSE,FALSE,FALSE,FALSE,FALSE,FALSE,FALSE,1,TRUE,FALSE,FALSE,FALSE,FALSE,1,5,FALSE,2026-09-15T16:13:25.309663Z
7021,2026_01_CHI_CAR,2026,1,1153803,3922,R,S,0,6,FALSE,FALSE,FALSE,FALSE,FALSE,FALSE,FALSE,FALSE,FALSE,0,FALSE,FALSE,FALSE,FALSE,FALSE,0,0,FALSE,2026-09-15T16:13:25.309663Z
7021,2026_01_CHI_CAR,2026,1,1153804,3957,R,S,1,6,FALSE,TRUE,FALSE,FALSE,FALSE,FALSE,FALSE,FALSE,FALSE,0,FALSE,FALSE,FALSE,FALSE,FALSE,0,0,FALSE,2026-09-15T16:13:25.309663Z
7021,2026_01_CHI_CAR,2026,1,1153805,3979,L,S,1,6,FALSE,FALSE,FALSE,FALSE,FALSE,FALSE,FALSE,FALSE,FALSE,1,TRUE,FALSE,FALSE,FALSE,FALSE,0,4,FALSE,2026-09-15T16:13:25.309663Z
7021,2026_01_CHI_CAR,2026,1,1153806,4004,L,S,1,6,FALSE,FALSE,FALSE,FALSE,FALSE,FALSE,FALSE,FALSE,FALSE,1,TRUE,FALSE,FALSE,FALSE,FALSE,1,5,FALSE,2026-09-15T16:13:25.309663Z
7021,2026_01_CHI_CAR,2026,1,1153807,4029,L,U,1,6,FALSE,FALSE,FALSE,FALSE,FALSE,FALSE,FALSE,FALSE,FALSE,0,FALSE,FALSE,FALSE,FALSE,FALSE,0,0,FALSE,2026-09-15T16:13:25.309663Z
7021,2026_01_CHI_CAR,2026,1,1153808,4051,L,S,1,6,FALSE,TRUE,FALSE,TRUE,FALSE,FALSE,FALSE,FALSE,FALSE,DES,TRUE,FALSE,FALSE,FALSE,FALSE,0,4,FALSE,2026-09-15T16:13:25.309663Z
7021,2026_01_CHI_CAR,2026,1,1153809,4076,L,S,1,6,FALSE,TRUE,FALSE,FALSE,TRUE,FALSE,FALSE,FALSE,FALSE,0,FALSE,FALSE,FALSE,FALSE,FALSE,0,0,FALSE,2026-09-15T16:13:25.309663Z
7021,2026_01_CHI_CAR,2026,1,1153810,4098,L,U,1,6,FALSE,TRUE,FALSE,FALSE,FALSE,FALSE,FALSE,FALSE,FALSE,0,FALSE,FALSE,FALSE,FALSE,FALSE,0,0,FALSE,2026-09-15T16:13:25.309663Z
7021,2026_01_CHI_CAR,2026,1,1153811,4120,R,S,0,7,FALSE,FALSE,FALSE,FALSE,FALSE,FALSE,FALSE,FALSE,FALSE,1,FALSE,FALSE,FALSE,FALSE,FALSE,1,6,FALSE,2026-09-15T16:13:25.309663Z
7021,2026_01_CHI_CAR,2026,1,1153812,4158,R,U,1,8,FALSE,FALSE,FALSE,FALSE,FALSE,FALSE,FALSE,FALSE,FALSE,0,FALSE,FALSE,FALSE,FALSE,TRUE,0,0,FALSE,2026-09-15T16:13:25.309663Z
7021,2026_01_CHI_CAR,2026,1,1153813,4180,M,U,1,8,FALSE,TRUE,TRUE,FALSE,FALSE,FALSE,FALSE,FALSE,FALSE,1,TRUE,FALSE,FALSE,FALSE,FALSE,0,5,FALSE,2026-09-15T16:13:25.309663Z
7021,2026_01_CHI_CAR,2026,1,1153814,4206,0,0,0,0,FALSE,FALSE,FALSE,FALSE,FALSE,FALSE,FALSE,FALSE,FALSE,0,FALSE,FALSE,FALSE,FALSE,FALSE,0,0,FALSE,2026-09-15T16:13:25.309663Z
7021,2026_01_CHI_CAR,2026,1,1153815,4221,0,0,0,0,FALSE,FALSE,FALSE,FALSE,FALSE,FALSE,FALSE,FALSE,FALSE,0,FALSE,FALSE,FALSE,FALSE,FALSE,0,0,FALSE,2026-09-15T16:13:25.309663Z
7021,2026_01_CHI_CAR,2026,1,1153816,4256,L,S,0,5,FALSE,FALSE,FALSE,FALSE,FALSE,FALSE,FALSE,FALSE,FALSE,1,FALSE,FALSE,FALSE,FALSE,FALSE,0,4,FALSE,2026-09-15T16:13:25.309663Z
7021,2026_01_CHI_CAR,2026,1,1153817,4279,L,S,1,5,FALSE,FALSE,FALSE,FALSE,FALSE,FALSE,FALSE,FALSE,FALSE,1,TRUE,FALSE,FALSE,FALSE,FALSE,0,4,FALSE,2026-09-15T16:13:25.309663Z
7021,2026_01_CHI_CAR,2026,1,1153818,4304,L,S,1,5,TRUE,FALSE,FALSE,FALSE,FALSE,FALSE,TRUE,FALSE,TRUE,SD,FALSE,FALSE,FALSE,FALSE,FALSE,0,4,FALSE,2026-09-15T16:13:25.309663Z
7021,2026_01_CHI_CAR,2026,1,1153819,4327,L,S,1,6,FALSE,FALSE,FALSE,FALSE,FALSE,FALSE,FALSE,FALSE,FALSE,1,FALSE,FALSE,FALSE,FALSE,FALSE,3,7,FALSE,2026-09-15T16:13:25.309663Z
7021,2026_01_CHI_CAR,2026,1,1153820,4350,L,S,1,6,FALSE,FALSE,FALSE,FALSE,FALSE,FALSE,FALSE,FALSE,FALSE,CHK,TRUE,FALSE,FALSE,FALSE,FALSE,0,4,FALSE,2026-09-15T16:13:25.309663Z
7021,2026_01_CHI_CAR,2026,1,1153821,4375,R,S,1,6,TRUE,FALSE,FALSE,FALSE,FALSE,FALSE,FALSE,FALSE,TRUE,0,FALSE,FALSE,FALSE,FALSE,FALSE,1,5,FALSE,2026-09-15T16:13:25.309663Z
7021,2026_01_CHI_CAR,2026,1,1153822,4398,R,S,1,6,FALSE,TRUE,FALSE,FALSE,FALSE,FALSE,TRUE,FALSE,FALSE,SD,TRUE,FALSE,FALSE,FALSE,FALSE,0,4,FALSE,2026-09-15T16:13:25.309663Z
7021,2026_01_CHI_CAR,2026,1,1153823,4428,R,S,1,8,FALSE,FALSE,FALSE,FALSE,FALSE,FALSE,FALSE,FALSE,FALSE,1,TRUE,FALSE,FALSE,FALSE,FALSE,3,8,FALSE,2026-09-15T16:13:25.309663Z
7021,2026_01_CHI_CAR,2026,1,1153824,4458,L,S,1,7,FALSE,TRUE,FALSE,FALSE,FALSE,FALSE,FALSE,FALSE,FALSE,1,TRUE,FALSE,FALSE,FALSE,FALSE,0,4,FALSE,2026-09-15T16:13:25.309663Z
7021,2026_01_CHI_CAR,2026,1,1153825,4495,L,S,1,6,FALSE,FALSE,FALSE,FALSE,FALSE,FALSE,TRUE,FALSE,FALSE,SD,FALSE,FALSE,FALSE,FALSE,FALSE,0,4,FALSE,2026-09-15T16:13:25.309663Z
7021,2026_01_CHI_CAR,2026,1,1153826,4523,M,S,1,6,TRUE,FALSE,FALSE,FALSE,FALSE,FALSE,FALSE,FALSE,FALSE,1,TRUE,FALSE,FALSE,FALSE,FALSE,0,4,FALSE,2026-09-15T16:13:25.309663Z
7021,2026_01_CHI_CAR,2026,1,1153827,4549,0,0,0,0,FALSE,FALSE,FALSE,FALSE,FALSE,FALSE,FALSE,FALSE,FALSE,0,FALSE,FALSE,FALSE,FALSE,FALSE,0,0,FALSE,2026-09-15T16:13:25.309663Z
7021,2026_01_CHI_CAR,2026,1,1153828,4564,0,0,0,0,FALSE,FALSE,FALSE,FALSE,FALSE,FALSE,FALSE,FALSE,FALSE,0,FALSE,FALSE,FALSE,FALSE,FALSE,0,0,FALSE,2026-09-15T16:13:25.309663Z
7021,2026_01_CHI_CAR,2026,1,1153829,4588,R,U,1,7,FALSE,FALSE,FALSE,FALSE,FALSE,FALSE,FALSE,FALSE,FALSE,0,FALSE,FALSE,FALSE,FALSE,FALSE,0,0,FALSE,2026-09-15T16:13:25.309663Z
7021,2026_01_CHI_CAR,2026,1,1153830,4622,0,0,0,0,FALSE,FALSE,FALSE,FALSE,FALSE,FALSE,FALSE,FALSE,FALSE,0,FALSE,FALSE,FALSE,FALSE,FALSE,0,0,FALSE,2026-09-15T16:13:25.309663Z
7021,2026_01_CHI_CAR,2026,1,1153831,4610,R,U,2,7,FALSE,TRUE,FALSE,FALSE,FALSE,FALSE,FALSE,FALSE,FALSE,0,FALSE,FALSE,FALSE,FALSE,FALSE,0,0,FALSE,2026-09-15T16:13:25.309663Z
7021,2026_01_CHI_CAR,2026,1,1153832,4651,0,0,0,0,FALSE,FALSE,FALSE,FALSE,FALSE,FALSE,FALSE,FALSE,FALSE,0,FALSE,FALSE,FALSE,FALSE,FALSE,0,0,FALSE,2026-09-15T16:13:25.309663Z
7021,2026_01_CHI_CAR,2026,1,1153833,4639,0,0,0,0,FALSE,FALSE,FALSE,FALSE,FALSE,FALSE,FALSE,FALSE,FALSE,0,FALSE,FALSE,FALSE,FALSE,FALSE,0,0,FALSE,2026-09-15T16:13:25.309663Z
7021,2026_01_CHI_CAR,2026,1,1153834,4670,R,U,1,7,FALSE,TRUE,FALSE,FALSE,FALSE,FALSE,FALSE,FALSE,FALSE,0,FALSE,FALSE,FALSE,FALSE,FALSE,0,0,FALSE,2026-09-15T16:13:25.309663Z
7021,2026_01_CHI_CAR,2026,1,1153835,4704,0,0,0,0,FALSE,FALSE,FALSE,FALSE,FALSE,FALSE,FALSE,FALSE,FALSE,0,FALSE,FALSE,FALSE,FALSE,FALSE,0,0,FALSE,2026-09-15T16:13:25.309663Z
7021,2026_01_CHI_CAR,2026,1,1153836,4692,L,U,1,7,FALSE,TRUE,FALSE,FALSE,FALSE,FALSE,FALSE,FALSE,FALSE,0,FALSE,FALSE,FALSE,FALSE,FALSE,0,0,FALSE,2026-09-15T16:13:25.309663Z
7021,2026_01_CHI_CAR,2026,1,1153837,4722,0,0,0,0,FALSE,FALSE,FALSE,FALSE,FALSE,FALSE,FALSE,FALSE,FALSE,0,FALSE,FALSE,FALSE,FALSE,FALSE,0,0,FALSE,2026-09-15T16:13:25.309663Z
7021,2026_01_CHI_CAR,2026,1,1153838,4737,0,0,0,0,FALSE,FALSE,FALSE,FALSE,FALSE,FALSE,FALSE,FALSE,FALSE,0,FALSE,FALSE,FALSE,FALSE,FALSE,0,0,FALSE,2026-09-15T16:13:25.309663Z
7021,2026_01_CHI_CAR,2026,1,1153839,4754,L,S,1,6,FALSE,TRUE,FALSE,FALSE,TRUE,FALSE,FALSE,FALSE,FALSE,0,FALSE,FALSE,FALSE,FALSE,FALSE,0,0,FALSE,2026-09-15T16:13:25.309663Z
7021,2026_01_CHI_CAR,2026,1,1153840,4776,L,U,2,6,FALSE,TRUE,FALSE,FALSE,FALSE,FALSE,FALSE,FALSE,FALSE,0,FALSE,FALSE,FALSE,FALSE,FALSE,0,0,FALSE,2026-09-15T16:13:25.309663Z
7021,2026_01_CHI_CAR,2026,1,1153841,4798,L,S,1,6,FALSE,TRUE,FALSE,FALSE,FALSE,FALSE,FALSE,FALSE,FALSE,0,FALSE,FALSE,FALSE,FALSE,FALSE,0,0,FALSE,2026-09-15T16:13:25.309663Z
7021,2026_01_CHI_CAR,2026,1,1153842,4820,L,S,2,7,FALSE,TRUE,TRUE,FALSE,FALSE,FALSE,TRUE,FALSE,FALSE,1,FALSE,FALSE,FALSE,FALSE,FALSE,0,4,FALSE,2026-09-15T16:13:25.309663Z
7021,2026_01_CHI_CAR,2026,1,1153843,4850,L,S,1,7,FALSE,TRUE,FALSE,FALSE,FALSE,FALSE,TRUE,FALSE,FALSE,SD,FALSE,FALSE,FALSE,FALSE,FALSE,0,4,FALSE,2026-09-15T16:13:25.309663Z
7021,2026_01_CHI_CAR,2026,1,1153844,4872,R,U,2,7,FALSE,TRUE,FALSE,FALSE,FALSE,FALSE,FALSE,FALSE,FALSE,0,FALSE,FALSE,FALSE,FALSE,FALSE,0,0,FALSE,2026-09-15T16:13:25.309663Z
7021,2026_01_CHI_CAR,2026,1,1153845,4894,M,U,1,7,FALSE,TRUE,FALSE,FALSE,FALSE,FALSE,FALSE,FALSE,FALSE,0,FALSE,FALSE,FALSE,FALSE,FALSE,0,0,FALSE,2026-09-15T16:13:25.309663Z
7022,2026_01_TB_CIN,2026,1,1153846,40,0,0,0,0,FALSE,FALSE,FALSE,FALSE,FALSE,FALSE,FALSE,FALSE,FALSE,0,FALSE,FALSE,FALSE,FALSE,FALSE,0,0,FALSE,2026-09-15T16:13:25.309663Z
7022,2026_01_TB_CIN,2026,1,1153847,68,R,U,1,7,FALSE,FALSE,FALSE,FALSE,FALSE,FALSE,FALSE,FALSE,FALSE,0,FALSE,FALSE,FALSE,FALSE,FALSE,0,0,FALSE,2026-09-15T16:13:25.309663Z
7022,2026_01_TB_CIN,2026,1,1153848,90,R,U,1,6,TRUE,TRUE,TRUE,FALSE,FALSE,FALSE,FALSE,FALSE,FALSE,1,FALSE,TRUE,FALSE,FALSE,FALSE,1,5,FALSE,2026-09-15T16:13:25.309663Z
7022,2026_01_TB_CIN,2026,1,1153849,125,0,0,0,0,FALSE,FALSE,FALSE,FALSE,FALSE,FALSE,FALSE,FALSE,FALSE,0,FALSE,FALSE,FALSE,FALSE,FALSE,0,0,FALSE,2026-09-15T16:13:25.309663Z
7022,2026_01_TB_CIN,2026,1,1153850,113,R,U,2,8,FALSE,TRUE,TRUE,FALSE,FALSE,FALSE,FALSE,FALSE,FALSE,1,TRUE,FALSE,FALSE,FALSE,FALSE,0,4,FALSE,2026-09-15T16:13:25.309663Z
7022,2026_01_TB_CIN,2026,1,1153851,145,L,U,1,7,FALSE,TRUE,TRUE,FALSE,FALSE,FALSE,FALSE,FALSE,FALSE,CHK,TRUE,FALSE,FALSE,TRUE,FALSE,0,5,FALSE,2026-09-15T16:13:25.309663Z
7022,2026_01_TB_CIN,2026,1,1153852,179,L,P,1,6,FALSE,TRUE,FALSE,FALSE,TRUE,FALSE,FALSE,FALSE,FALSE,0,FALSE,FALSE,FALSE,FALSE,FALSE,0,0,FALSE,2026-09-15T16:13:25.309663Z
7022,2026_01_TB_CIN,2026,1,1153853,201,L,U,1,6,FALSE,TRUE,FALSE,FALSE,FALSE,FALSE,FALSE,FALSE,FALSE,0,FALSE,FALSE,FALSE,FALSE,FALSE,0,0,FALSE,2026-09-15T16:13:25.309663Z
7022,2026_01_TB_CIN,2026,1,1153854,223,R,S,1,6,FALSE,TRUE,FALSE,FALSE,FALSE,FALSE,FALSE,FALSE,FALSE,1,TRUE,FALSE,FALSE,FALSE,FALSE,0,4,FALSE,2026-09-15T16:13:25.309663Z
7022,2026_01_TB_CIN,2026,1,1153855,248,L,S,1,6,FALSE,FALSE,FALSE,TRUE,FALSE,FALSE,FALSE,FALSE,FALSE,DES,TRUE,FALSE,FALSE,FALSE,FALSE,0,4,FALSE,2026-09-15T16:13:25.309663Z
7022,2026_01_TB_CIN,2026,1,1153856,273,R,U,1,6,FALSE,FALSE,FALSE,FALSE,FALSE,FALSE,FALSE,FALSE,FALSE,0,FALSE,FALSE,FALSE,FALSE,FALSE,0,0,FALSE,2026-09-15T16:13:25.309663Z
7022,2026_01_TB_CIN,2026,1,1153857,295,R,S,2,6,FALSE,TRUE,FALSE,FALSE,FALSE,FALSE,FALSE,FALSE,FALSE,0,FALSE,FALSE,FALSE,FALSE,FALSE,0,0,FALSE,2026-09-15T16:13:25.309663Z
7022,2026_01_TB_CIN,2026,1,1153858,317,R,S,0,6,FALSE,FALSE,FALSE,FALSE,FALSE,FALSE,TRUE,FALSE,TRUE,SD,FALSE,FALSE,FALSE,FALSE,FALSE,0,5,FALSE,2026-09-15T16:13:25.309663Z
7022,2026_01_TB_CIN,2026,1,1153859,340,0,0,0,0,FALSE,FALSE,FALSE,FALSE,FALSE,FALSE,FALSE,FALSE,FALSE,0,FALSE,FALSE,FALSE,FALSE,FALSE,0,0,FALSE,2026-09-15T16:13:25.309663Z
7022,2026_01_TB_CIN,2026,1,1153860,360,0,0,0,0,FALSE,FALSE,FALSE,FALSE,FALSE,FALSE,FALSE,FALSE,FALSE,0,FALSE,FALSE,FALSE,FALSE,FALSE,0,0,FALSE,2026-09-15T16:13:25.309663Z
7022,2026_01_TB_CIN,2026,1,1153861,390,L,U,1,7,FALSE,TRUE,FALSE,FALSE,FALSE,FALSE,FALSE,FALSE,FALSE,0,FALSE,FALSE,FALSE,FALSE,FALSE,0,0,FALSE,2026-09-15T16:13:25.309663Z
7022,2026_01_TB_CIN,2026,1,1153862,412,M,S,1,5,FALSE,FALSE,FALSE,FALSE,FALSE,FALSE,FALSE,FALSE,FALSE,1,TRUE,FALSE,FALSE,FALSE,FALSE,0,4,FALSE,2026-09-15T16:13:25.309663Z
7022,2026_01_TB_CIN,2026,1,1153863,437,R,S,1,6,FALSE,TRUE,FALSE,FALSE,FALSE,FALSE,FALSE,FALSE,FALSE,1,FALSE,TRUE,FALSE,FALSE,FALSE,0,5,FALSE,2026-09-15T16:13:25.309663Z
7022,2026_01_TB_CIN,2026,1,1153864,460,0,0,0,0,FALSE,FALSE,FALSE,FALSE,FALSE,FALSE,FALSE,FALSE,FALSE,0,FALSE,FALSE,FALSE,FALSE,FALSE,0,0,FALSE,2026-09-15T16:13:25.309663Z
7022,2026_01_TB_CIN,2026,1,1153865,491,L,U,2,8,FALSE,TRUE,FALSE,FALSE,FALSE,FALSE,FALSE,FALSE,FALSE,0,FALSE,FALSE,FALSE,FALSE,FALSE,0,0,FALSE,2026-09-15T16:13:25.309663Z
7022,2026_01_TB_CIN,2026,1,1153866,520,L,S,2,6,FALSE,TRUE,FALSE,FALSE,FALSE,FALSE,FALSE,FALSE,FALSE,CHK,TRUE,FALSE,FALSE,FALSE,FALSE,0,4,FALSE,2026-09-15T16:13:25.309663Z
7022,2026_01_TB_CIN,2026,1,1153867,545,R,S,1,6,TRUE,FALSE,FALSE,FALSE,FALSE,FALSE,TRUE,FALSE,FALSE,0,FALSE,FALSE,FALSE,FALSE,FALSE,1,5,TRUE,2026-09-15T16:13:25.309663Z
7022,2026_01_TB_CIN,2026,1,1153868,580,0,0,0,0,FALSE,FALSE,FALSE,FALSE,FALSE,FALSE,FALSE,FALSE,FALSE,0,FALSE,FALSE,FALSE,FALSE,FALSE,0,0,FALSE,2026-09-15T16:13:25.309663Z
7022,2026_01_TB_CIN,2026,1,1153869,595,0,0,0,0,FALSE,FALSE,FALSE,FALSE,FALSE,FALSE,FALSE,FALSE,FALSE,0,FALSE,FALSE,FALSE,FALSE,FALSE,0,0,FALSE,2026-09-15T16:13:25.309663Z
7022,2026_01_TB_CIN,2026,1,1153870,625,R,S,1,6,FALSE,TRUE,TRUE,FALSE,FALSE,FALSE,TRUE,FALSE,FALSE,0,FALSE,FALSE,FALSE,FALSE,FALSE,0,4,TRUE,2026-09-15T16:13:25.309663Z
7022,2026_01_TB_CIN,2026,1,1153871,656,L,S,1,5,FALSE,TRUE,FALSE,FALSE,FALSE,FALSE,FALSE,FALSE,FALSE,1,TRUE,FALSE,FALSE,TRUE,FALSE,0,4,FALSE,2026-09-15T16:13:25.309663Z
7022,2026_01_TB_CIN,2026,1,1153872,679,M,S,1,5,FALSE,TRUE,FALSE,FALSE,FALSE,FALSE,FALSE,FALSE,FALSE,CHK,TRUE,FALSE,FALSE,FALSE,FALSE,0,4,FALSE,2026-09-15T16:13:25.309663Z
7022,2026_01_TB_CIN,2026,1,1153873,720,L,S,1,7,FALSE,FALSE,FALSE,FALSE,FALSE,FALSE,FALSE,FALSE,FALSE,1,TRUE,FALSE,FALSE,FALSE,FALSE,0,4,FALSE,2026-09-15T16:13:25.309663Z
7022,2026_01_TB_CIN,2026,1,1153874,745,R,U,2,7,FALSE,FALSE,FALSE,FALSE,FALSE,FALSE,FALSE,FALSE,FALSE,0,FALSE,FALSE,FALSE,FALSE,FALSE,0,0,FALSE,2026-09-15T16:13:25.309663Z
7022,2026_01_TB_CIN,2026,1,1153875,767,M,S,1,6,FALSE,TRUE,FALSE,FALSE,FALSE,FALSE,FALSE,FALSE,FALSE,1,FALSE,TRUE,FALSE,FALSE,FALSE,1,6,FALSE,2026-09-15T16:13:25.309663Z
7022,2026_01_TB_CIN,2026,1,1153876,790,M,S,1,6,FALSE,TRUE,FALSE,FALSE,FALSE,FALSE,TRUE,FALSE,FALSE,SD,FALSE,FALSE,FALSE,FALSE,FALSE,0,4,FALSE,2026-09-15T16:13:25.309663Z
7022,2026_01_TB_CIN,2026,1,1153877,817,L,U,2,7,FALSE,TRUE,FALSE,FALSE,FALSE,FALSE,FALSE,FALSE,FALSE,0,FALSE,FALSE,FALSE,FALSE,FALSE,0,0,FALSE,2026-09-15T16:13:25.309663Z
7022,2026_01_TB_CIN,2026,1,1153878,839,M,S,1,7,FALSE,FALSE,FALSE,FALSE,FALSE,FALSE,FALSE,FALSE,FALSE,0,FALSE,FALSE,FALSE,FALSE,FALSE,0,0,FALSE,2026-09-15T16:13:25.309663Z
7022,2026_01_TB_CIN,2026,1,1153879,861,M,S,1,6,FALSE,TRUE,FALSE,FALSE,FALSE,FALSE,FALSE,FALSE,FALSE,1,TRUE,FALSE,FALSE,FALSE,FALSE,0,4,FALSE,2026-09-15T16:13:25.309663Z
7022,2026_01_TB_CIN,2026,1,1153880,887,0,0,0,0,FALSE,FALSE,FALSE,FALSE,FALSE,FALSE,FALSE,FALSE,FALSE,0,FALSE,FALSE,FALSE,FALSE,FALSE,0,0,FALSE,2026-09-15T16:13:25.309663Z
7022,2026_01_TB_CIN,2026,1,1153881,902,0,0,0,0,FALSE,FALSE,FALSE,FALSE,FALSE,FALSE,FALSE,FALSE,FALSE,0,FALSE,FALSE,FALSE,FALSE,FALSE,0,0,FALSE,2026-09-15T16:13:25.309663Z
7022,2026_01_TB_CIN,2026,1,1153882,932,R,S,2,6,FALSE,TRUE,TRUE,FALSE,FALSE,FALSE,TRUE,FALSE,FALSE,CHK,TRUE,FALSE,FALSE,FALSE,FALSE,0,4,FALSE,2026-09-15T16:13:25.309663Z
7022,2026_01_TB_CIN,2026,1,1153883,962,L,U,2,7,FALSE,TRUE,FALSE,FALSE,FALSE,FALSE,FALSE,FALSE,FALSE,0,FALSE,FALSE,FALSE,FALSE,FALSE,0,0,FALSE,2026-09-15T16:13:25.309663Z
7022,2026_01_TB_CIN,2026,1,1153884,984,R,U,1,7,FALSE,TRUE,TRUE,TRUE,FALSE,FALSE,FALSE,FALSE,FALSE,DES,TRUE,FALSE,FALSE,FALSE,FALSE,0,4,FALSE,2026-09-15T16:13:25.309663Z
7022,2026_01_TB_CIN,2026,1,1153885,1041,0,0,0,0,FALSE,FALSE,FALSE,FALSE,FALSE,FALSE,FALSE,FALSE,FALSE,0,FALSE,FALSE,FALSE,FALSE,FALSE,0,0,FALSE,2026-09-15T16:13:25.309663Z
7022,2026_01_TB_CIN,2026,1,1153886,1065,R,S,1,6,FALSE,TRUE,FALSE,FALSE,FALSE,FALSE,FALSE,FALSE,FALSE,CHK,TRUE,FALSE,FALSE,FALSE,FALSE,0,4,FALSE,2026-09-15T16:13:25.309663Z
7022,2026_01_TB_CIN,2026,1,1153887,1090,R,S,1,5,FALSE,TRUE,FALSE,FALSE,FALSE,FALSE,FALSE,FALSE,FALSE,1,TRUE,FALSE,FALSE,FALSE,FALSE,0,4,FALSE,2026-09-15T16:13:25.309663Z
7022,2026_01_TB_CIN,2026,1,1153888,1115,R,U,2,7,FALSE,TRUE,FALSE,FALSE,FALSE,FALSE,FALSE,FALSE,FALSE,0,FALSE,FALSE,FALSE,FALSE,FALSE,0,0,FALSE,2026-09-15T16:13:25.309663Z
7022,2026_01_TB_CIN,2026,1,1153889,1137,L,U,1,6,FALSE,TRUE,TRUE,FALSE,FALSE,FALSE,TRUE,TRUE,FALSE,1,FALSE,FALSE,FALSE,FALSE,FALSE,1,5,FALSE,2026-09-15T16:13:25.309663Z
7022,2026_01_TB_CIN,2026,1,1153890,1180,R,U,1,6,FALSE,FALSE,FALSE,FALSE,FALSE,FALSE,FALSE,FALSE,FALSE,0,FALSE,FALSE,FALSE,FALSE,FALSE,0,0,FALSE,2026-09-15T16:13:25.309663Z
7022,2026_01_TB_CIN,2026,1,1153891,1213,L,S,1,5,FALSE,TRUE,FALSE,FALSE,FALSE,FALSE,TRUE,FALSE,FALSE,SD,FALSE,FALSE,FALSE,FALSE,FALSE,0,4,FALSE,2026-09-15T16:13:25.309663Z
7022,2026_01_TB_CIN,2026,1,1153892,1252,L,U,2,8,FALSE,TRUE,TRUE,FALSE,FALSE,FALSE,FALSE,FALSE,FALSE,1,FALSE,FALSE,FALSE,FALSE,FALSE,0,4,FALSE,2026-09-15T16:13:25.309663Z
7022,2026_01_TB_CIN,2026,1,1153893,1282,L,S,1,7,FALSE,FALSE,FALSE,FALSE,TRUE,FALSE,FALSE,FALSE,FALSE,0,FALSE,FALSE,FALSE,FALSE,FALSE,0,0,FALSE,2026-09-15T16:13:25.309663Z
7022,2026_01_TB_CIN,2026,1,1153894,1304,L,S,2,6,FALSE,FALSE,FALSE,FALSE,FALSE,FALSE,FALSE,FALSE,FALSE,CHK,TRUE,FALSE,FALSE,FALSE,FALSE,0,4,FALSE,2026-09-15T16:13:25.309663Z
7022,2026_01_TB_CIN,2026,1,1153895,1329,R,S,1,8,FALSE,TRUE,FALSE,TRUE,FALSE,FALSE,FALSE,FALSE,FALSE,DES,TRUE,FALSE,FALSE,FALSE,FALSE,0,4,FALSE,2026-09-15T16:13:25.309663Z
7022,2026_01_TB_CIN,2026,1,1153896,1354,R,U,2,6,FALSE,TRUE,FALSE,FALSE,FALSE,FALSE,FALSE,FALSE,FALSE,0,FALSE,FALSE,FALSE,FALSE,FALSE,0,0,FALSE,2026-09-15T16:13:25.309663Z
7022,2026_01_TB_CIN,2026,1,1153897,1376,M,U,1,7,FALSE,TRUE,FALSE,FALSE,FALSE,FALSE,FALSE,FALSE,FALSE,1,TRUE,FALSE,FALSE,FALSE,FALSE,0,4,FALSE,2026-09-15T16:13:25.309663Z
7022,2026_01_TB_CIN,2026,1,1153898,1406,L,U,1,7,FALSE,TRUE,TRUE,TRUE,FALSE,FALSE,FALSE,FALSE,FALSE,DES,TRUE,FALSE,FALSE,FALSE,FALSE,1,6,FALSE,2026-09-15T16:13:25.309663Z
7022,2026_01_TB_CIN,2026,1,1153899,1431,L,S,1,6,FALSE,FALSE,FALSE,FALSE,FALSE,FALSE,FALSE,FALSE,FALSE,CHK,TRUE,FALSE,FALSE,FALSE,FALSE,0,4,FALSE,2026-09-15T16:13:25.309663Z
7022,2026_01_TB_CIN,2026,1,1153900,1456,R,U,1,8,FALSE,FALSE,FALSE,FALSE,FALSE,FALSE,FALSE,FALSE,FALSE,0,FALSE,FALSE,FALSE,FALSE,TRUE,0,0,FALSE,2026-09-15T16:13:25.309663Z
7022,2026_01_TB_CIN,2026,1,1153901,1478,R,S,1,7,FALSE,FALSE,FALSE,FALSE,FALSE,FALSE,FALSE,FALSE,FALSE,1,TRUE,FALSE,FALSE,FALSE,FALSE,0,5,FALSE,2026-09-15T16:13:25.309663Z
7022,2026_01_TB_CIN,2026,1,1153902,1506,L,U,1,7,FALSE,TRUE,TRUE,FALSE,FALSE,FALSE,TRUE,FALSE,FALSE,CHK,TRUE,FALSE,FALSE,FALSE,FALSE,1,5,FALSE,2026-09-15T16:13:25.309663Z
7022,2026_01_TB_CIN,2026,1,1153903,1543,R,U,2,7,FALSE,TRUE,FALSE,FALSE,FALSE,FALSE,FALSE,FALSE,FALSE,0,FALSE,FALSE,FALSE,FALSE,FALSE,0,0,FALSE,2026-09-15T16:13:25.309663Z
7022,2026_01_TB_CIN,2026,1,1153904,1566,0,0,0,0,FALSE,FALSE,FALSE,FALSE,FALSE,FALSE,FALSE,FALSE,FALSE,0,FALSE,FALSE,FALSE,FALSE,FALSE,0,0,FALSE,2026-09-15T16:13:25.309663Z
7022,2026_01_TB_CIN,2026,1,1153905,1581,0,0,0,0,FALSE,FALSE,FALSE,FALSE,FALSE,FALSE,FALSE,FALSE,FALSE,0,FALSE,FALSE,FALSE,FALSE,FALSE,0,0,FALSE,2026-09-15T16:13:25.309663Z
7022,2026_01_TB_CIN,2026,1,1153906,1611,L,U,2,7,FALSE,TRUE,TRUE,TRUE,FALSE,FALSE,FALSE,FALSE,FALSE,DES,TRUE,FALSE,FALSE,FALSE,FALSE,0,4,FALSE,2026-09-15T16:13:25.309663Z
7022,2026_01_TB_CIN,2026,1,1153907,1641,R,S,1,6,FALSE,TRUE,FALSE,FALSE,FALSE,FALSE,FALSE,FALSE,FALSE,1,TRUE,FALSE,FALSE,FALSE,FALSE,0,4,FALSE,2026-09-15T16:13:25.309663Z
7022,2026_01_TB_CIN,2026,1,1153908,1666,R,S,1,5,FALSE,TRUE,FALSE,FALSE,FALSE,FALSE,FALSE,FALSE,FALSE,1,TRUE,FALSE,FALSE,FALSE,FALSE,0,4,FALSE,2026-09-15T16:13:25.309663Z
7022,2026_01_TB_CIN,2026,1,1153909,1691,R,U,1,7,FALSE,TRUE,FALSE,FALSE,FALSE,FALSE,FALSE,FALSE,FALSE,0,FALSE,FALSE,FALSE,FALSE,FALSE,0,0,FALSE,2026-09-15T16:13:25.309663Z
7022,2026_01_TB_CIN,2026,1,1153910,1726,R,S,2,6,FALSE,TRUE,TRUE,FALSE,FALSE,FALSE,FALSE,FALSE,FALSE,1,TRUE,FALSE,FALSE,FALSE,FALSE,0,4,FALSE,2026-09-15T16:13:25.309663Z
7022,2026_01_TB_CIN,2026,1,1153911,1751,R,U,2,6,FALSE,TRUE,TRUE,FALSE,FALSE,FALSE,TRUE,FALSE,FALSE,1,TRUE,FALSE,FALSE,FALSE,FALSE,0,0,FALSE,2026-09-15T16:13:25.309663Z
7022,2026_01_TB_CIN,2026,1,1153912,1788,R,U,1,6,FALSE,TRUE,FALSE,FALSE,FALSE,FALSE,FALSE,FALSE,FALSE,0,FALSE,FALSE,FALSE,FALSE,FALSE,0,0,FALSE,2026-09-15T16:13:25.309663Z
7022,2026_01_TB_CIN,2026,1,1153913,1811,0,0,0,0,FALSE,FALSE,FALSE,FALSE,FALSE,FALSE,FALSE,FALSE,FALSE,0,FALSE,FALSE,FALSE,FALSE,FALSE,0,0,FALSE,2026-09-15T16:13:25.309663Z
7022,2026_01_TB_CIN,2026,1,1153914,1826,0,0,0,0,FALSE,FALSE,FALSE,FALSE,FALSE,FALSE,FALSE,FALSE,FALSE,0,FALSE,FALSE,FALSE,FALSE,FALSE,0,0,FALSE,2026-09-15T16:13:25.309663Z
7022,2026_01_TB_CIN,2026,1,1153915,1849,R,S,1,6,FALSE,FALSE,FALSE,FALSE,FALSE,FALSE,FALSE,FALSE,FALSE,1,FALSE,TRUE,FALSE,FALSE,FALSE,0,4,FALSE,2026-09-15T16:13:25.309663Z
7022,2026_01_TB_CIN,2026,1,1153916,1872,R,S,1,5,FALSE,TRUE,FALSE,FALSE,FALSE,FALSE,FALSE,FALSE,FALSE,1,TRUE,FALSE,FALSE,FALSE,FALSE,0,4,FALSE,2026-09-15T16:13:25.309663Z
7022,2026_01_TB_CIN,2026,1,1153917,1897,R,S,1,5,TRUE,FALSE,FALSE,FALSE,FALSE,FALSE,FALSE,FALSE,FALSE,CHK,FALSE,FALSE,FALSE,FALSE,FALSE,0,4,FALSE,2026-09-15T16:13:25.309663Z
7022,2026_01_TB_CIN,2026,1,1153918,1920,R,S,1,8,FALSE,FALSE,FALSE,FALSE,FALSE,FALSE,FALSE,FALSE,FALSE,1,TRUE,FALSE,FALSE,FALSE,FALSE,0,4,FALSE,2026-09-15T16:13:25.309663Z
7022,2026_01_TB_CIN,2026,1,1153919,1945,R,S,1,5,TRUE,FALSE,FALSE,FALSE,FALSE,FALSE,FALSE,FALSE,FALSE,1,TRUE,FALSE,FALSE,FALSE,FALSE,0,4,FALSE,2026-09-15T16:13:25.309663Z
7022,2026_01_TB_CIN,2026,1,1153920,1982,0,0,0,0,FALSE,FALSE,FALSE,FALSE,FALSE,FALSE,FALSE,FALSE,FALSE,0,FALSE,FALSE,FALSE,FALSE,FALSE,0,0,FALSE,2026-09-15T16:13:25.309663Z
7022,2026_01_TB_CIN,2026,1,1153921,1970,R,S,0,5,FALSE,FALSE,FALSE,FALSE,FALSE,FALSE,FALSE,FALSE,FALSE,0,FALSE,FALSE,FALSE,FALSE,FALSE,0,0,FALSE,2026-09-15T16:13:25.309663Z
7022,2026_01_TB_CIN,2026,1,1153922,2010,M,S,1,6,FALSE,TRUE,FALSE,FALSE,FALSE,FALSE,FALSE,FALSE,FALSE,0,FALSE,FALSE,FALSE,FALSE,FALSE,0,0,FALSE,2026-09-15T16:13:25.309663Z
7022,2026_01_TB_CIN,2026,1,1153923,2044,0,0,0,0,FALSE,FALSE,FALSE,FALSE,FALSE,FALSE,FALSE,FALSE,FALSE,0,FALSE,FALSE,FALSE,FALSE,FALSE,0,0,FALSE,2026-09-15T16:13:25.309663Z
7022,2026_01_TB_CIN,2026,1,1153924,2032,R,S,1,6,FALSE,TRUE,FALSE,FALSE,FALSE,FALSE,FALSE,FALSE,FALSE,2,FALSE,FALSE,FALSE,FALSE,FALSE,0,4,FALSE,2026-09-15T16:13:25.309663Z
7022,2026_01_TB_CIN,2026,1,1153925,2062,R,S,1,7,FALSE,TRUE,FALSE,FALSE,FALSE,FALSE,FALSE,FALSE,FALSE,1,TRUE,FALSE,FALSE,FALSE,FALSE,1,7,FALSE,2026-09-15T16:13:25.309663Z
7022,2026_01_TB_CIN,2026,1,1153926,2099,0,0,0,0,FALSE,FALSE,FALSE,FALSE,FALSE,FALSE,FALSE,FALSE,FALSE,0,FALSE,FALSE,FALSE,FALSE,FALSE,0,0,FALSE,2026-09-15T16:13:25.309663Z
7022,2026_01_TB_CIN,2026,1,1153927,2087,0,0,0,0,FALSE,FALSE,FALSE,FALSE,FALSE,FALSE,FALSE,FALSE,FALSE,0,FALSE,FALSE,FALSE,FALSE,FALSE,0,0,FALSE,2026-09-15T16:13:25.309663Z
7022,2026_01_TB_CIN,2026,1,1153928,2114,0,0,0,0,FALSE,FALSE,FALSE,FALSE,FALSE,FALSE,FALSE,FALSE,FALSE,0,FALSE,FALSE,FALSE,FALSE,FALSE,0,0,FALSE,2026-09-15T16:13:25.309663Z
7022,2026_01_TB_CIN,2026,1,1153929,2131,0,0,0,0,FALSE,FALSE,FALSE,FALSE,FALSE,FALSE,FALSE,FALSE,FALSE,0,FALSE,FALSE,FALSE,FALSE,FALSE,0,0,FALSE,2026-09-15T16:13:25.309663Z
7022,2026_01_TB_CIN,2026,1,1153930,2173,0,0,0,0,FALSE,FALSE,FALSE,FALSE,FALSE,FALSE,FALSE,FALSE,FALSE,0,FALSE,FALSE,FALSE,FALSE,FALSE,0,0,FALSE,2026-09-15T16:13:25.309663Z
7022,2026_01_TB_CIN,2026,1,1153931,2209,R,U,2,8,FALSE,TRUE,FALSE,FALSE,FALSE,FALSE,FALSE,FALSE,FALSE,0,FALSE,FALSE,FALSE,FALSE,FALSE,0,0,FALSE,2026-09-15T16:13:25.309663Z
7022,2026_01_TB_CIN,2026,1,1153932,2231,M,S,1,6,FALSE,TRUE,FALSE,TRUE,TRUE,FALSE,FALSE,FALSE,FALSE,DES,TRUE,FALSE,FALSE,FALSE,FALSE,1,5,FALSE,2026-09-15T16:13:25.309663Z
7022,2026_01_TB_CIN,2026,1,1153933,2256,L,S,2,6,FALSE,FALSE,FALSE,FALSE,FALSE,FALSE,FALSE,FALSE,FALSE,1,TRUE,FALSE,FALSE,FALSE,FALSE,1,6,FALSE,2026-09-15T16:13:25.309663Z
7022,2026_01_TB_CIN,2026,1,1153934,2298,0,0,0,0,FALSE,FALSE,FALSE,FALSE,FALSE,FALSE,FALSE,FALSE,FALSE,0,FALSE,FALSE,FALSE,FALSE,FALSE,0,0,FALSE,2026-09-15T16:13:25.309663Z
7022,2026_01_TB_CIN,2026,1,1153935,2286,R,S,1,6,FALSE,FALSE,FALSE,FALSE,FALSE,FALSE,FALSE,FALSE,FALSE,0,FALSE,FALSE,FALSE,FALSE,FALSE,0,0,FALSE,2026-09-15T16:13:25.309663Z
7022,2026_01_TB_CIN,2026,1,1153936,2325,R,S,1,6,FALSE,FALSE,FALSE,FALSE,TRUE,FALSE,FALSE,FALSE,FALSE,0,FALSE,FALSE,FALSE,FALSE,FALSE,0,0,FALSE,2026-09-15T16:13:25.309663Z
7022,2026_01_TB_CIN,2026,1,1153937,2352,R,S,1,7,FALSE,TRUE,FALSE,FALSE,FALSE,FALSE,FALSE,FALSE,FALSE,1,TRUE,FALSE,FALSE,FALSE,FALSE,0,4,FALSE,2026-09-15T16:13:25.309663Z
7022,2026_01_TB_CIN,2026,1,1153938,2377,R,S,1,7,FALSE,TRUE,FALSE,FALSE,FALSE,FALSE,FALSE,FALSE,FALSE,0,FALSE,FALSE,FALSE,FALSE,FALSE,0,5,TRUE,2026-09-15T16:13:25.309663Z
7022,2026_01_TB_CIN,2026,1,1153939,2397,0,0,0,0,FALSE,FALSE,FALSE,FALSE,FALSE,FALSE,FALSE,FALSE,FALSE,0,FALSE,FALSE,FALSE,FALSE,FALSE,0,0,FALSE,2026-09-15T16:13:25.309663Z
7022,2026_01_TB_CIN,2026,1,1153940,2417,0,0,0,0,FALSE,FALSE,FALSE,FALSE,FALSE,FALSE,FALSE,FALSE,FALSE,0,FALSE,FALSE,FALSE,FALSE,FALSE,0,0,FALSE,2026-09-15T16:13:25.309663Z
7022,2026_01_TB_CIN,2026,1,1153941,2447,R,U,1,7,FALSE,TRUE,FALSE,FALSE,FALSE,FALSE,FALSE,FALSE,FALSE,0,FALSE,FALSE,FALSE,FALSE,FALSE,0,0,FALSE,2026-09-15T16:13:25.309663Z
7022,2026_01_TB_CIN,2026,1,1153942,2469,R,S,1,5,FALSE,TRUE,FALSE,FALSE,FALSE,FALSE,TRUE,FALSE,FALSE,SD,FALSE,FALSE,FALSE,FALSE,FALSE,0,4,FALSE,2026-09-15T16:13:25.309663Z
7022,2026_01_TB_CIN,2026,1,1153943,2496,R,S,1,6,FALSE,TRUE,FALSE,FALSE,FALSE,FALSE,FALSE,FALSE,FALSE,DES,TRUE,FALSE,FALSE,FALSE,FALSE,0,4,FALSE,2026-09-15T16:13:25.309663Z
7022,2026_01_TB_CIN,2026,1,1153944,2530,L,U,1,7,FALSE,TRUE,TRUE,FALSE,FALSE,FALSE,FALSE,FALSE,FALSE,CHK,TRUE,FALSE,FALSE,FALSE,FALSE,0,4,FALSE,2026-09-15T16:13:25.309663Z
7022,2026_01_TB_CIN,2026,1,1153945,2555,L,U,2,7,FALSE,FALSE,FALSE,FALSE,FALSE,FALSE,FALSE,FALSE,FALSE,0,FALSE,FALSE,FALSE,FALSE,FALSE,0,0,FALSE,2026-09-15T16:13:25.309663Z
7022,2026_01_TB_CIN,2026,1,1153946,2577,L,U,1,7,FALSE,TRUE,FALSE,FALSE,FALSE,FALSE,FALSE,FALSE,FALSE,0,FALSE,FALSE,FALSE,FALSE,FALSE,0,0,FALSE,2026-09-15T16:13:25.309663Z
7022,2026_01_TB_CIN,2026,1,1153947,2599,L,U,1,9,FALSE,TRUE,TRUE,FALSE,FALSE,FALSE,TRUE,FALSE,FALSE,CHK,TRUE,FALSE,FALSE,FALSE,FALSE,0,6,FALSE,2026-09-15T16:13:25.309663Z
7022,2026_01_TB_CIN,2026,1,1153948,2640,L,U,2,7,FALSE,TRUE,FALSE,FALSE,FALSE,FALSE,FALSE,FALSE,FALSE,0,FALSE,FALSE,FALSE,FALSE,FALSE,0,0,FALSE,2026-09-15T16:13:25.309663Z
7022,2026_01_TB_CIN,2026,1,1153949,2662,R,U,1,7,FALSE,TRUE,TRUE,FALSE,FALSE,FALSE,TRUE,FALSE,FALSE,2,FALSE,FALSE,FALSE,FALSE,FALSE,0,4,FALSE,2026-09-15T16:13:25.309663Z
7022,2026_01_TB_CIN,2026,1,1153950,2685,R,S,1,5,FALSE,FALSE,FALSE,FALSE,FALSE,FALSE,FALSE,FALSE,FALSE,0,FALSE,FALSE,FALSE,FALSE,FALSE,0,4,TRUE,2026-09-15T16:13:25.309663Z
7022,2026_01_TB_CIN,2026,1,1153951,2705,0,0,0,0,FALSE,FALSE,FALSE,FALSE,FALSE,FALSE,FALSE,FALSE,FALSE,0,FALSE,FALSE,FALSE,FALSE,FALSE,0,0,FALSE,2026-09-15T16:13:25.309663Z
7022,2026_01_TB_CIN,2026,1,1153952,2725,0,0,0,0,FALSE,FALSE,FALSE,FALSE,FALSE,FALSE,FALSE,FALSE,FALSE,0,FALSE,FALSE,FALSE,FALSE,FALSE,0,0,FALSE,2026-09-15T16:13:25.309663Z
7022,2026_01_TB_CIN,2026,1,1153953,2758,L,S,1,6,FALSE,FALSE,FALSE,FALSE,FALSE,FALSE,FALSE,FALSE,FALSE,1,TRUE,FALSE,FALSE,FALSE,FALSE,1,4,FALSE,2026-09-15T16:13:25.309663Z
7022,2026_01_TB_CIN,2026,1,1153954,2783,L,S,2,6,FALSE,FALSE,FALSE,FALSE,TRUE,FALSE,FALSE,FALSE,FALSE,0,FALSE,FALSE,FALSE,FALSE,FALSE,0,0,FALSE,2026-09-15T16:13:25.309663Z
7022,2026_01_TB_CIN,2026,1,1153955,2805,R,S,1,7,TRUE,FALSE,FALSE,FALSE,FALSE,FALSE,FALSE,TRUE,FALSE,1,FALSE,FALSE,FALSE,FALSE,FALSE,0,5,FALSE,2026-09-15T16:13:25.309663Z
7022,2026_01_TB_CIN,2026,1,1153956,2843,0,0,0,0,FALSE,FALSE,FALSE,FALSE,FALSE,FALSE,FALSE,FALSE,FALSE,0,FALSE,FALSE,FALSE,FALSE,FALSE,0,0,FALSE,2026-09-15T16:13:25.309663Z
7022,2026_01_TB_CIN,2026,1,1153957,2858,0,0,0,0,FALSE,FALSE,FALSE,FALSE,FALSE,FALSE,FALSE,FALSE,FALSE,0,FALSE,FALSE,FALSE,FALSE,FALSE,0,0,FALSE,2026-09-15T16:13:25.309663Z
7022,2026_01_TB_CIN,2026,1,1153958,2899,M,U,2,7,FALSE,TRUE,TRUE,FALSE,FALSE,FALSE,TRUE,FALSE,FALSE,1,TRUE,FALSE,FALSE,FALSE,FALSE,0,4,FALSE,2026-09-15T16:13:25.309663Z
7022,2026_01_TB_CIN,2026,1,1153959,2935,R,U,1,8,FALSE,TRUE,TRUE,FALSE,FALSE,FALSE,FALSE,FALSE,FALSE,1,TRUE,TRUE,FALSE,FALSE,FALSE,1,6,FALSE,2026-09-15T16:13:25.309663Z
7022,2026_01_TB_CIN,2026,1,1153960,2960,M,S,1,6,FALSE,TRUE,FALSE,FALSE,FALSE,FALSE,FALSE,FALSE,FALSE,1,FALSE,FALSE,FALSE,FALSE,FALSE,2,6,FALSE,2026-09-15T16:13:25.309663Z
7022,2026_01_TB_CIN,2026,1,1153961,3023,M,S,2,6,FALSE,FALSE,FALSE,FALSE,FALSE,FALSE,FALSE,FALSE,FALSE,2,TRUE,FALSE,FALSE,FALSE,FALSE,0,4,FALSE,2026-09-15T16:13:25.309663Z
7022,2026_01_TB_CIN,2026,1,1153962,3048,L,U,1,7,FALSE,TRUE,FALSE,FALSE,FALSE,FALSE,FALSE,FALSE,FALSE,0,FALSE,FALSE,FALSE,FALSE,FALSE,0,0,FALSE,2026-09-15T16:13:25.309663Z
7022,2026_01_TB_CIN,2026,1,1153963,3070,L,S,1,7,FALSE,FALSE,FALSE,FALSE,FALSE,FALSE,FALSE,FALSE,FALSE,CHK,TRUE,FALSE,FALSE,FALSE,FALSE,1,4,FALSE,2026-09-15T16:13:25.309663Z
7022,2026_01_TB_CIN,2026,1,1153964,3120,L,S,1,6,FALSE,FALSE,FALSE,FALSE,FALSE,FALSE,FALSE,FALSE,FALSE,0,FALSE,FALSE,FALSE,FALSE,FALSE,0,0,FALSE,2026-09-15T16:13:25.309663Z
7022,2026_01_TB_CIN,2026,1,1153965,3154,0,0,0,0,FALSE,FALSE,FALSE,FALSE,FALSE,FALSE,FALSE,FALSE,FALSE,0,FALSE,FALSE,FALSE,FALSE,FALSE,0,0,FALSE,2026-09-15T16:13:25.309663Z
7022,2026_01_TB_CIN,2026,1,1153966,3142,L,S,1,7,FALSE,TRUE,FALSE,FALSE,FALSE,FALSE,TRUE,FALSE,TRUE,SD,FALSE,FALSE,FALSE,FALSE,FALSE,0,5,FALSE,2026-09-15T16:13:25.309663Z
7022,2026_01_TB_CIN,2026,1,1153967,3172,0,0,0,0,FALSE,FALSE,FALSE,FALSE,FALSE,FALSE,FALSE,FALSE,FALSE,0,FALSE,FALSE,FALSE,FALSE,FALSE,0,0,FALSE,2026-09-15T16:13:25.309663Z
7022,2026_01_TB_CIN,2026,1,1153968,3192,0,0,0,0,FALSE,FALSE,FALSE,FALSE,FALSE,FALSE,FALSE,FALSE,FALSE,0,FALSE,FALSE,FALSE,FALSE,FALSE,0,0,FALSE,2026-09-15T16:13:25.309663Z
7022,2026_01_TB_CIN,2026,1,1153969,3222,R,U,2,6,FALSE,TRUE,TRUE,FALSE,FALSE,FALSE,FALSE,FALSE,FALSE,CHK,TRUE,FALSE,FALSE,FALSE,FALSE,0,4,FALSE,2026-09-15T16:13:25.309663Z
7022,2026_01_TB_CIN,2026,1,1153970,3247,L,U,1,6,FALSE,FALSE,FALSE,FALSE,FALSE,FALSE,FALSE,FALSE,FALSE,0,FALSE,FALSE,FALSE,FALSE,FALSE,0,0,FALSE,2026-09-15T16:13:25.309663Z
7022,2026_01_TB_CIN,2026,1,1153971,3269,M,U,2,6,FALSE,TRUE,FALSE,FALSE,FALSE,FALSE,FALSE,FALSE,FALSE,0,FALSE,FALSE,FALSE,FALSE,FALSE,0,0,FALSE,2026-09-15T16:13:25.309663Z
7022,2026_01_TB_CIN,2026,1,1153972,3291,L,U,1,6,FALSE,FALSE,TRUE,FALSE,FALSE,FALSE,TRUE,FALSE,FALSE,1,TRUE,FALSE,FALSE,FALSE,FALSE,0,5,FALSE,2026-09-15T16:13:25.309663Z
7022,2026_01_TB_CIN,2026,1,1153973,3321,0,0,0,0,FALSE,FALSE,FALSE,FALSE,FALSE,FALSE,FALSE,FALSE,FALSE,0,FALSE,FALSE,FALSE,FALSE,FALSE,0,0,FALSE,2026-09-15T16:13:25.309663Z
7022,2026_01_TB_CIN,2026,1,1153974,3345,R,S,1,7,FALSE,TRUE,FALSE,FALSE,FALSE,FALSE,TRUE,FALSE,FALSE,CHK,TRUE,FALSE,FALSE,FALSE,FALSE,0,5,FALSE,2026-09-15T16:13:25.309663Z
7022,2026_01_TB_CIN,2026,1,1153975,3375,0,0,0,0,FALSE,FALSE,FALSE,FALSE,FALSE,FALSE,FALSE,FALSE,FALSE,0,FALSE,FALSE,FALSE,FALSE,FALSE,0,0,FALSE,2026-09-15T16:13:25.309663Z
7022,2026_01_TB_CIN,2026,1,1153976,3399,L,S,1,6,FALSE,TRUE,TRUE,FALSE,FALSE,FALSE,FALSE,FALSE,FALSE,0,FALSE,FALSE,FALSE,FALSE,FALSE,0,4,TRUE,2026-09-15T16:13:25.309663Z
7022,2026_01_TB_CIN,2026,1,1153977,3429,L,S,1,7,FALSE,FALSE,FALSE,FALSE,FALSE,FALSE,TRUE,FALSE,FALSE,SD,TRUE,FALSE,FALSE,FALSE,FALSE,1,5,FALSE,2026-09-15T16:13:25.309663Z
7022,2026_01_TB_CIN,2026,1,1153978,3461,R,S,1,6,FALSE,FALSE,FALSE,FALSE,TRUE,FALSE,FALSE,FALSE,FALSE,0,FALSE,FALSE,FALSE,FALSE,FALSE,0,0,FALSE,2026-09-15T16:13:25.309663Z
7022,2026_01_TB_CIN,2026,1,1153979,3483,R,S,2,6,FALSE,FALSE,FALSE,FALSE,FALSE,FALSE,FALSE,FALSE,FALSE,0,FALSE,FALSE,FALSE,FALSE,FALSE,0,0,FALSE,2026-09-15T16:13:25.309663Z
7022,2026_01_TB_CIN,2026,1,1153980,3505,M,U,1,7,FALSE,FALSE,FALSE,FALSE,FALSE,FALSE,FALSE,FALSE,FALSE,0,FALSE,FALSE,FALSE,FALSE,FALSE,0,0,FALSE,2026-09-15T16:13:25.309663Z
7022,2026_01_TB_CIN,2026,1,1153981,3527,R,U,1,6,FALSE,FALSE,FALSE,FALSE,FALSE,FALSE,FALSE,FALSE,FALSE,0,FALSE,FALSE,FALSE,FALSE,FALSE,0,0,FALSE,2026-09-15T16:13:25.309663Z
7022,2026_01_TB_CIN,2026,1,1153982,3549,R,S,1,6,FALSE,FALSE,FALSE,FALSE,TRUE,FALSE,FALSE,FALSE,FALSE,0,FALSE,FALSE,FALSE,FALSE,FALSE,0,0,FALSE,2026-09-15T16:13:25.309663Z
7022,2026_01_TB_CIN,2026,1,1153983,3571,R,S,2,7,FALSE,TRUE,FALSE,FALSE,FALSE,FALSE,FALSE,FALSE,FALSE,CHK,TRUE,FALSE,FALSE,FALSE,FALSE,0,5,FALSE,2026-09-15T16:13:25.309663Z
7022,2026_01_TB_CIN,2026,1,1153984,3596,0,0,0,0,FALSE,FALSE,FALSE,FALSE,FALSE,FALSE,FALSE,FALSE,FALSE,0,FALSE,FALSE,FALSE,FALSE,FALSE,0,0,FALSE,2026-09-15T16:13:25.309663Z
7022,2026_01_TB_CIN,2026,1,1153985,3620,0,0,0,0,FALSE,FALSE,FALSE,FALSE,FALSE,FALSE,FALSE,FALSE,FALSE,0,FALSE,FALSE,FALSE,FALSE,FALSE,0,0,FALSE,2026-09-15T16:13:25.309663Z
7022,2026_01_TB_CIN,2026,1,1153986,3640,0,0,0,0,FALSE,FALSE,FALSE,FALSE,FALSE,FALSE,FALSE,FALSE,FALSE,0,FALSE,FALSE,FALSE,FALSE,FALSE,0,0,FALSE,2026-09-15T16:13:25.309663Z
7022,2026_01_TB_CIN,2026,1,1153987,3675,0,0,0,0,FALSE,FALSE,FALSE,FALSE,FALSE,FALSE,FALSE,FALSE,FALSE,0,FALSE,FALSE,FALSE,FALSE,FALSE,0,0,FALSE,2026-09-15T16:13:25.309663Z
7022,2026_01_TB_CIN,2026,1,1153988,3699,L,S,1,6,FALSE,FALSE,FALSE,FALSE,FALSE,FALSE,FALSE,FALSE,FALSE,1,TRUE,TRUE,TRUE,FALSE,FALSE,0,4,FALSE,2026-09-15T16:13:25.309663Z
7022,2026_01_TB_CIN,2026,1,1153989,3729,L,S,1,5,FALSE,FALSE,FALSE,FALSE,FALSE,FALSE,FALSE,FALSE,FALSE,1,TRUE,FALSE,FALSE,FALSE,FALSE,0,4,FALSE,2026-09-15T16:13:25.309663Z
7022,2026_01_TB_CIN,2026,1,1153990,3754,L,S,1,6,TRUE,FALSE,FALSE,FALSE,FALSE,FALSE,FALSE,FALSE,FALSE,1,TRUE,FALSE,FALSE,FALSE,FALSE,0,4,FALSE,2026-09-15T16:13:25.309663Z
7022,2026_01_TB_CIN,2026,1,1153991,3779,L,S,1,6,TRUE,FALSE,FALSE,FALSE,FALSE,FALSE,TRUE,FALSE,FALSE,SD,FALSE,FALSE,FALSE,FALSE,FALSE,0,4,FALSE,2026-09-15T16:13:25.309663Z
7022,2026_01_TB_CIN,2026,1,1153992,3806,L,S,1,6,FALSE,TRUE,FALSE,FALSE,FALSE,FALSE,FALSE,FALSE,FALSE,1,TRUE,FALSE,FALSE,FALSE,FALSE,0,4,FALSE,2026-09-15T16:13:25.309663Z
7022,2026_01_TB_CIN,2026,1,1153993,3831,L,S,1,6,TRUE,FALSE,FALSE,FALSE,FALSE,FALSE,TRUE,FALSE,FALSE,SD,FALSE,FALSE,FALSE,FALSE,FALSE,0,4,FALSE,2026-09-15T16:13:25.309663Z
7022,2026_01_TB_CIN,2026,1,1153994,3854,L,S,1,5,FALSE,FALSE,FALSE,FALSE,FALSE,FALSE,TRUE,FALSE,FALSE,SD,FALSE,FALSE,FALSE,FALSE,FALSE,0,4,FALSE,2026-09-15T16:13:25.309663Z
7022,2026_01_TB_CIN,2026,1,1153995,3877,0,0,0,0,FALSE,FALSE,FALSE,FALSE,FALSE,FALSE,FALSE,FALSE,FALSE,0,FALSE,FALSE,FALSE,FALSE,FALSE,0,0,FALSE,2026-09-15T16:13:25.309663Z
7022,2026_01_TB_CIN,2026,1,1153996,3903,0,0,0,0,FALSE,FALSE,FALSE,FALSE,FALSE,FALSE,FALSE,FALSE,FALSE,0,FALSE,FALSE,FALSE,FALSE,FALSE,0,0,FALSE,2026-09-15T16:13:25.309663Z
7022,2026_01_TB_CIN,2026,1,1153997,3918,0,0,0,0,FALSE,FALSE,FALSE,FALSE,FALSE,FALSE,FALSE,FALSE,FALSE,0,FALSE,FALSE,FALSE,FALSE,FALSE,0,0,FALSE,2026-09-15T16:13:25.309663Z
7022,2026_01_TB_CIN,2026,1,1153998,3941,L,S,1,7,FALSE,TRUE,FALSE,FALSE,FALSE,FALSE,FALSE,FALSE,FALSE,1,TRUE,FALSE,FALSE,FALSE,FALSE,0,4,FALSE,2026-09-15T16:13:25.309663Z
7022,2026_01_TB_CIN,2026,1,1153999,3966,R,S,1,5,FALSE,FALSE,FALSE,FALSE,FALSE,FALSE,FALSE,FALSE,FALSE,1,TRUE,FALSE,FALSE,FALSE,FALSE,0,5,FALSE,2026-09-15T16:13:25.309663Z
7022,2026_01_TB_CIN,2026,1,1154000,4003,0,0,0,0,FALSE,FALSE,FALSE,FALSE,FALSE,FALSE,FALSE,FALSE,FALSE,0,FALSE,FALSE,FALSE,FALSE,FALSE,0,0,FALSE,2026-09-15T16:13:25.309663Z
7022,2026_01_TB_CIN,2026,1,1154001,3991,R,U,2,8,FALSE,TRUE,FALSE,FALSE,FALSE,FALSE,FALSE,FALSE,FALSE,0,FALSE,FALSE,FALSE,FALSE,FALSE,0,0,FALSE,2026-09-15T16:13:25.309663Z
7022,2026_01_TB_CIN,2026,1,1154002,4032,0,0,0,0,FALSE,FALSE,FALSE,FALSE,FALSE,FALSE,FALSE,FALSE,FALSE,0,FALSE,FALSE,FALSE,FALSE,FALSE,0,0,FALSE,2026-09-15T16:13:25.309663Z
7022,2026_01_TB_CIN,2026,1,1154003,4020,R,S,1,7,FALSE,FALSE,FALSE,FALSE,FALSE,FALSE,FALSE,FALSE,FALSE,1,TRUE,TRUE,TRUE,FALSE,FALSE,1,6,FALSE,2026-09-15T16:13:25.309663Z
7022,2026_01_TB_CIN,2026,1,1154004,4064,0,0,0,0,FALSE,FALSE,FALSE,FALSE,FALSE,FALSE,FALSE,FALSE,FALSE,0,FALSE,FALSE,FALSE,FALSE,FALSE,0,0,FALSE,2026-09-15T16:13:25.309663Z
7022,2026_01_TB_CIN,2026,1,1154005,4052,R,U,2,9,FALSE,TRUE,FALSE,FALSE,FALSE,FALSE,FALSE,FALSE,FALSE,0,FALSE,FALSE,FALSE,FALSE,FALSE,0,0,FALSE,2026-09-15T16:13:25.309663Z
7022,2026_01_TB_CIN,2026,1,1154006,4083,0,0,0,0,FALSE,FALSE,FALSE,FALSE,FALSE,FALSE,FALSE,FALSE,FALSE,0,FALSE,FALSE,FALSE,FALSE,FALSE,0,0,FALSE,2026-09-15T16:13:25.309663Z
7022,2026_01_TB_CIN,2026,1,1154007,4114,L,P,3,8,FALSE,TRUE,FALSE,FALSE,FALSE,FALSE,FALSE,FALSE,FALSE,0,FALSE,FALSE,FALSE,FALSE,FALSE,0,0,FALSE,2026-09-15T16:13:25.309663Z
7022,2026_01_TB_CIN,2026,1,1154008,4136,R,U,2,8,FALSE,FALSE,FALSE,FALSE,FALSE,FALSE,FALSE,FALSE,FALSE,0,FALSE,FALSE,FALSE,FALSE,TRUE,0,0,FALSE,2026-09-15T16:13:25.309663Z
7022,2026_01_TB_CIN,2026,1,1154009,4158,0,0,0,0,FALSE,FALSE,FALSE,FALSE,FALSE,FALSE,FALSE,FALSE,FALSE,0,FALSE,FALSE,FALSE,FALSE,FALSE,0,0,FALSE,2026-09-15T16:13:25.309663Z
7023,2026_01_NO_DET,2026,1,1154010,40,0,0,0,0,FALSE,FALSE,FALSE,FALSE,FALSE,FALSE,FALSE,FALSE,FALSE,0,FALSE,FALSE,FALSE,FALSE,FALSE,0,0,FALSE,2026-09-15T16:13:25.309663Z
7023,2026_01_NO_DET,2026,1,1154011,66,M,U,1,6,FALSE,TRUE,FALSE,FALSE,FALSE,FALSE,FALSE,FALSE,FALSE,0,FALSE,FALSE,FALSE,FALSE,FALSE,0,0,FALSE,2026-09-15T16:13:25.309663Z
7023,2026_01_NO_DET,2026,1,1154012,88,M,U,1,6,FALSE,FALSE,FALSE,FALSE,FALSE,FALSE,FALSE,FALSE,FALSE,1,TRUE,FALSE,FALSE,FALSE,FALSE,1,5,FALSE,2026-09-15T16:13:25.309663Z
7023,2026_01_NO_DET,2026,1,1154013,127,L,U,2,7,FALSE,TRUE,FALSE,FALSE,FALSE,FALSE,FALSE,FALSE,FALSE,0,FALSE,FALSE,FALSE,FALSE,FALSE,0,0,FALSE,2026-09-15T16:13:25.309663Z
7023,2026_01_NO_DET,2026,1,1154014,149,0,0,0,0,FALSE,FALSE,FALSE,FALSE,FALSE,FALSE,FALSE,FALSE,FALSE,0,FALSE,FALSE,FALSE,FALSE,FALSE,0,0,FALSE,2026-09-15T16:13:25.309663Z
7023,2026_01_NO_DET,2026,1,1154015,175,L,U,2,7,FALSE,TRUE,FALSE,FALSE,FALSE,FALSE,FALSE,FALSE,FALSE,0,FALSE,FALSE,FALSE,FALSE,FALSE,0,0,FALSE,2026-09-15T16:13:25.309663Z
7023,2026_01_NO_DET,2026,1,1154016,197,L,S,1,6,FALSE,FALSE,FALSE,FALSE,FALSE,FALSE,FALSE,FALSE,FALSE,1,TRUE,FALSE,FALSE,FALSE,FALSE,0,4,FALSE,2026-09-15T16:13:25.309663Z
7023,2026_01_NO_DET,2026,1,1154017,227,R,U,2,8,FALSE,FALSE,FALSE,FALSE,FALSE,FALSE,FALSE,FALSE,FALSE,0,FALSE,FALSE,FALSE,FALSE,FALSE,0,0,FALSE,2026-09-15T16:13:25.309663Z
7023,2026_01_NO_DET,2026,1,1154018,249,R,U,1,8,FALSE,FALSE,TRUE,FALSE,FALSE,FALSE,TRUE,FALSE,FALSE,2,TRUE,FALSE,FALSE,FALSE,FALSE,1,6,FALSE,2026-09-15T16:13:25.309663Z
7023,2026_01_NO_DET,2026,1,1154019,279,R,U,1,7,FALSE,FALSE,FALSE,FALSE,FALSE,FALSE,FALSE,FALSE,FALSE,0,FALSE,FALSE,FALSE,FALSE,FALSE,0,0,FALSE,2026-09-15T16:13:25.309663Z
7023,2026_01_NO_DET,2026,1,1154020,301,R,S,1,6,FALSE,TRUE,FALSE,FALSE,FALSE,FALSE,FALSE,FALSE,FALSE,1,TRUE,FALSE,FALSE,FALSE,FALSE,1,5,FALSE,2026-09-15T16:13:25.309663Z
7023,2026_01_NO_DET,2026,1,1154021,324,0,0,0,0,FALSE,FALSE,FALSE,FALSE,FALSE,FALSE,FALSE,FALSE,FALSE,0,FALSE,FALSE,FALSE,FALSE,FALSE,0,0,FALSE,2026-09-15T16:13:25.309663Z
7023,2026_01_NO_DET,2026,1,1154022,353,L,U,2,7,FALSE,FALSE,FALSE,FALSE,FALSE,FALSE,FALSE,FALSE,FALSE,0,FALSE,FALSE,FALSE,FALSE,FALSE,0,0,FALSE,2026-09-15T16:13:25.309663Z
7023,2026_01_NO_DET,2026,1,1154023,382,L,U,1,6,FALSE,FALSE,FALSE,FALSE,FALSE,FALSE,FALSE,FALSE,FALSE,0,FALSE,FALSE,FALSE,FALSE,FALSE,0,0,FALSE,2026-09-15T16:13:25.309663Z
7023,2026_01_NO_DET,2026,1,1154024,404,R,S,1,5,FALSE,TRUE,FALSE,FALSE,FALSE,FALSE,FALSE,FALSE,FALSE,1,TRUE,FALSE,FALSE,FALSE,FALSE,1,5,FALSE,2026-09-15T16:13:25.309663Z
7023,2026_01_NO_DET,2026,1,1154025,429,L,S,0,6,FALSE,TRUE,FALSE,FALSE,FALSE,FALSE,FALSE,FALSE,FALSE,CHK,TRUE,FALSE,FALSE,FALSE,FALSE,0,4,FALSE,2026-09-15T16:13:25.309663Z
7023,2026_01_NO_DET,2026,1,1154026,454,R,U,1,7,FALSE,FALSE,FALSE,FALSE,FALSE,FALSE,FALSE,FALSE,FALSE,1,FALSE,FALSE,FALSE,FALSE,FALSE,0,4,FALSE,2026-09-15T16:13:25.309663Z
7023,2026_01_NO_DET,2026,1,1154027,477,0,0,0,0,FALSE,FALSE,FALSE,FALSE,FALSE,FALSE,FALSE,FALSE,FALSE,0,FALSE,FALSE,FALSE,FALSE,FALSE,0,0,FALSE,2026-09-15T16:13:25.309663Z
7023,2026_01_NO_DET,2026,1,1154028,501,R,U,1,6,FALSE,TRUE,FALSE,FALSE,FALSE,FALSE,FALSE,FALSE,FALSE,SD,TRUE,FALSE,FALSE,FALSE,FALSE,0,4,FALSE,2026-09-15T16:13:25.309663Z
7023,2026_01_NO_DET,2026,1,1154029,526,R,U,1,6,FALSE,FALSE,FALSE,FALSE,FALSE,FALSE,FALSE,FALSE,FALSE,0,FALSE,FALSE,FALSE,FALSE,FALSE,0,0,FALSE,2026-09-15T16:13:25.309663Z
7023,2026_01_NO_DET,2026,1,1154030,548,M,U,2,6,FALSE,TRUE,FALSE,FALSE,FALSE,FALSE,FALSE,FALSE,FALSE,0,FALSE,FALSE,FALSE,FALSE,FALSE,0,0,FALSE,2026-09-15T16:13:25.309663Z
7023,2026_01_NO_DET,2026,1,1154031,573,R,U,1,6,FALSE,FALSE,FALSE,FALSE,FALSE,FALSE,FALSE,FALSE,FALSE,0,FALSE,FALSE,FALSE,FALSE,FALSE,0,0,FALSE,2026-09-15T16:13:25.309663Z
7023,2026_01_NO_DET,2026,1,1154032,602,R,U,2,7,FALSE,TRUE,FALSE,FALSE,FALSE,FALSE,FALSE,FALSE,FALSE,0,FALSE,FALSE,FALSE,FALSE,FALSE,0,0,FALSE,2026-09-15T16:13:25.309663Z
7023,2026_01_NO_DET,2026,1,1154033,624,R,U,1,6,FALSE,TRUE,TRUE,FALSE,FALSE,FALSE,FALSE,FALSE,FALSE,1,FALSE,TRUE,FALSE,FALSE,FALSE,1,5,FALSE,2026-09-15T16:13:25.309663Z
7023,2026_01_NO_DET,2026,1,1154034,647,R,S,1,6,FALSE,FALSE,FALSE,FALSE,FALSE,FALSE,FALSE,FALSE,FALSE,2,TRUE,FALSE,FALSE,FALSE,FALSE,0,4,FALSE,2026-09-15T16:13:25.309663Z
7023,2026_01_NO_DET,2026,1,1154035,672,M,U,2,7,FALSE,TRUE,FALSE,FALSE,FALSE,FALSE,FALSE,FALSE,FALSE,0,FALSE,FALSE,FALSE,FALSE,FALSE,0,0,FALSE,2026-09-15T16:13:25.309663Z
7023,2026_01_NO_DET,2026,1,1154036,697,0,0,0,0,FALSE,FALSE,FALSE,FALSE,FALSE,FALSE,FALSE,FALSE,FALSE,0,FALSE,FALSE,FALSE,FALSE,FALSE,0,0,FALSE,2026-09-15T16:13:25.309663Z
7023,2026_01_NO_DET,2026,1,1154037,712,0,0,0,0,FALSE,FALSE,FALSE,FALSE,FALSE,FALSE,FALSE,FALSE,FALSE,0,FALSE,FALSE,FALSE,FALSE,FALSE,0,0,FALSE,2026-09-15T16:13:25.309663Z
7023,2026_01_NO_DET,2026,1,1154038,742,R,S,1,7,FALSE,TRUE,FALSE,FALSE,FALSE,FALSE,FALSE,FALSE,FALSE,2,TRUE,FALSE,FALSE,TRUE,FALSE,0,4,FALSE,2026-09-15T16:13:25.309663Z
7023,2026_01_NO_DET,2026,1,1154039,765,R,S,2,7,FALSE,TRUE,FALSE,FALSE,FALSE,FALSE,FALSE,FALSE,FALSE,0,FALSE,FALSE,FALSE,FALSE,FALSE,0,0,FALSE,2026-09-15T16:13:25.309663Z
7023,2026_01_NO_DET,2026,1,1154040,787,L,S,1,6,FALSE,TRUE,FALSE,FALSE,FALSE,FALSE,FALSE,FALSE,FALSE,2,FALSE,TRUE,FALSE,FALSE,FALSE,2,6,FALSE,2026-09-15T16:13:25.309663Z
7023,2026_01_NO_DET,2026,1,1154041,810,0,0,0,0,FALSE,FALSE,FALSE,FALSE,FALSE,FALSE,FALSE,FALSE,FALSE,0,FALSE,FALSE,FALSE,FALSE,FALSE,0,0,FALSE,2026-09-15T16:13:25.309663Z
7023,2026_01_NO_DET,2026,1,1154042,845,L,U,1,7,FALSE,FALSE,FALSE,FALSE,FALSE,FALSE,FALSE,FALSE,FALSE,0,FALSE,FALSE,FALSE,FALSE,FALSE,0,0,FALSE,2026-09-15T16:13:25.309663Z
7023,2026_01_NO_DET,2026,1,1154043,876,L,U,2,6,FALSE,TRUE,TRUE,TRUE,FALSE,FALSE,FALSE,FALSE,FALSE,CHK,TRUE,FALSE,FALSE,FALSE,FALSE,0,5,FALSE,2026-09-15T16:13:25.309663Z
7023,2026_01_NO_DET,2026,1,1154044,901,L,U,1,7,FALSE,TRUE,TRUE,FALSE,FALSE,FALSE,FALSE,FALSE,FALSE,1,TRUE,FALSE,FALSE,TRUE,FALSE,0,4,FALSE,2026-09-15T16:13:25.309663Z
7023,2026_01_NO_DET,2026,1,1154045,924,L,U,1,6,FALSE,TRUE,FALSE,FALSE,FALSE,FALSE,FALSE,FALSE,FALSE,0,FALSE,FALSE,FALSE,FALSE,FALSE,0,0,FALSE,2026-09-15T16:13:25.309663Z
7023,2026_01_NO_DET,2026,1,1154046,946,L,S,1,6,FALSE,TRUE,FALSE,FALSE,FALSE,FALSE,FALSE,FALSE,FALSE,1,TRUE,FALSE,FALSE,FALSE,FALSE,0,4,FALSE,2026-09-15T16:13:25.309663Z
7023,2026_01_NO_DET,2026,1,1154047,991,M,U,1,7,FALSE,FALSE,FALSE,FALSE,FALSE,FALSE,FALSE,FALSE,FALSE,0,FALSE,FALSE,FALSE,FALSE,FALSE,0,0,FALSE,2026-09-15T16:13:25.309663Z
7023,2026_01_NO_DET,2026,1,1154048,1024,M,S,1,6,FALSE,FALSE,FALSE,FALSE,FALSE,FALSE,FALSE,FALSE,FALSE,2,TRUE,FALSE,FALSE,FALSE,FALSE,0,4,FALSE,2026-09-15T16:13:25.309663Z
7023,2026_01_NO_DET,2026,1,1154049,1049,L,U,1,7,FALSE,TRUE,TRUE,FALSE,FALSE,FALSE,FALSE,FALSE,FALSE,1,TRUE,FALSE,FALSE,TRUE,FALSE,0,4,FALSE,2026-09-15T16:13:25.309663Z
7023,2026_01_NO_DET,2026,1,1154050,1072,L,S,1,6,FALSE,FALSE,FALSE,FALSE,FALSE,FALSE,FALSE,TRUE,FALSE,2,FALSE,TRUE,FALSE,FALSE,FALSE,0,4,FALSE,2026-09-15T16:13:25.309663Z
7023,2026_01_NO_DET,2026,1,1154051,1095,0,0,0,0,FALSE,FALSE,FALSE,FALSE,FALSE,FALSE,FALSE,FALSE,FALSE,0,FALSE,FALSE,FALSE,FALSE,FALSE,0,0,FALSE,2026-09-15T16:13:25.309663Z
7023,2026_01_NO_DET,2026,1,1154052,1115,L,U,2,8,FALSE,TRUE,FALSE,FALSE,FALSE,FALSE,FALSE,FALSE,FALSE,0,FALSE,FALSE,FALSE,FALSE,FALSE,0,0,FALSE,2026-09-15T16:13:25.309663Z
7023,2026_01_NO_DET,2026,1,1154053,1144,L,S,1,7,TRUE,TRUE,FALSE,FALSE,TRUE,FALSE,FALSE,FALSE,FALSE,1,TRUE,FALSE,FALSE,FALSE,FALSE,0,4,FALSE,2026-09-15T16:13:25.309663Z
7023,2026_01_NO_DET,2026,1,1154054,1169,R,S,1,6,TRUE,FALSE,FALSE,FALSE,FALSE,FALSE,FALSE,FALSE,FALSE,1,TRUE,FALSE,FALSE,TRUE,FALSE,0,4,FALSE,2026-09-15T16:13:25.309663Z
7023,2026_01_NO_DET,2026,1,1154055,1194,R,U,1,6,FALSE,TRUE,TRUE,TRUE,FALSE,FALSE,FALSE,FALSE,FALSE,DES,FALSE,FALSE,FALSE,FALSE,FALSE,1,5,FALSE,2026-09-15T16:13:25.309663Z
7023,2026_01_NO_DET,2026,1,1154056,1249,R,S,1,5,FALSE,TRUE,FALSE,FALSE,FALSE,FALSE,FALSE,FALSE,FALSE,1,TRUE,TRUE,FALSE,FALSE,FALSE,0,4,FALSE,2026-09-15T16:13:25.309663Z
7023,2026_01_NO_DET,2026,1,1154057,1284,0,0,0,0,FALSE,FALSE,FALSE,FALSE,FALSE,FALSE,FALSE,FALSE,FALSE,0,FALSE,FALSE,FALSE,FALSE,FALSE,0,0,FALSE,2026-09-15T16:13:25.309663Z
7023,2026_01_NO_DET,2026,1,1154058,1310,R,U,3,6,FALSE,TRUE,FALSE,FALSE,FALSE,FALSE,FALSE,FALSE,FALSE,0,FALSE,FALSE,FALSE,FALSE,FALSE,0,0,FALSE,2026-09-15T16:13:25.309663Z
7023,2026_01_NO_DET,2026,1,1154059,1363,R,S,1,6,FALSE,TRUE,FALSE,FALSE,FALSE,FALSE,FALSE,FALSE,FALSE,1,TRUE,FALSE,FALSE,FALSE,FALSE,0,4,FALSE,2026-09-15T16:13:25.309663Z
7023,2026_01_NO_DET,2026,1,1154060,1388,L,U,1,7,FALSE,FALSE,FALSE,FALSE,FALSE,FALSE,FALSE,FALSE,FALSE,0,FALSE,FALSE,FALSE,FALSE,FALSE,0,0,FALSE,2026-09-15T16:13:25.309663Z
7023,2026_01_NO_DET,2026,1,1154061,1412,L,U,1,6,FALSE,FALSE,FALSE,FALSE,FALSE,FALSE,FALSE,FALSE,FALSE,0,FALSE,FALSE,FALSE,FALSE,FALSE,0,0,FALSE,2026-09-15T16:13:25.309663Z
7023,2026_01_NO_DET,2026,1,1154062,1447,R,S,1,6,FALSE,TRUE,TRUE,TRUE,FALSE,FALSE,FALSE,FALSE,FALSE,DES,TRUE,FALSE,FALSE,FALSE,FALSE,0,4,FALSE,2026-09-15T16:13:25.309663Z
7023,2026_01_NO_DET,2026,1,1154063,1472,L,S,1,6,FALSE,TRUE,FALSE,FALSE,FALSE,FALSE,FALSE,FALSE,FALSE,2,FALSE,FALSE,FALSE,FALSE,FALSE,0,4,FALSE,2026-09-15T16:13:25.309663Z
7023,2026_01_NO_DET,2026,1,1154064,1543,0,0,0,0,FALSE,FALSE,FALSE,FALSE,FALSE,FALSE,FALSE,FALSE,FALSE,0,FALSE,FALSE,FALSE,FALSE,FALSE,0,0,FALSE,2026-09-15T16:13:25.309663Z
7023,2026_01_NO_DET,2026,1,1154065,1569,L,U,1,8,FALSE,TRUE,FALSE,FALSE,FALSE,FALSE,FALSE,FALSE,FALSE,0,FALSE,FALSE,FALSE,FALSE,FALSE,0,0,FALSE,2026-09-15T16:13:25.309663Z
7023,2026_01_NO_DET,2026,1,1154066,1598,L,S,0,6,FALSE,TRUE,FALSE,FALSE,FALSE,FALSE,FALSE,FALSE,FALSE,1,FALSE,TRUE,FALSE,FALSE,FALSE,1,4,FALSE,2026-09-15T16:13:25.309663Z
7023,2026_01_NO_DET,2026,1,1154067,1621,R,S,1,7,FALSE,FALSE,FALSE,FALSE,FALSE,FALSE,FALSE,FALSE,FALSE,1,TRUE,FALSE,FALSE,FALSE,FALSE,0,5,FALSE,2026-09-15T16:13:25.309663Z
7023,2026_01_NO_DET,2026,1,1154068,1646,R,S,1,6,TRUE,FALSE,TRUE,FALSE,FALSE,FALSE,FALSE,FALSE,FALSE,SD,FALSE,FALSE,FALSE,FALSE,FALSE,0,4,FALSE,2026-09-15T16:13:25.309663Z
7023,2026_01_NO_DET,2026,1,1154069,1669,R,S,1,6,FALSE,FALSE,TRUE,FALSE,FALSE,FALSE,FALSE,FALSE,FALSE,2,FALSE,TRUE,FALSE,FALSE,FALSE,0,4,FALSE,2026-09-15T16:13:25.309663Z
7023,2026_01_NO_DET,2026,1,1154070,1704,0,0,0,0,FALSE,FALSE,FALSE,FALSE,FALSE,FALSE,FALSE,FALSE,FALSE,0,FALSE,FALSE,FALSE,FALSE,FALSE,0,0,FALSE,2026-09-15T16:13:25.309663Z
7023,2026_01_NO_DET,2026,1,1154071,1692,R,S,0,6,FALSE,TRUE,FALSE,FALSE,FALSE,FALSE,FALSE,FALSE,TRUE,CHK,FALSE,FALSE,FALSE,FALSE,FALSE,0,4,FALSE,2026-09-15T16:13:25.309663Z
7023,2026_01_NO_DET,2026,1,1154072,1734,0,0,0,0,FALSE,FALSE,FALSE,FALSE,FALSE,FALSE,FALSE,FALSE,FALSE,0,FALSE,FALSE,FALSE,FALSE,FALSE,0,0,FALSE,2026-09-15T16:13:25.309663Z
7023,2026_01_NO_DET,2026,1,1154073,1760,R,S,0,6,FALSE,TRUE,FALSE,FALSE,FALSE,FALSE,FALSE,FALSE,FALSE,CHK,TRUE,FALSE,FALSE,FALSE,FALSE,0,4,FALSE,2026-09-15T16:13:25.309663Z
7023,2026_01_NO_DET,2026,1,1154074,1798,L,U,1,7,FALSE,FALSE,FALSE,FALSE,FALSE,FALSE,FALSE,FALSE,FALSE,0,FALSE,FALSE,FALSE,FALSE,FALSE,0,0,FALSE,2026-09-15T16:13:25.309663Z
7023,2026_01_NO_DET,2026,1,1154075,1866,L,U,1,6,FALSE,FALSE,FALSE,FALSE,FALSE,FALSE,FALSE,FALSE,FALSE,0,FALSE,FALSE,FALSE,FALSE,FALSE,0,0,FALSE,2026-09-15T16:13:25.309663Z
7023,2026_01_NO_DET,2026,1,1154076,1888,L,S,1,7,TRUE,FALSE,FALSE,FALSE,FALSE,FALSE,FALSE,FALSE,FALSE,0,FALSE,FALSE,FALSE,FALSE,FALSE,0,0,FALSE,2026-09-15T16:13:25.309663Z
7023,2026_01_NO_DET,2026,1,1154077,1910,L,S,1,6,TRUE,TRUE,FALSE,FALSE,FALSE,FALSE,FALSE,FALSE,FALSE,0,FALSE,FALSE,FALSE,FALSE,FALSE,0,0,FALSE,2026-09-15T16:13:25.309663Z
7023,2026_01_NO_DET,2026,1,1154078,1937,L,S,1,6,FALSE,FALSE,FALSE,FALSE,FALSE,FALSE,FALSE,TRUE,FALSE,1,FALSE,FALSE,FALSE,FALSE,FALSE,2,6,FALSE,2026-09-15T16:13:25.309663Z
7023,2026_01_NO_DET,2026,1,1154079,1964,R,U,1,7,FALSE,FALSE,FALSE,FALSE,FALSE,FALSE,FALSE,FALSE,FALSE,0,FALSE,FALSE,FALSE,FALSE,FALSE,0,0,FALSE,2026-09-15T16:13:25.309663Z
7023,2026_01_NO_DET,2026,1,1154080,1988,L,U,2,7,FALSE,TRUE,FALSE,FALSE,FALSE,FALSE,FALSE,FALSE,FALSE,0,FALSE,FALSE,FALSE,FALSE,FALSE,0,0,FALSE,2026-09-15T16:13:25.309663Z
7023,2026_01_NO_DET,2026,1,1154081,2010,M,S,1,7,FALSE,TRUE,FALSE,FALSE,FALSE,FALSE,FALSE,FALSE,FALSE,2,TRUE,FALSE,FALSE,FALSE,FALSE,0,5,FALSE,2026-09-15T16:13:25.309663Z
7023,2026_01_NO_DET,2026,1,1154082,2035,0,0,0,0,FALSE,FALSE,FALSE,FALSE,FALSE,FALSE,FALSE,FALSE,FALSE,0,FALSE,FALSE,FALSE,FALSE,FALSE,0,0,FALSE,2026-09-15T16:13:25.309663Z
7023,2026_01_NO_DET,2026,1,1154083,2061,0,0,0,0,FALSE,FALSE,FALSE,FALSE,FALSE,FALSE,FALSE,FALSE,FALSE,0,FALSE,FALSE,FALSE,FALSE,FALSE,0,0,FALSE,2026-09-15T16:13:25.309663Z
7023,2026_01_NO_DET,2026,1,1154084,2087,L,S,1,6,FALSE,TRUE,FALSE,FALSE,FALSE,FALSE,FALSE,FALSE,FALSE,0,FALSE,FALSE,FALSE,FALSE,FALSE,0,0,FALSE,2026-09-15T16:13:25.309663Z
7023,2026_01_NO_DET,2026,1,1154085,2118,M,S,1,6,FALSE,TRUE,FALSE,TRUE,FALSE,FALSE,FALSE,FALSE,FALSE,CHK,TRUE,FALSE,FALSE,FALSE,FALSE,0,4,FALSE,2026-09-15T16:13:25.309663Z
7023,2026_01_NO_DET,2026,1,1154086,2143,R,S,1,6,FALSE,TRUE,FALSE,FALSE,FALSE,FALSE,FALSE,FALSE,FALSE,2,TRUE,FALSE,FALSE,FALSE,FALSE,1,4,FALSE,2026-09-15T16:13:25.309663Z
7023,2026_01_NO_DET,2026,1,1154087,2175,L,S,1,6,TRUE,FALSE,FALSE,FALSE,FALSE,FALSE,FALSE,FALSE,FALSE,CHK,FALSE,FALSE,FALSE,FALSE,FALSE,0,4,FALSE,2026-09-15T16:13:25.309663Z
7023,2026_01_NO_DET,2026,1,1154088,2198,L,S,1,6,FALSE,TRUE,FALSE,FALSE,FALSE,FALSE,FALSE,FALSE,FALSE,1,TRUE,FALSE,FALSE,FALSE,FALSE,1,4,FALSE,2026-09-15T16:13:25.309663Z
7023,2026_01_NO_DET,2026,1,1154089,2228,L,S,0,5,FALSE,TRUE,FALSE,FALSE,FALSE,FALSE,FALSE,FALSE,FALSE,SD,TRUE,FALSE,FALSE,FALSE,FALSE,1,4,FALSE,2026-09-15T16:13:25.309663Z
7023,2026_01_NO_DET,2026,1,1154090,2264,L,U,1,6,FALSE,FALSE,TRUE,FALSE,FALSE,FALSE,FALSE,FALSE,FALSE,1,TRUE,FALSE,FALSE,FALSE,FALSE,0,4,FALSE,2026-09-15T16:13:25.309663Z
7023,2026_01_NO_DET,2026,1,1154091,2289,R,S,1,7,TRUE,FALSE,FALSE,TRUE,FALSE,FALSE,FALSE,FALSE,FALSE,CHK,TRUE,FALSE,FALSE,FALSE,FALSE,0,4,FALSE,2026-09-15T16:13:25.309663Z
7023,2026_01_NO_DET,2026,1,1154092,2314,L,S,1,5,TRUE,FALSE,FALSE,FALSE,FALSE,FALSE,FALSE,FALSE,FALSE,1,TRUE,FALSE,FALSE,FALSE,FALSE,1,4,FALSE,2026-09-15T16:13:25.309663Z
7023,2026_01_NO_DET,2026,1,1154093,2351,0,0,0,0,FALSE,FALSE,FALSE,FALSE,FALSE,FALSE,FALSE,FALSE,FALSE,0,FALSE,FALSE,FALSE,FALSE,FALSE,0,0,FALSE,2026-09-15T16:13:25.309663Z
7023,2026_01_NO_DET,2026,1,1154094,2339,L,S,1,6,FALSE,TRUE,FALSE,FALSE,FALSE,FALSE,FALSE,FALSE,FALSE,SD,FALSE,FALSE,FALSE,FALSE,FALSE,0,4,FALSE,2026-09-15T16:13:25.309663Z
7023,2026_01_NO_DET,2026,1,1154095,2378,0,0,0,0,FALSE,FALSE,FALSE,FALSE,FALSE,FALSE,FALSE,FALSE,FALSE,0,FALSE,FALSE,FALSE,FALSE,FALSE,0,0,FALSE,2026-09-15T16:13:25.309663Z
7023,2026_01_NO_DET,2026,1,1154096,2366,0,0,0,0,FALSE,FALSE,FALSE,FALSE,FALSE,FALSE,FALSE,FALSE,FALSE,0,FALSE,FALSE,FALSE,FALSE,FALSE,0,0,FALSE,2026-09-15T16:13:25.309663Z
7023,2026_01_NO_DET,2026,1,1154097,2393,R,S,1,6,FALSE,TRUE,FALSE,TRUE,FALSE,FALSE,FALSE,FALSE,FALSE,CHK,TRUE,FALSE,FALSE,FALSE,FALSE,0,4,FALSE,2026-09-15T16:13:25.309663Z
7023,2026_01_NO_DET,2026,1,1154098,2423,R,S,1,6,FALSE,FALSE,FALSE,FALSE,FALSE,FALSE,FALSE,FALSE,FALSE,0,FALSE,FALSE,FALSE,FALSE,FALSE,0,0,FALSE,2026-09-15T16:13:25.309663Z
7023,2026_01_NO_DET,2026,1,1154099,2475,0,0,0,0,FALSE,FALSE,FALSE,FALSE,FALSE,FALSE,FALSE,FALSE,FALSE,0,FALSE,FALSE,FALSE,FALSE,FALSE,0,0,FALSE,2026-09-15T16:13:25.309663Z
7023,2026_01_NO_DET,2026,1,1154100,2504,L,S,1,8,FALSE,TRUE,FALSE,FALSE,FALSE,FALSE,FALSE,TRUE,FALSE,2,FALSE,FALSE,FALSE,FALSE,FALSE,0,4,FALSE,2026-09-15T16:13:25.309663Z
7023,2026_01_NO_DET,2026,1,1154101,2541,L,U,2,7,FALSE,TRUE,TRUE,FALSE,FALSE,FALSE,FALSE,FALSE,FALSE,CHK,TRUE,FALSE,FALSE,FALSE,FALSE,0,4,FALSE,2026-09-15T16:13:25.309663Z
7023,2026_01_NO_DET,2026,1,1154102,2566,L,U,1,7,FALSE,FALSE,FALSE,FALSE,FALSE,FALSE,FALSE,FALSE,FALSE,0,FALSE,FALSE,FALSE,FALSE,FALSE,0,0,FALSE,2026-09-15T16:13:25.309663Z
7023,2026_01_NO_DET,2026,1,1154103,2588,L,U,2,7,FALSE,TRUE,FALSE,FALSE,FALSE,FALSE,FALSE,FALSE,FALSE,0,FALSE,FALSE,FALSE,FALSE,FALSE,0,0,FALSE,2026-09-15T16:13:25.309663Z
7023,2026_01_NO_DET,2026,1,1154104,2610,R,S,1,6,FALSE,FALSE,FALSE,FALSE,FALSE,FALSE,FALSE,FALSE,FALSE,2,TRUE,FALSE,FALSE,FALSE,FALSE,0,4,FALSE,2026-09-15T16:13:25.309663Z
7023,2026_01_NO_DET,2026,1,1154105,2640,R,U,2,8,FALSE,TRUE,FALSE,FALSE,FALSE,FALSE,FALSE,FALSE,FALSE,0,FALSE,FALSE,FALSE,FALSE,FALSE,0,0,FALSE,2026-09-15T16:13:25.309663Z
7023,2026_01_NO_DET,2026,1,1154106,2664,R,U,1,8,FALSE,FALSE,TRUE,FALSE,FALSE,FALSE,FALSE,FALSE,FALSE,1,FALSE,TRUE,FALSE,FALSE,FALSE,0,6,FALSE,2026-09-15T16:13:25.309663Z
7023,2026_01_NO_DET,2026,1,1154107,2689,R,U,1,8,FALSE,TRUE,FALSE,FALSE,FALSE,FALSE,FALSE,FALSE,FALSE,0,FALSE,FALSE,FALSE,FALSE,FALSE,0,0,FALSE,2026-09-15T16:13:25.309663Z
7023,2026_01_NO_DET,2026,1,1154108,2712,0,0,0,0,FALSE,FALSE,FALSE,FALSE,FALSE,FALSE,FALSE,FALSE,FALSE,0,FALSE,FALSE,FALSE,FALSE,FALSE,0,0,FALSE,2026-09-15T16:13:25.309663Z
7023,2026_01_NO_DET,2026,1,1154109,2727,0,0,0,0,FALSE,FALSE,FALSE,FALSE,FALSE,FALSE,FALSE,FALSE,FALSE,0,FALSE,FALSE,FALSE,FALSE,FALSE,0,0,FALSE,2026-09-15T16:13:25.309663Z
7023,2026_01_NO_DET,2026,1,1154110,2751,R,U,1,8,FALSE,TRUE,FALSE,FALSE,FALSE,FALSE,FALSE,FALSE,FALSE,0,FALSE,FALSE,FALSE,FALSE,FALSE,0,0,FALSE,2026-09-15T16:13:25.309663Z
7023,2026_01_NO_DET,2026,1,1154111,2773,M,U,1,7,FALSE,TRUE,TRUE,FALSE,FALSE,FALSE,FALSE,FALSE,FALSE,SD,FALSE,FALSE,FALSE,FALSE,FALSE,2,6,FALSE,2026-09-15T16:13:25.309663Z
7023,2026_01_NO_DET,2026,1,1154112,2793,M,S,1,6,FALSE,TRUE,FALSE,FALSE,FALSE,FALSE,FALSE,FALSE,FALSE,0,FALSE,FALSE,FALSE,FALSE,FALSE,1,4,FALSE,2026-09-15T16:13:25.309663Z
7023,2026_01_NO_DET,2026,1,1154113,2823,R,U,2,7,FALSE,TRUE,TRUE,TRUE,FALSE,FALSE,FALSE,FALSE,FALSE,DES,FALSE,FALSE,FALSE,FALSE,FALSE,1,5,FALSE,2026-09-15T16:13:25.309663Z
7023,2026_01_NO_DET,2026,1,1154114,2846,R,S,1,7,FALSE,TRUE,FALSE,FALSE,FALSE,FALSE,FALSE,FALSE,FALSE,1,TRUE,FALSE,FALSE,FALSE,FALSE,0,4,FALSE,2026-09-15T16:13:25.309663Z
7023,2026_01_NO_DET,2026,1,1154115,2871,L,S,1,7,FALSE,TRUE,FALSE,FALSE,FALSE,FALSE,FALSE,FALSE,FALSE,1,TRUE,FALSE,FALSE,FALSE,FALSE,0,4,FALSE,2026-09-15T16:13:25.309663Z
7023,2026_01_NO_DET,2026,1,1154116,2897,0,0,0,0,FALSE,FALSE,FALSE,FALSE,FALSE,FALSE,FALSE,FALSE,FALSE,0,FALSE,FALSE,FALSE,FALSE,FALSE,0,0,FALSE,2026-09-15T16:13:25.309663Z
7023,2026_01_NO_DET,2026,1,1154117,2912,0,0,0,0,FALSE,FALSE,FALSE,FALSE,FALSE,FALSE,FALSE,FALSE,FALSE,0,FALSE,FALSE,FALSE,FALSE,FALSE,0,0,FALSE,2026-09-15T16:13:25.309663Z
7023,2026_01_NO_DET,2026,1,1154118,2945,L,U,1,7,FALSE,TRUE,FALSE,FALSE,FALSE,FALSE,TRUE,FALSE,FALSE,SD,TRUE,FALSE,FALSE,FALSE,FALSE,0,4,FALSE,2026-09-15T16:13:25.309663Z
7023,2026_01_NO_DET,2026,1,1154119,2970,R,S,1,7,TRUE,TRUE,TRUE,FALSE,FALSE,FALSE,FALSE,FALSE,FALSE,1,TRUE,FALSE,FALSE,FALSE,FALSE,0,4,FALSE,2026-09-15T16:13:25.309663Z
7023,2026_01_NO_DET,2026,1,1154120,3000,R,S,1,6,TRUE,FALSE,FALSE,FALSE,TRUE,FALSE,FALSE,FALSE,FALSE,0,FALSE,FALSE,FALSE,FALSE,FALSE,0,0,FALSE,2026-09-15T16:13:25.309663Z
7023,2026_01_NO_DET,2026,1,1154121,3022,R,U,2,8,FALSE,TRUE,FALSE,FALSE,FALSE,FALSE,TRUE,FALSE,FALSE,SD,FALSE,FALSE,FALSE,FALSE,FALSE,0,5,FALSE,2026-09-15T16:13:25.309663Z
7023,2026_01_NO_DET,2026,1,1154122,3044,R,S,1,7,FALSE,TRUE,FALSE,FALSE,FALSE,FALSE,FALSE,FALSE,FALSE,1,FALSE,FALSE,FALSE,FALSE,FALSE,2,7,FALSE,2026-09-15T16:13:25.309663Z
7023,2026_01_NO_DET,2026,1,1154123,3067,R,S,1,6,FALSE,TRUE,FALSE,FALSE,FALSE,FALSE,FALSE,FALSE,FALSE,0,FALSE,FALSE,FALSE,FALSE,FALSE,0,0,FALSE,2026-09-15T16:13:25.309663Z
7023,2026_01_NO_DET,2026,1,1154124,3089,R,S,0,6,FALSE,TRUE,FALSE,FALSE,FALSE,FALSE,FALSE,FALSE,FALSE,2,TRUE,FALSE,FALSE,FALSE,FALSE,0,4,FALSE,2026-09-15T16:13:25.309663Z
7023,2026_01_NO_DET,2026,1,1154125,3114,R,U,2,6,TRUE,TRUE,FALSE,FALSE,FALSE,FALSE,FALSE,FALSE,FALSE,0,FALSE,FALSE,FALSE,FALSE,FALSE,0,0,FALSE,2026-09-15T16:13:25.309663Z
7023,2026_01_NO_DET,2026,1,1154126,3136,L,S,1,6,FALSE,FALSE,FALSE,FALSE,FALSE,FALSE,FALSE,FALSE,FALSE,0,FALSE,FALSE,FALSE,FALSE,FALSE,0,0,FALSE,2026-09-15T16:13:25.309663Z
7023,2026_01_NO_DET,2026,1,1154127,3159,0,0,0,0,FALSE,FALSE,FALSE,FALSE,FALSE,FALSE,FALSE,FALSE,FALSE,0,FALSE,FALSE,FALSE,FALSE,FALSE,0,0,FALSE,2026-09-15T16:13:25.309663Z
7023,2026_01_NO_DET,2026,1,1154128,3174,0,0,0,0,FALSE,FALSE,FALSE,FALSE,FALSE,FALSE,FALSE,FALSE,FALSE,0,FALSE,FALSE,FALSE,FALSE,FALSE,0,0,FALSE,2026-09-15T16:13:25.309663Z
7023,2026_01_NO_DET,2026,1,1154129,3198,L,U,1,7,FALSE,TRUE,TRUE,FALSE,FALSE,FALSE,TRUE,FALSE,TRUE,2,FALSE,FALSE,FALSE,FALSE,FALSE,0,4,FALSE,2026-09-15T16:13:25.309663Z
7023,2026_01_NO_DET,2026,1,1154130,3221,L,U,1,7,FALSE,FALSE,TRUE,FALSE,FALSE,FALSE,FALSE,FALSE,FALSE,CHK,TRUE,FALSE,FALSE,FALSE,FALSE,0,4,FALSE,2026-09-15T16:13:25.309663Z
7023,2026_01_NO_DET,2026,1,1154131,3246,R,S,1,6,FALSE,TRUE,FALSE,FALSE,FALSE,FALSE,FALSE,FALSE,FALSE,1,TRUE,FALSE,FALSE,FALSE,FALSE,0,4,FALSE,2026-09-15T16:13:25.309663Z
7023,2026_01_NO_DET,2026,1,1154132,3269,0,0,0,0,FALSE,FALSE,FALSE,FALSE,FALSE,FALSE,FALSE,FALSE,FALSE,0,FALSE,FALSE,FALSE,FALSE,FALSE,0,0,FALSE,2026-09-15T16:13:25.309663Z
7023,2026_01_NO_DET,2026,1,1154133,3295,L,S,1,7,FALSE,TRUE,FALSE,TRUE,FALSE,FALSE,FALSE,FALSE,FALSE,DES,TRUE,FALSE,FALSE,FALSE,FALSE,2,6,FALSE,2026-09-15T16:13:25.309663Z
7023,2026_01_NO_DET,2026,1,1154134,3327,L,U,1,7,TRUE,FALSE,TRUE,FALSE,FALSE,FALSE,FALSE,FALSE,FALSE,2,TRUE,FALSE,FALSE,FALSE,FALSE,0,4,FALSE,2026-09-15T16:13:25.309663Z
7023,2026_01_NO_DET,2026,1,1154135,3352,R,S,2,6,TRUE,TRUE,FALSE,TRUE,TRUE,FALSE,FALSE,FALSE,FALSE,CHK,TRUE,FALSE,FALSE,FALSE,FALSE,0,4,FALSE,2026-09-15T16:13:25.309663Z
7023,2026_01_NO_DET,2026,1,1154136,3382,R,S,0,6,FALSE,TRUE,FALSE,FALSE,FALSE,FALSE,FALSE,FALSE,FALSE,1,TRUE,FALSE,FALSE,FALSE,FALSE,1,4,FALSE,2026-09-15T16:13:25.309663Z
7023,2026_01_NO_DET,2026,1,1154137,3407,R,S,1,7,TRUE,TRUE,FALSE,FALSE,TRUE,FALSE,FALSE,FALSE,FALSE,0,FALSE,FALSE,FALSE,FALSE,FALSE,0,0,FALSE,2026-09-15T16:13:25.309663Z
7023,2026_01_NO_DET,2026,1,1154138,3429,R,S,1,6,FALSE,TRUE,FALSE,FALSE,FALSE,FALSE,FALSE,FALSE,FALSE,1,TRUE,FALSE,FALSE,FALSE,FALSE,3,7,FALSE,2026-09-15T16:13:25.309663Z
7023,2026_01_NO_DET,2026,1,1154139,3452,R,S,1,5,FALSE,TRUE,FALSE,FALSE,FALSE,FALSE,FALSE,FALSE,FALSE,1,TRUE,TRUE,FALSE,FALSE,FALSE,1,4,FALSE,2026-09-15T16:13:25.309663Z
7023,2026_01_NO_DET,2026,1,1154140,3486,R,U,2,9,FALSE,TRUE,FALSE,FALSE,FALSE,FALSE,FALSE,FALSE,FALSE,1,TRUE,FALSE,TRUE,FALSE,FALSE,0,6,FALSE,2026-09-15T16:13:25.309663Z
7023,2026_01_NO_DET,2026,1,1154141,3512,0,0,0,0,FALSE,FALSE,FALSE,FALSE,FALSE,FALSE,FALSE,FALSE,FALSE,0,FALSE,FALSE,FALSE,FALSE,FALSE,0,0,FALSE,2026-09-15T16:13:25.309663Z
7023,2026_01_NO_DET,2026,1,1154142,3527,0,0,0,0,FALSE,FALSE,FALSE,FALSE,FALSE,FALSE,FALSE,FALSE,FALSE,0,FALSE,FALSE,FALSE,FALSE,FALSE,0,0,FALSE,2026-09-15T16:13:25.309663Z
7023,2026_01_NO_DET,2026,1,1154143,3550,L,U,1,6,FALSE,FALSE,FALSE,FALSE,FALSE,FALSE,FALSE,FALSE,FALSE,0,FALSE,FALSE,FALSE,FALSE,FALSE,0,0,FALSE,2026-09-15T16:13:25.309663Z
7023,2026_01_NO_DET,2026,1,1154144,3592,L,U,2,6,FALSE,TRUE,FALSE,FALSE,FALSE,FALSE,FALSE,FALSE,FALSE,0,FALSE,FALSE,FALSE,FALSE,FALSE,0,0,FALSE,2026-09-15T16:13:25.309663Z
7023,2026_01_NO_DET,2026,1,1154145,3614,L,U,1,7,FALSE,FALSE,FALSE,FALSE,FALSE,FALSE,FALSE,FALSE,FALSE,0,FALSE,FALSE,FALSE,FALSE,FALSE,0,0,FALSE,2026-09-15T16:13:25.309663Z
7023,2026_01_NO_DET,2026,1,1154146,3636,R,S,1,6,FALSE,TRUE,FALSE,FALSE,FALSE,FALSE,FALSE,FALSE,FALSE,2,TRUE,FALSE,FALSE,FALSE,FALSE,1,4,FALSE,2026-09-15T16:13:25.309663Z
7023,2026_01_NO_DET,2026,1,1154147,3661,L,S,1,6,FALSE,TRUE,FALSE,FALSE,FALSE,FALSE,FALSE,FALSE,FALSE,2,TRUE,TRUE,FALSE,FALSE,FALSE,0,5,FALSE,2026-09-15T16:13:25.309663Z
7023,2026_01_NO_DET,2026,1,1154148,3684,0,0,0,0,FALSE,FALSE,FALSE,FALSE,FALSE,FALSE,FALSE,FALSE,FALSE,0,FALSE,FALSE,FALSE,FALSE,FALSE,0,0,FALSE,2026-09-15T16:13:25.309663Z
7023,2026_01_NO_DET,2026,1,1154149,3704,R,U,1,7,FALSE,FALSE,FALSE,FALSE,FALSE,FALSE,FALSE,FALSE,FALSE,0,FALSE,FALSE,FALSE,FALSE,FALSE,0,0,FALSE,2026-09-15T16:13:25.309663Z
7023,2026_01_NO_DET,2026,1,1154150,3726,L,S,1,7,FALSE,FALSE,FALSE,FALSE,FALSE,FALSE,FALSE,FALSE,FALSE,CHK,TRUE,FALSE,FALSE,FALSE,FALSE,0,4,FALSE,2026-09-15T16:13:25.309663Z
7023,2026_01_NO_DET,2026,1,1154151,3751,M,S,1,7,TRUE,FALSE,FALSE,FALSE,FALSE,FALSE,FALSE,FALSE,FALSE,1,TRUE,FALSE,FALSE,FALSE,FALSE,1,4,FALSE,2026-09-15T16:13:25.309663Z
7023,2026_01_NO_DET,2026,1,1154152,3776,L,U,2,7,FALSE,FALSE,FALSE,FALSE,FALSE,FALSE,FALSE,FALSE,FALSE,0,FALSE,FALSE,FALSE,FALSE,FALSE,0,0,FALSE,2026-09-15T16:13:25.309663Z
7023,2026_01_NO_DET,2026,1,1154153,3798,L,U,2,7,FALSE,TRUE,TRUE,FALSE,FALSE,FALSE,FALSE,FALSE,FALSE,SD,FALSE,TRUE,FALSE,FALSE,FALSE,1,6,FALSE,2026-09-15T16:13:25.309663Z
7023,2026_01_NO_DET,2026,1,1154154,3821,L,S,1,6,FALSE,TRUE,FALSE,FALSE,FALSE,FALSE,FALSE,FALSE,FALSE,1,TRUE,FALSE,FALSE,FALSE,FALSE,1,4,FALSE,2026-09-15T16:13:25.309663Z
7023,2026_01_NO_DET,2026,1,1154155,3846,R,S,1,6,FALSE,TRUE,FALSE,FALSE,FALSE,FALSE,FALSE,FALSE,FALSE,1,TRUE,FALSE,TRUE,FALSE,FALSE,2,5,FALSE,2026-09-15T16:13:25.309663Z
7023,2026_01_NO_DET,2026,1,1154156,3878,R,S,1,7,TRUE,FALSE,FALSE,FALSE,FALSE,FALSE,TRUE,FALSE,FALSE,SD,FALSE,FALSE,FALSE,FALSE,FALSE,2,6,FALSE,2026-09-15T16:13:25.309663Z
7023,2026_01_NO_DET,2026,1,1154157,3905,0,0,0,0,FALSE,FALSE,FALSE,FALSE,FALSE,FALSE,FALSE,FALSE,FALSE,0,FALSE,FALSE,FALSE,FALSE,FALSE,0,0,FALSE,2026-09-15T16:13:25.309663Z
7023,2026_01_NO_DET,2026,1,1154158,3929,R,S,1,6,FALSE,TRUE,FALSE,FALSE,FALSE,FALSE,FALSE,FALSE,FALSE,1,TRUE,FALSE,FALSE,FALSE,FALSE,0,7,FALSE,2026-09-15T16:13:25.309663Z
7023,2026_01_NO_DET,2026,1,1154159,3954,R,S,1,5,FALSE,FALSE,FALSE,FALSE,FALSE,FALSE,FALSE,FALSE,FALSE,CHK,TRUE,FALSE,FALSE,FALSE,FALSE,0,4,FALSE,2026-09-15T16:13:25.309663Z
7023,2026_01_NO_DET,2026,1,1154160,3984,0,0,0,0,FALSE,FALSE,FALSE,FALSE,FALSE,FALSE,FALSE,FALSE,FALSE,0,FALSE,FALSE,FALSE,FALSE,FALSE,0,0,FALSE,2026-09-15T16:13:25.309663Z
7023,2026_01_NO_DET,2026,1,1154161,4004,0,0,0,0,FALSE,FALSE,FALSE,FALSE,FALSE,FALSE,FALSE,FALSE,FALSE,0,FALSE,FALSE,FALSE,FALSE,FALSE,0,0,FALSE,2026-09-15T16:13:25.309663Z
7023,2026_01_NO_DET,2026,1,1154162,4045,L,U,1,6,FALSE,FALSE,FALSE,FALSE,FALSE,FALSE,FALSE,FALSE,FALSE,0,FALSE,FALSE,FALSE,FALSE,FALSE,0,0,FALSE,2026-09-15T16:13:25.309663Z
7023,2026_01_NO_DET,2026,1,1154163,4072,L,U,2,6,FALSE,TRUE,TRUE,FALSE,FALSE,FALSE,FALSE,FALSE,FALSE,CHK,TRUE,FALSE,FALSE,FALSE,FALSE,0,4,FALSE,2026-09-15T16:13:25.309663Z
7023,2026_01_NO_DET,2026,1,1154164,4113,R,U,1,7,FALSE,TRUE,FALSE,FALSE,FALSE,FALSE,FALSE,FALSE,FALSE,0,FALSE,FALSE,FALSE,FALSE,FALSE,0,0,FALSE,2026-09-15T16:13:25.309663Z
7023,2026_01_NO_DET,2026,1,1154165,4135,R,U,1,7,FALSE,TRUE,FALSE,FALSE,FALSE,FALSE,FALSE,FALSE,FALSE,0,FALSE,FALSE,FALSE,FALSE,FALSE,0,0,FALSE,2026-09-15T16:13:25.309663Z
7023,2026_01_NO_DET,2026,1,1154166,4157,M,U,3,8,FALSE,FALSE,FALSE,FALSE,FALSE,FALSE,FALSE,FALSE,FALSE,0,FALSE,FALSE,FALSE,FALSE,FALSE,0,0,FALSE,2026-09-15T16:13:25.309663Z
7023,2026_01_NO_DET,2026,1,1154167,4190,M,U,1,7,FALSE,FALSE,FALSE,FALSE,FALSE,FALSE,FALSE,FALSE,FALSE,0,FALSE,FALSE,FALSE,FALSE,FALSE,0,0,FALSE,2026-09-15T16:13:25.309663Z
7023,2026_01_NO_DET,2026,1,1154168,4225,M,S,1,6,FALSE,FALSE,FALSE,FALSE,FALSE,FALSE,FALSE,FALSE,FALSE,0,FALSE,FALSE,FALSE,FALSE,FALSE,0,4,FALSE,2026-09-15T16:13:25.309663Z
7023,2026_01_NO_DET,2026,1,1154169,4255,M,U,1,7,FALSE,FALSE,FALSE,FALSE,FALSE,FALSE,FALSE,FALSE,FALSE,0,FALSE,FALSE,FALSE,FALSE,FALSE,0,0,FALSE,2026-09-15T16:13:25.309663Z
7023,2026_01_NO_DET,2026,1,1154170,4279,R,S,0,6,FALSE,FALSE,FALSE,TRUE,FALSE,FALSE,FALSE,FALSE,FALSE,DES,TRUE,FALSE,FALSE,FALSE,FALSE,0,4,FALSE,2026-09-15T16:13:25.309663Z
7023,2026_01_NO_DET,2026,1,1154171,4304,0,0,0,0,FALSE,FALSE,FALSE,FALSE,FALSE,FALSE,FALSE,FALSE,FALSE,0,FALSE,FALSE,FALSE,FALSE,FALSE,0,0,FALSE,2026-09-15T16:13:25.309663Z
7023,2026_01_NO_DET,2026,1,1154172,4324,0,0,0,0,FALSE,FALSE,FALSE,FALSE,FALSE,FALSE,FALSE,FALSE,FALSE,0,FALSE,FALSE,FALSE,FALSE,FALSE,0,0,FALSE,2026-09-15T16:13:25.309663Z
7023,2026_01_NO_DET,2026,1,1154173,4347,L,S,1,7,FALSE,TRUE,FALSE,FALSE,FALSE,FALSE,FALSE,FALSE,FALSE,1,TRUE,FALSE,FALSE,FALSE,FALSE,0,4,FALSE,2026-09-15T16:13:25.309663Z
7023,2026_01_NO_DET,2026,1,1154174,4377,L,S,1,6,FALSE,FALSE,FALSE,FALSE,FALSE,FALSE,FALSE,FALSE,FALSE,0,FALSE,FALSE,FALSE,FALSE,FALSE,0,4,FALSE,2026-09-15T16:13:25.309663Z
7023,2026_01_NO_DET,2026,1,1154175,4397,L,S,1,6,FALSE,TRUE,FALSE,FALSE,FALSE,FALSE,FALSE,FALSE,FALSE,CHK,FALSE,FALSE,FALSE,FALSE,FALSE,1,4,FALSE,2026-09-15T16:13:25.309663Z
7023,2026_01_NO_DET,2026,1,1154176,4427,L,S,1,5,FALSE,TRUE,FALSE,FALSE,FALSE,FALSE,FALSE,FALSE,FALSE,2,TRUE,TRUE,FALSE,FALSE,FALSE,1,4,FALSE,2026-09-15T16:13:25.309663Z
7023,2026_01_NO_DET,2026,1,1154177,4464,0,0,0,0,FALSE,FALSE,FALSE,FALSE,FALSE,FALSE,FALSE,FALSE,FALSE,0,FALSE,FALSE,FALSE,FALSE,FALSE,0,0,FALSE,2026-09-15T16:13:25.309663Z
7023,2026_01_NO_DET,2026,1,1154178,4452,R,S,1,6,FALSE,FALSE,FALSE,FALSE,FALSE,FALSE,FALSE,FALSE,FALSE,1,TRUE,FALSE,FALSE,FALSE,FALSE,1,6,FALSE,2026-09-15T16:13:25.309663Z
7023,2026_01_NO_DET,2026,1,1154179,4484,R,S,1,6,TRUE,FALSE,FALSE,FALSE,FALSE,FALSE,TRUE,FALSE,TRUE,SD,FALSE,TRUE,FALSE,FALSE,FALSE,0,4,FALSE,2026-09-15T16:13:25.309663Z
7023,2026_01_NO_DET,2026,1,1154180,4507,R,S,1,5,FALSE,TRUE,FALSE,FALSE,FALSE,FALSE,FALSE,FALSE,FALSE,2,TRUE,TRUE,FALSE,FALSE,FALSE,0,4,FALSE,2026-09-15T16:13:25.309663Z
7023,2026_01_NO_DET,2026,1,1154181,4601,0,0,0,0,FALSE,FALSE,FALSE,FALSE,FALSE,FALSE,FALSE,FALSE,FALSE,0,FALSE,FALSE,FALSE,FALSE,FALSE,0,0,FALSE,2026-09-15T16:13:25.309663Z
7023,2026_01_NO_DET,2026,1,1154182,4544,R,S,1,7,FALSE,TRUE,FALSE,FALSE,FALSE,FALSE,FALSE,FALSE,FALSE,2,TRUE,FALSE,FALSE,FALSE,FALSE,0,5,FALSE,2026-09-15T16:13:25.309663Z
7023,2026_01_NO_DET,2026,1,1154183,4573,0,0,0,0,FALSE,FALSE,FALSE,FALSE,FALSE,FALSE,FALSE,FALSE,FALSE,0,FALSE,FALSE,FALSE,FALSE,FALSE,0,0,FALSE,2026-09-15T16:13:25.309663Z
7023,2026_01_NO_DET,2026,1,1154184,4588,0,0,0,0,FALSE,FALSE,FALSE,FALSE,FALSE,FALSE,FALSE,FALSE,FALSE,0,FALSE,FALSE,FALSE,FALSE,FALSE,0,0,FALSE,2026-09-15T16:13:25.309663Z
7023,2026_01_NO_DET,2026,1,1154185,4612,R,S,1,6,FALSE,TRUE,FALSE,FALSE,FALSE,FALSE,TRUE,FALSE,FALSE,SD,FALSE,FALSE,FALSE,FALSE,FALSE,0,4,FALSE,2026-09-15T16:13:25.309663Z
7023,2026_01_NO_DET,2026,1,1154186,4639,L,S,1,6,FALSE,TRUE,FALSE,FALSE,FALSE,FALSE,FALSE,FALSE,FALSE,1,TRUE,FALSE,FALSE,FALSE,FALSE,0,4,FALSE,2026-09-15T16:13:25.309663Z
7023,2026_01_NO_DET,2026,1,1154187,4664,M,S,1,6,TRUE,FALSE,FALSE,FALSE,FALSE,FALSE,FALSE,FALSE,FALSE,1,TRUE,TRUE,FALSE,FALSE,FALSE,0,4,FALSE,2026-09-15T16:13:25.309663Z
7023,2026_01_NO_DET,2026,1,1154188,4687,0,0,0,0,FALSE,FALSE,FALSE,FALSE,FALSE,FALSE,FALSE,FALSE,FALSE,0,FALSE,FALSE,FALSE,FALSE,FALSE,0,0,FALSE,2026-09-15T16:13:25.309663Z
7023,2026_01_NO_DET,2026,1,1154189,4705,L,S,1,5,FALSE,FALSE,FALSE,FALSE,FALSE,FALSE,FALSE,FALSE,FALSE,0,FALSE,FALSE,FALSE,FALSE,FALSE,0,0,FALSE,2026-09-15T16:13:25.309663Z
7023,2026_01_NO_DET,2026,1,1154190,4739,0,0,0,0,FALSE,FALSE,FALSE,FALSE,FALSE,FALSE,FALSE,FALSE,FALSE,0,FALSE,FALSE,FALSE,FALSE,FALSE,0,0,FALSE,2026-09-15T16:13:25.309663Z
7023,2026_01_NO_DET,2026,1,1154191,4727,R,S,1,6,FALSE,TRUE,FALSE,FALSE,FALSE,FALSE,FALSE,FALSE,FALSE,1,TRUE,FALSE,TRUE,FALSE,FALSE,0,4,FALSE,2026-09-15T16:13:25.309663Z
7023,2026_01_NO_DET,2026,1,1154192,4759,0,0,0,0,TRUE,FALSE,FALSE,FALSE,FALSE,FALSE,FALSE,FALSE,FALSE,0,FALSE,FALSE,FALSE,FALSE,FALSE,0,0,FALSE,2026-09-15T16:13:25.309663Z
7023,2026_01_NO_DET,2026,1,1154193,4794,0,0,0,0,FALSE,FALSE,FALSE,FALSE,FALSE,FALSE,FALSE,FALSE,FALSE,0,FALSE,FALSE,FALSE,FALSE,FALSE,0,0,FALSE,2026-09-15T16:13:25.309663Z
7023,2026_01_NO_DET,2026,1,1154194,4782,M,S,1,2,FALSE,FALSE,FALSE,FALSE,FALSE,FALSE,FALSE,FALSE,FALSE,1,FALSE,TRUE,FALSE,FALSE,FALSE,0,1,FALSE,2026-09-15T16:13:25.309663Z
7023,2026_01_NO_DET,2026,1,1154195,4815,0,0,0,0,FALSE,FALSE,FALSE,FALSE,FALSE,FALSE,FALSE,FALSE,FALSE,0,FALSE,FALSE,FALSE,FALSE,FALSE,0,0,FALSE,2026-09-15T16:13:25.309663Z
7023,2026_01_NO_DET,2026,1,1154196,4856,0,0,0,0,FALSE,FALSE,FALSE,FALSE,FALSE,FALSE,FALSE,FALSE,FALSE,0,FALSE,FALSE,FALSE,FALSE,FALSE,0,0,FALSE,2026-09-15T16:13:25.309663Z
7023,2026_01_NO_DET,2026,1,1154197,4879,L,S,1,6,FALSE,TRUE,TRUE,FALSE,FALSE,FALSE,FALSE,FALSE,FALSE,CHK,TRUE,FALSE,FALSE,FALSE,FALSE,0,4,FALSE,2026-09-15T16:13:25.309663Z
7023,2026_01_NO_DET,2026,1,1154198,4904,R,U,1,6,FALSE,FALSE,FALSE,FALSE,FALSE,FALSE,FALSE,FALSE,FALSE,0,FALSE,FALSE,FALSE,FALSE,FALSE,0,0,FALSE,2026-09-15T16:13:25.309663Z
7023,2026_01_NO_DET,2026,1,1154199,4926,R,S,1,7,FALSE,TRUE,TRUE,FALSE,FALSE,FALSE,FALSE,FALSE,FALSE,CHK,TRUE,FALSE,FALSE,FALSE,FALSE,0,4,FALSE,2026-09-15T16:13:25.309663Z
7023,2026_01_NO_DET,2026,1,1154200,4951,L,S,1,6,FALSE,TRUE,FALSE,FALSE,FALSE,FALSE,FALSE,FALSE,FALSE,0,FALSE,FALSE,FALSE,FALSE,FALSE,0,0,FALSE,2026-09-15T16:13:25.309663Z
7023,2026_01_NO_DET,2026,1,1154201,4973,R,S,1,6,FALSE,FALSE,TRUE,FALSE,FALSE,FALSE,FALSE,FALSE,FALSE,2,FALSE,FALSE,FALSE,FALSE,FALSE,0,4,FALSE,2026-09-15T16:13:25.309663Z
7023,2026_01_NO_DET,2026,1,1154202,4996,L,U,1,6,FALSE,TRUE,FALSE,FALSE,FALSE,FALSE,FALSE,FALSE,FALSE,0,FALSE,FALSE,FALSE,FALSE,FALSE,0,0,FALSE,2026-09-15T16:13:25.309663Z
7023,2026_01_NO_DET,2026,1,1154203,5018,L,U,1,6,FALSE,FALSE,FALSE,FALSE,FALSE,FALSE,FALSE,FALSE,FALSE,0,FALSE,FALSE,FALSE,FALSE,FALSE,0,0,FALSE,2026-09-15T16:13:25.309663Z
7023,2026_01_NO_DET,2026,1,1154204,5045,R,S,1,6,FALSE,TRUE,FALSE,FALSE,FALSE,FALSE,FALSE,FALSE,FALSE,1,TRUE,FALSE,FALSE,FALSE,FALSE,1,4,FALSE,2026-09-15T16:13:25.309663Z
7023,2026_01_NO_DET,2026,1,1154205,5075,L,U,1,8,FALSE,FALSE,FALSE,FALSE,FALSE,FALSE,FALSE,FALSE,FALSE,0,FALSE,FALSE,FALSE,FALSE,FALSE,0,0,FALSE,2026-09-15T16:13:25.309663Z
7023,2026_01_NO_DET,2026,1,1154206,5097,M,S,1,6,FALSE,FALSE,FALSE,TRUE,FALSE,FALSE,FALSE,FALSE,FALSE,1,TRUE,TRUE,FALSE,FALSE,FALSE,0,5,FALSE,2026-09-15T16:13:25.309663Z
7023,2026_01_NO_DET,2026,1,1154207,5123,0,0,0,0,FALSE,FALSE,FALSE,FALSE,FALSE,FALSE,FALSE,FALSE,FALSE,0,FALSE,FALSE,FALSE,FALSE,FALSE,0,0,FALSE,2026-09-15T16:13:25.309663Z
7023,2026_01_NO_DET,2026,1,1154208,5141,0,0,0,0,FALSE,FALSE,FALSE,FALSE,FALSE,FALSE,FALSE,FALSE,FALSE,0,FALSE,FALSE,FALSE,FALSE,FALSE,0,0,FALSE,2026-09-15T16:13:25.309663Z
7023,2026_01_NO_DET,2026,1,1154209,5164,L,S,1,7,FALSE,TRUE,FALSE,FALSE,FALSE,FALSE,FALSE,FALSE,FALSE,SD,FALSE,FALSE,FALSE,FALSE,FALSE,2,5,FALSE,2026-09-15T16:13:25.309663Z
7023,2026_01_NO_DET,2026,1,1154210,5184,R,S,1,6,FALSE,FALSE,FALSE,FALSE,FALSE,FALSE,FALSE,FALSE,FALSE,2,TRUE,FALSE,FALSE,FALSE,FALSE,0,4,FALSE,2026-09-15T16:13:25.309663Z
7023,2026_01_NO_DET,2026,1,1154211,5212,L,S,1,7,FALSE,FALSE,FALSE,FALSE,FALSE,FALSE,FALSE,FALSE,FALSE,0,FALSE,FALSE,FALSE,FALSE,FALSE,0,0,FALSE,2026-09-15T16:13:25.309663Z
7023,2026_01_NO_DET,2026,1,1154212,5239,L,S,1,6,TRUE,FALSE,FALSE,FALSE,FALSE,FALSE,FALSE,FALSE,FALSE,1,TRUE,FALSE,FALSE,FALSE,FALSE,0,4,FALSE,2026-09-15T16:13:25.309663Z
7023,2026_01_NO_DET,2026,1,1154213,5270,R,U,1,6,FALSE,FALSE,FALSE,FALSE,FALSE,FALSE,FALSE,FALSE,FALSE,0,FALSE,FALSE,FALSE,FALSE,FALSE,0,0,FALSE,2026-09-15T16:13:25.309663Z
7023,2026_01_NO_DET,2026,1,1154214,5292,R,S,1,7,TRUE,FALSE,FALSE,FALSE,FALSE,FALSE,FALSE,FALSE,FALSE,1,TRUE,FALSE,FALSE,FALSE,FALSE,2,6,FALSE,2026-09-15T16:13:25.309663Z
7023,2026_01_NO_DET,2026,1,1154215,5325,R,U,2,7,FALSE,TRUE,FALSE,FALSE,FALSE,FALSE,FALSE,FALSE,FALSE,0,FALSE,FALSE,FALSE,FALSE,FALSE,0,0,FALSE,2026-09-15T16:13:25.309663Z
7023,2026_01_NO_DET,2026,1,1154216,5347,R,S,1,5,FALSE,TRUE,FALSE,FALSE,FALSE,FALSE,FALSE,FALSE,FALSE,CHK,TRUE,TRUE,FALSE,FALSE,FALSE,0,4,FALSE,2026-09-15T16:13:25.309663Z
7023,2026_01_NO_DET,2026,1,1154217,5377,R,S,1,5,FALSE,TRUE,FALSE,FALSE,FALSE,FALSE,FALSE,FALSE,FALSE,1,TRUE,TRUE,FALSE,FALSE,FALSE,1,4,FALSE,2026-09-15T16:13:25.309663Z
7023,2026_01_NO_DET,2026,1,1154218,5419,R,U,1,8,FALSE,FALSE,TRUE,FALSE,FALSE,FALSE,FALSE,FALSE,FALSE,1,TRUE,TRUE,FALSE,FALSE,FALSE,1,5,FALSE,2026-09-15T16:13:25.309663Z
7023,2026_01_NO_DET,2026,1,1154219,5442,R,S,1,6,FALSE,TRUE,FALSE,TRUE,FALSE,FALSE,FALSE,FALSE,FALSE,1,TRUE,FALSE,FALSE,FALSE,FALSE,0,4,FALSE,2026-09-15T16:13:25.309663Z
7023,2026_01_NO_DET,2026,1,1154220,5479,0,0,0,0,FALSE,FALSE,FALSE,FALSE,FALSE,FALSE,FALSE,FALSE,FALSE,0,FALSE,FALSE,FALSE,FALSE,FALSE,0,0,FALSE,2026-09-15T16:13:25.309663Z
7023,2026_01_NO_DET,2026,1,1154221,5468,R,S,1,7,FALSE,TRUE,FALSE,FALSE,FALSE,FALSE,FALSE,FALSE,FALSE,2,FALSE,TRUE,FALSE,FALSE,FALSE,0,5,FALSE,2026-09-15T16:13:25.309663Z
7024,2026_01_BUF_HOU,2026,1,1154222,41,0,0,0,0,FALSE,FALSE,FALSE,FALSE,FALSE,FALSE,FALSE,FALSE,FALSE,0,FALSE,FALSE,FALSE,FALSE,FALSE,0,0,FALSE,2026-09-15T16:13:25.309663Z
7024,2026_01_BUF_HOU,2026,1,1154223,64,L,U,2,8,FALSE,FALSE,FALSE,FALSE,FALSE,FALSE,FALSE,FALSE,FALSE,0,FALSE,FALSE,FALSE,FALSE,FALSE,0,0,FALSE,2026-09-15T16:13:25.309663Z
7024,2026_01_BUF_HOU,2026,1,1154224,86,R,U,1,6,FALSE,FALSE,TRUE,FALSE,FALSE,FALSE,FALSE,FALSE,FALSE,CHK,TRUE,FALSE,FALSE,FALSE,FALSE,0,4,FALSE,2026-09-15T16:13:25.309663Z
7024,2026_01_BUF_HOU,2026,1,1154225,118,R,U,1,7,FALSE,FALSE,FALSE,FALSE,FALSE,FALSE,FALSE,FALSE,FALSE,0,FALSE,FALSE,FALSE,FALSE,FALSE,0,0,FALSE,2026-09-15T16:13:25.309663Z
7024,2026_01_BUF_HOU,2026,1,1154226,140,R,U,3,7,FALSE,TRUE,FALSE,FALSE,FALSE,FALSE,FALSE,FALSE,FALSE,0,FALSE,FALSE,FALSE,FALSE,FALSE,0,0,FALSE,2026-09-15T16:13:25.309663Z
7024,2026_01_BUF_HOU,2026,1,1154227,162,R,S,1,5,FALSE,FALSE,FALSE,FALSE,FALSE,FALSE,FALSE,FALSE,FALSE,0,FALSE,FALSE,FALSE,FALSE,FALSE,0,0,FALSE,2026-09-15T16:13:25.309663Z
7024,2026_01_BUF_HOU,2026,1,1154228,184,R,S,1,6,FALSE,FALSE,FALSE,FALSE,TRUE,FALSE,FALSE,FALSE,FALSE,0,FALSE,FALSE,FALSE,FALSE,FALSE,0,0,FALSE,2026-09-15T16:13:25.309663Z
7024,2026_01_BUF_HOU,2026,1,1154229,206,L,S,1,6,FALSE,FALSE,FALSE,FALSE,FALSE,FALSE,FALSE,FALSE,FALSE,0,FALSE,FALSE,FALSE,FALSE,FALSE,0,0,FALSE,2026-09-15T16:13:25.309663Z
7024,2026_01_BUF_HOU,2026,1,1154230,228,R,U,1,7,FALSE,FALSE,FALSE,FALSE,FALSE,FALSE,FALSE,FALSE,FALSE,0,FALSE,FALSE,FALSE,FALSE,FALSE,0,0,FALSE,2026-09-15T16:13:25.309663Z
7024,2026_01_BUF_HOU,2026,1,1154231,257,0,0,0,0,FALSE,FALSE,FALSE,FALSE,FALSE,FALSE,FALSE,FALSE,FALSE,0,FALSE,FALSE,FALSE,FALSE,FALSE,0,0,FALSE,2026-09-15T16:13:25.309663Z
7024,2026_01_BUF_HOU,2026,1,1154232,291,L,S,1,7,FALSE,FALSE,FALSE,FALSE,FALSE,FALSE,FALSE,FALSE,FALSE,0,FALSE,FALSE,FALSE,FALSE,FALSE,0,0,FALSE,2026-09-15T16:13:25.309663Z
7024,2026_01_BUF_HOU,2026,1,1154233,313,L,S,1,6,FALSE,FALSE,FALSE,FALSE,FALSE,FALSE,FALSE,FALSE,FALSE,0,FALSE,FALSE,FALSE,FALSE,FALSE,0,4,FALSE,2026-09-15T16:13:25.309663Z
7024,2026_01_BUF_HOU,2026,1,1154234,343,R,U,2,7,FALSE,FALSE,FALSE,FALSE,FALSE,FALSE,FALSE,FALSE,FALSE,0,FALSE,FALSE,FALSE,FALSE,FALSE,0,0,FALSE,2026-09-15T16:13:25.309663Z
7024,2026_01_BUF_HOU,2026,1,1154235,365,L,U,1,7,FALSE,FALSE,FALSE,FALSE,FALSE,FALSE,FALSE,FALSE,FALSE,0,FALSE,FALSE,FALSE,FALSE,FALSE,0,4,FALSE,2026-09-15T16:13:25.309663Z
7024,2026_01_BUF_HOU,2026,1,1154236,385,L,S,0,6,FALSE,TRUE,FALSE,FALSE,FALSE,TRUE,FALSE,FALSE,FALSE,1,TRUE,FALSE,FALSE,FALSE,FALSE,0,4,FALSE,2026-09-15T16:13:25.309663Z
7024,2026_01_BUF_HOU,2026,1,1154237,415,0,0,0,0,FALSE,FALSE,FALSE,FALSE,FALSE,FALSE,FALSE,FALSE,FALSE,0,FALSE,FALSE,FALSE,FALSE,FALSE,0,0,FALSE,2026-09-15T16:13:25.309663Z
7024,2026_01_BUF_HOU,2026,1,1154238,449,0,0,0,0,FALSE,FALSE,FALSE,FALSE,FALSE,FALSE,FALSE,FALSE,FALSE,0,FALSE,FALSE,FALSE,FALSE,FALSE,0,0,FALSE,2026-09-15T16:13:25.309663Z
7024,2026_01_BUF_HOU,2026,1,1154239,475,0,0,0,0,FALSE,FALSE,FALSE,FALSE,FALSE,FALSE,FALSE,FALSE,FALSE,0,FALSE,FALSE,FALSE,FALSE,FALSE,0,0,FALSE,2026-09-15T16:13:25.309663Z
7024,2026_01_BUF_HOU,2026,1,1154240,505,R,S,1,7,FALSE,TRUE,FALSE,FALSE,FALSE,FALSE,FALSE,FALSE,FALSE,0,FALSE,FALSE,FALSE,FALSE,FALSE,0,0,FALSE,2026-09-15T16:13:25.309663Z
7024,2026_01_BUF_HOU,2026,1,1154241,527,R,S,1,6,FALSE,TRUE,FALSE,FALSE,FALSE,FALSE,FALSE,FALSE,FALSE,1,TRUE,FALSE,FALSE,FALSE,FALSE,0,4,FALSE,2026-09-15T16:13:25.309663Z
7024,2026_01_BUF_HOU,2026,1,1154242,552,R,P,1,8,FALSE,FALSE,FALSE,FALSE,FALSE,FALSE,FALSE,FALSE,FALSE,0,FALSE,FALSE,FALSE,FALSE,FALSE,0,0,FALSE,2026-09-15T16:13:25.309663Z
7024,2026_01_BUF_HOU,2026,1,1154243,574,L,U,1,7,FALSE,FALSE,TRUE,FALSE,FALSE,FALSE,FALSE,FALSE,FALSE,SD,TRUE,FALSE,FALSE,FALSE,FALSE,0,5,FALSE,2026-09-15T16:13:25.309663Z
7024,2026_01_BUF_HOU,2026,1,1154244,599,L,U,1,7,FALSE,FALSE,FALSE,FALSE,FALSE,FALSE,FALSE,FALSE,FALSE,0,FALSE,FALSE,FALSE,FALSE,FALSE,0,0,FALSE,2026-09-15T16:13:25.309663Z
7024,2026_01_BUF_HOU,2026,1,1154245,621,L,U,1,7,FALSE,FALSE,FALSE,FALSE,FALSE,FALSE,FALSE,FALSE,FALSE,0,FALSE,FALSE,FALSE,FALSE,FALSE,0,0,FALSE,2026-09-15T16:13:25.309663Z
7024,2026_01_BUF_HOU,2026,1,1154246,648,R,U,1,7,FALSE,FALSE,FALSE,FALSE,FALSE,FALSE,FALSE,FALSE,FALSE,0,FALSE,FALSE,FALSE,FALSE,FALSE,0,0,FALSE,2026-09-15T16:13:25.309663Z
7024,2026_01_BUF_HOU,2026,1,1154247,672,L,U,1,7,FALSE,TRUE,TRUE,FALSE,FALSE,FALSE,TRUE,FALSE,FALSE,2,FALSE,FALSE,FALSE,FALSE,FALSE,0,4,FALSE,2026-09-15T16:13:25.309663Z
7024,2026_01_BUF_HOU,2026,1,1154248,695,L,S,1,6,FALSE,TRUE,FALSE,FALSE,FALSE,FALSE,FALSE,FALSE,FALSE,1,TRUE,FALSE,FALSE,FALSE,FALSE,0,4,FALSE,2026-09-15T16:13:25.309663Z
7024,2026_01_BUF_HOU,2026,1,1154249,725,R,U,1,8,FALSE,FALSE,FALSE,FALSE,FALSE,FALSE,FALSE,FALSE,FALSE,0,FALSE,FALSE,FALSE,FALSE,FALSE,0,0,FALSE,2026-09-15T16:13:25.309663Z
7024,2026_01_BUF_HOU,2026,1,1154250,747,R,U,2,8,FALSE,TRUE,FALSE,FALSE,FALSE,FALSE,FALSE,FALSE,FALSE,0,FALSE,FALSE,FALSE,FALSE,FALSE,0,0,FALSE,2026-09-15T16:13:25.309663Z
7024,2026_01_BUF_HOU,2026,1,1154251,771,R,U,2,10,FALSE,TRUE,FALSE,FALSE,FALSE,FALSE,FALSE,FALSE,FALSE,0,FALSE,FALSE,FALSE,FALSE,FALSE,0,0,FALSE,2026-09-15T16:13:25.309663Z
7024,2026_01_BUF_HOU,2026,1,1154252,794,0,0,0,0,FALSE,FALSE,FALSE,FALSE,FALSE,FALSE,FALSE,FALSE,FALSE,0,FALSE,FALSE,FALSE,FALSE,FALSE,0,0,FALSE,2026-09-15T16:13:25.309663Z
7024,2026_01_BUF_HOU,2026,1,1154253,809,0,0,0,0,FALSE,FALSE,FALSE,FALSE,FALSE,FALSE,FALSE,FALSE,FALSE,0,FALSE,FALSE,FALSE,FALSE,FALSE,0,0,FALSE,2026-09-15T16:13:25.309663Z
7024,2026_01_BUF_HOU,2026,1,1154254,839,L,S,1,6,FALSE,TRUE,TRUE,FALSE,FALSE,FALSE,FALSE,FALSE,FALSE,1,TRUE,FALSE,FALSE,FALSE,FALSE,0,4,FALSE,2026-09-15T16:13:25.309663Z
7024,2026_01_BUF_HOU,2026,1,1154255,884,L,S,1,6,FALSE,TRUE,FALSE,FALSE,FALSE,FALSE,TRUE,FALSE,TRUE,SD,FALSE,FALSE,FALSE,FALSE,FALSE,0,4,FALSE,2026-09-15T16:13:25.309663Z
7024,2026_01_BUF_HOU,2026,1,1154256,918,L,S,1,5,FALSE,TRUE,FALSE,FALSE,TRUE,FALSE,FALSE,FALSE,FALSE,1,FALSE,FALSE,FALSE,FALSE,FALSE,0,4,FALSE,2026-09-15T16:13:25.309663Z
7024,2026_01_BUF_HOU,2026,1,1154257,952,L,S,0,5,FALSE,FALSE,FALSE,FALSE,FALSE,FALSE,FALSE,FALSE,FALSE,1,TRUE,FALSE,FALSE,FALSE,FALSE,0,4,FALSE,2026-09-15T16:13:25.309663Z
7024,2026_01_BUF_HOU,2026,1,1154258,977,R,U,1,7,FALSE,TRUE,FALSE,FALSE,FALSE,FALSE,FALSE,FALSE,FALSE,0,FALSE,FALSE,FALSE,FALSE,FALSE,0,0,FALSE,2026-09-15T16:13:25.309663Z
7024,2026_01_BUF_HOU,2026,1,1154259,1009,R,U,2,7,FALSE,TRUE,FALSE,FALSE,FALSE,FALSE,FALSE,FALSE,FALSE,0,FALSE,FALSE,FALSE,FALSE,FALSE,0,0,FALSE,2026-09-15T16:13:25.309663Z
7024,2026_01_BUF_HOU,2026,1,1154260,1031,L,S,2,6,FALSE,TRUE,FALSE,FALSE,FALSE,FALSE,TRUE,FALSE,FALSE,SD,FALSE,FALSE,FALSE,FALSE,FALSE,0,4,FALSE,2026-09-15T16:13:25.309663Z
7024,2026_01_BUF_HOU,2026,1,1154261,1054,0,0,0,0,FALSE,FALSE,FALSE,FALSE,FALSE,FALSE,FALSE,FALSE,FALSE,0,FALSE,FALSE,FALSE,FALSE,FALSE,0,0,FALSE,2026-09-15T16:13:25.309663Z
7024,2026_01_BUF_HOU,2026,1,1154262,1069,0,0,0,0,FALSE,FALSE,FALSE,FALSE,FALSE,FALSE,FALSE,FALSE,FALSE,0,FALSE,FALSE,FALSE,FALSE,FALSE,0,0,FALSE,2026-09-15T16:13:25.309663Z
7024,2026_01_BUF_HOU,2026,1,1154263,1099,R,U,1,7,FALSE,TRUE,TRUE,FALSE,FALSE,FALSE,FALSE,FALSE,FALSE,1,TRUE,FALSE,FALSE,FALSE,FALSE,1,5,FALSE,2026-09-15T16:13:25.309663Z
7024,2026_01_BUF_HOU,2026,1,1154264,1124,R,P,1,7,FALSE,FALSE,FALSE,FALSE,FALSE,FALSE,FALSE,FALSE,FALSE,0,FALSE,FALSE,FALSE,FALSE,FALSE,0,0,FALSE,2026-09-15T16:13:25.309663Z
7024,2026_01_BUF_HOU,2026,1,1154265,1146,L,S,1,6,FALSE,FALSE,FALSE,FALSE,FALSE,FALSE,FALSE,FALSE,FALSE,1,TRUE,TRUE,FALSE,FALSE,FALSE,0,4,FALSE,2026-09-15T16:13:25.309663Z
7024,2026_01_BUF_HOU,2026,1,1154266,1182,L,U,1,7,FALSE,TRUE,TRUE,FALSE,FALSE,FALSE,FALSE,FALSE,FALSE,1,FALSE,FALSE,FALSE,FALSE,FALSE,0,4,FALSE,2026-09-15T16:13:25.309663Z
7024,2026_01_BUF_HOU,2026,1,1154267,1205,L,S,1,6,FALSE,TRUE,FALSE,TRUE,FALSE,FALSE,FALSE,FALSE,FALSE,DES,TRUE,FALSE,FALSE,FALSE,FALSE,0,4,FALSE,2026-09-15T16:13:25.309663Z
7024,2026_01_BUF_HOU,2026,1,1154268,1230,L,S,1,6,FALSE,FALSE,FALSE,FALSE,FALSE,FALSE,TRUE,FALSE,FALSE,SD,FALSE,FALSE,FALSE,FALSE,FALSE,1,5,FALSE,2026-09-15T16:13:25.309663Z
7024,2026_01_BUF_HOU,2026,1,1154269,1252,R,P,1,7,FALSE,FALSE,FALSE,FALSE,FALSE,FALSE,FALSE,FALSE,FALSE,0,FALSE,FALSE,FALSE,FALSE,FALSE,0,0,FALSE,2026-09-15T16:13:25.309663Z
7024,2026_01_BUF_HOU,2026,1,1154270,1276,R,U,1,6,FALSE,FALSE,FALSE,FALSE,FALSE,FALSE,FALSE,FALSE,FALSE,0,FALSE,FALSE,FALSE,FALSE,FALSE,0,0,FALSE,2026-09-15T16:13:25.309663Z
7024,2026_01_BUF_HOU,2026,1,1154271,1298,R,U,1,7,FALSE,FALSE,FALSE,FALSE,FALSE,FALSE,FALSE,FALSE,FALSE,0,FALSE,FALSE,FALSE,FALSE,FALSE,0,0,FALSE,2026-09-15T16:13:25.309663Z
7024,2026_01_BUF_HOU,2026,1,1154272,1334,0,0,0,0,FALSE,FALSE,FALSE,FALSE,FALSE,FALSE,FALSE,FALSE,FALSE,0,FALSE,FALSE,FALSE,FALSE,FALSE,0,0,FALSE,2026-09-15T16:13:25.309663Z
7024,2026_01_BUF_HOU,2026,1,1154273,1320,R,P,1,8,FALSE,TRUE,TRUE,FALSE,FALSE,FALSE,FALSE,FALSE,FALSE,1,FALSE,FALSE,FALSE,FALSE,FALSE,0,4,FALSE,2026-09-15T16:13:25.309663Z
7024,2026_01_BUF_HOU,2026,1,1154274,1352,R,S,1,6,FALSE,FALSE,FALSE,FALSE,TRUE,FALSE,FALSE,FALSE,FALSE,0,FALSE,FALSE,FALSE,FALSE,FALSE,0,0,FALSE,2026-09-15T16:13:25.309663Z
7024,2026_01_BUF_HOU,2026,1,1154275,1374,M,P,2,7,FALSE,TRUE,TRUE,FALSE,FALSE,FALSE,TRUE,FALSE,FALSE,1,TRUE,FALSE,FALSE,FALSE,FALSE,0,5,FALSE,2026-09-15T16:13:25.309663Z
7024,2026_01_BUF_HOU,2026,1,1154276,1399,L,P,2,6,FALSE,TRUE,TRUE,TRUE,TRUE,FALSE,FALSE,FALSE,FALSE,DES,TRUE,FALSE,FALSE,FALSE,FALSE,0,4,FALSE,2026-09-15T16:13:25.309663Z
7024,2026_01_BUF_HOU,2026,1,1154277,1424,R,S,1,5,FALSE,FALSE,FALSE,FALSE,FALSE,FALSE,TRUE,FALSE,FALSE,SD,FALSE,FALSE,FALSE,FALSE,FALSE,0,4,FALSE,2026-09-15T16:13:25.309663Z
7024,2026_01_BUF_HOU,2026,1,1154278,1458,R,P,1,7,FALSE,FALSE,FALSE,FALSE,FALSE,FALSE,FALSE,FALSE,FALSE,0,FALSE,FALSE,FALSE,FALSE,FALSE,0,0,FALSE,2026-09-15T16:13:25.309663Z
7024,2026_01_BUF_HOU,2026,1,1154279,1481,0,0,0,0,FALSE,FALSE,FALSE,FALSE,FALSE,FALSE,FALSE,FALSE,FALSE,0,FALSE,FALSE,FALSE,FALSE,FALSE,0,0,FALSE,2026-09-15T16:13:25.309663Z
7024,2026_01_BUF_HOU,2026,1,1154280,1496,0,0,0,0,FALSE,FALSE,FALSE,FALSE,FALSE,FALSE,FALSE,FALSE,FALSE,0,FALSE,FALSE,FALSE,FALSE,FALSE,0,0,FALSE,2026-09-15T16:13:25.309663Z
7024,2026_01_BUF_HOU,2026,1,1154281,1520,L,S,1,6,FALSE,FALSE,TRUE,FALSE,FALSE,FALSE,FALSE,FALSE,FALSE,1,TRUE,FALSE,FALSE,FALSE,FALSE,0,4,FALSE,2026-09-15T16:13:25.309663Z
7024,2026_01_BUF_HOU,2026,1,1154282,1545,L,U,1,6,FALSE,FALSE,FALSE,FALSE,FALSE,FALSE,FALSE,FALSE,FALSE,1,FALSE,TRUE,FALSE,FALSE,FALSE,1,5,FALSE,2026-09-15T16:13:25.309663Z
7024,2026_01_BUF_HOU,2026,1,1154283,1579,L,U,1,7,FALSE,FALSE,FALSE,FALSE,FALSE,FALSE,FALSE,FALSE,FALSE,1,FALSE,FALSE,FALSE,FALSE,FALSE,0,6,FALSE,2026-09-15T16:13:25.309663Z
7024,2026_01_BUF_HOU,2026,1,1154284,1602,L,U,2,9,FALSE,FALSE,FALSE,FALSE,FALSE,FALSE,FALSE,FALSE,FALSE,0,FALSE,FALSE,FALSE,FALSE,TRUE,0,0,FALSE,2026-09-15T16:13:25.309663Z
7024,2026_01_BUF_HOU,2026,1,1154285,1625,0,0,0,0,FALSE,FALSE,FALSE,FALSE,FALSE,FALSE,FALSE,FALSE,FALSE,0,FALSE,FALSE,FALSE,FALSE,FALSE,0,0,FALSE,2026-09-15T16:13:25.309663Z
7024,2026_01_BUF_HOU,2026,1,1154286,1640,0,0,0,0,FALSE,FALSE,FALSE,FALSE,FALSE,FALSE,FALSE,FALSE,FALSE,0,FALSE,FALSE,FALSE,FALSE,FALSE,0,0,FALSE,2026-09-15T16:13:25.309663Z
7024,2026_01_BUF_HOU,2026,1,1154287,1670,L,P,1,7,FALSE,TRUE,TRUE,FALSE,FALSE,FALSE,TRUE,FALSE,FALSE,SD,TRUE,FALSE,FALSE,FALSE,FALSE,1,5,FALSE,2026-09-15T16:13:25.309663Z
7024,2026_01_BUF_HOU,2026,1,1154288,1728,L,U,2,7,FALSE,TRUE,FALSE,FALSE,FALSE,FALSE,FALSE,FALSE,FALSE,0,FALSE,FALSE,FALSE,FALSE,FALSE,0,0,FALSE,2026-09-15T16:13:25.309663Z
7024,2026_01_BUF_HOU,2026,1,1154289,1753,M,U,1,7,FALSE,TRUE,FALSE,FALSE,FALSE,FALSE,FALSE,FALSE,FALSE,CHK,TRUE,FALSE,FALSE,FALSE,FALSE,0,4,FALSE,2026-09-15T16:13:25.309663Z
7024,2026_01_BUF_HOU,2026,1,1154290,1785,R,S,1,6,FALSE,TRUE,FALSE,FALSE,FALSE,FALSE,FALSE,FALSE,FALSE,1,FALSE,FALSE,FALSE,FALSE,FALSE,1,4,FALSE,2026-09-15T16:13:25.309663Z
7024,2026_01_BUF_HOU,2026,1,1154291,1808,0,0,0,0,FALSE,FALSE,FALSE,FALSE,FALSE,FALSE,FALSE,FALSE,FALSE,0,FALSE,FALSE,FALSE,FALSE,FALSE,0,0,FALSE,2026-09-15T16:13:25.309663Z
7024,2026_01_BUF_HOU,2026,1,1154292,1828,L,U,1,8,FALSE,FALSE,FALSE,FALSE,FALSE,FALSE,TRUE,FALSE,FALSE,2,TRUE,FALSE,TRUE,FALSE,FALSE,0,5,FALSE,2026-09-15T16:13:25.309663Z
7024,2026_01_BUF_HOU,2026,1,1154293,1853,R,S,1,7,FALSE,TRUE,FALSE,FALSE,FALSE,FALSE,FALSE,FALSE,FALSE,1,TRUE,FALSE,FALSE,FALSE,FALSE,0,4,FALSE,2026-09-15T16:13:25.309663Z
7024,2026_01_BUF_HOU,2026,1,1154294,1885,M,S,1,6,TRUE,FALSE,FALSE,FALSE,FALSE,FALSE,FALSE,FALSE,FALSE,2,TRUE,FALSE,FALSE,FALSE,FALSE,0,4,FALSE,2026-09-15T16:13:25.309663Z
7024,2026_01_BUF_HOU,2026,1,1154295,1911,0,0,0,0,FALSE,FALSE,FALSE,FALSE,FALSE,FALSE,FALSE,FALSE,FALSE,0,FALSE,FALSE,FALSE,FALSE,FALSE,0,0,FALSE,2026-09-15T16:13:25.309663Z
7024,2026_01_BUF_HOU,2026,1,1154296,1926,0,0,0,0,FALSE,FALSE,FALSE,FALSE,FALSE,FALSE,FALSE,FALSE,FALSE,0,FALSE,FALSE,FALSE,FALSE,FALSE,0,0,FALSE,2026-09-15T16:13:25.309663Z
7024,2026_01_BUF_HOU,2026,1,1154297,1967,R,S,1,7,FALSE,TRUE,FALSE,FALSE,FALSE,FALSE,FALSE,FALSE,FALSE,1,TRUE,FALSE,FALSE,FALSE,FALSE,0,4,FALSE,2026-09-15T16:13:25.309663Z
7024,2026_01_BUF_HOU,2026,1,1154298,1992,L,S,1,6,TRUE,FALSE,FALSE,FALSE,FALSE,FALSE,FALSE,FALSE,FALSE,2,FALSE,TRUE,FALSE,FALSE,FALSE,0,4,FALSE,2026-09-15T16:13:25.309663Z
7024,2026_01_BUF_HOU,2026,1,1154299,2026,L,S,1,6,FALSE,TRUE,FALSE,FALSE,FALSE,FALSE,FALSE,FALSE,FALSE,1,TRUE,FALSE,FALSE,FALSE,FALSE,0,4,FALSE,2026-09-15T16:13:25.309663Z
7024,2026_01_BUF_HOU,2026,1,1154300,2051,L,S,1,6,TRUE,FALSE,FALSE,FALSE,FALSE,FALSE,FALSE,FALSE,FALSE,1,TRUE,FALSE,FALSE,FALSE,FALSE,1,5,FALSE,2026-09-15T16:13:25.309663Z
7024,2026_01_BUF_HOU,2026,1,1154301,2081,L,S,1,6,FALSE,FALSE,FALSE,FALSE,FALSE,FALSE,FALSE,FALSE,FALSE,2,TRUE,FALSE,FALSE,FALSE,FALSE,0,4,FALSE,2026-09-15T16:13:25.309663Z
7024,2026_01_BUF_HOU,2026,1,1154302,2107,0,0,0,0,FALSE,FALSE,FALSE,FALSE,FALSE,FALSE,FALSE,FALSE,FALSE,0,FALSE,FALSE,FALSE,FALSE,FALSE,0,0,FALSE,2026-09-15T16:13:25.309663Z
7024,2026_01_BUF_HOU,2026,1,1154303,2122,0,0,0,0,FALSE,FALSE,FALSE,FALSE,FALSE,FALSE,FALSE,FALSE,FALSE,0,FALSE,FALSE,FALSE,FALSE,FALSE,0,0,FALSE,2026-09-15T16:13:25.309663Z
7024,2026_01_BUF_HOU,2026,1,1154304,2156,R,S,0,6,FALSE,FALSE,FALSE,FALSE,FALSE,FALSE,FALSE,FALSE,FALSE,1,FALSE,TRUE,FALSE,FALSE,FALSE,0,4,FALSE,2026-09-15T16:13:25.309663Z
7024,2026_01_BUF_HOU,2026,1,1154305,2184,R,U,1,6,FALSE,FALSE,FALSE,FALSE,FALSE,FALSE,FALSE,FALSE,FALSE,0,FALSE,FALSE,FALSE,FALSE,FALSE,0,0,FALSE,2026-09-15T16:13:25.309663Z
7024,2026_01_BUF_HOU,2026,1,1154306,2231,0,0,0,0,FALSE,FALSE,FALSE,FALSE,FALSE,FALSE,FALSE,FALSE,FALSE,0,FALSE,FALSE,FALSE,FALSE,FALSE,0,0,FALSE,2026-09-15T16:13:25.309663Z
7024,2026_01_BUF_HOU,2026,1,1154307,2254,R,S,1,7,FALSE,FALSE,FALSE,FALSE,TRUE,FALSE,FALSE,FALSE,FALSE,0,FALSE,FALSE,FALSE,FALSE,FALSE,0,0,FALSE,2026-09-15T16:13:25.309663Z
7024,2026_01_BUF_HOU,2026,1,1154308,2276,L,U,2,6,FALSE,TRUE,FALSE,FALSE,FALSE,FALSE,FALSE,FALSE,FALSE,0,FALSE,FALSE,FALSE,FALSE,FALSE,0,0,FALSE,2026-09-15T16:13:25.309663Z
7024,2026_01_BUF_HOU,2026,1,1154309,2300,R,S,1,6,FALSE,TRUE,FALSE,FALSE,FALSE,FALSE,FALSE,FALSE,FALSE,1,TRUE,FALSE,FALSE,FALSE,FALSE,1,4,FALSE,2026-09-15T16:13:25.309663Z
7024,2026_01_BUF_HOU,2026,1,1154310,2339,R,S,1,6,FALSE,FALSE,FALSE,FALSE,FALSE,FALSE,FALSE,FALSE,FALSE,CHK,FALSE,FALSE,FALSE,FALSE,FALSE,1,5,FALSE,2026-09-15T16:13:25.309663Z
7024,2026_01_BUF_HOU,2026,1,1154311,2365,0,0,0,0,FALSE,FALSE,FALSE,FALSE,FALSE,FALSE,FALSE,FALSE,FALSE,0,FALSE,FALSE,FALSE,FALSE,FALSE,0,0,FALSE,2026-09-15T16:13:25.309663Z
7024,2026_01_BUF_HOU,2026,1,1154312,2409,L,U,1,7,FALSE,FALSE,FALSE,FALSE,FALSE,FALSE,FALSE,FALSE,FALSE,0,FALSE,FALSE,FALSE,FALSE,FALSE,0,0,FALSE,2026-09-15T16:13:25.309663Z
7024,2026_01_BUF_HOU,2026,1,1154313,2431,M,S,0,5,FALSE,FALSE,FALSE,TRUE,FALSE,FALSE,FALSE,FALSE,FALSE,DES,TRUE,FALSE,FALSE,FALSE,FALSE,0,4,FALSE,2026-09-15T16:13:25.309663Z
7024,2026_01_BUF_HOU,2026,1,1154314,2456,R,S,1,7,FALSE,FALSE,FALSE,FALSE,FALSE,FALSE,FALSE,FALSE,FALSE,1,TRUE,FALSE,FALSE,FALSE,FALSE,0,4,FALSE,2026-09-15T16:13:25.309663Z
7024,2026_01_BUF_HOU,2026,1,1154315,2486,R,U,2,7,FALSE,TRUE,FALSE,FALSE,FALSE,FALSE,FALSE,FALSE,FALSE,0,FALSE,FALSE,FALSE,FALSE,FALSE,0,0,FALSE,2026-09-15T16:13:25.309663Z
7024,2026_01_BUF_HOU,2026,1,1154316,2508,R,S,0,6,FALSE,TRUE,FALSE,FALSE,FALSE,FALSE,FALSE,FALSE,FALSE,CHK,TRUE,FALSE,FALSE,FALSE,FALSE,0,4,FALSE,2026-09-15T16:13:25.309663Z
7024,2026_01_BUF_HOU,2026,1,1154317,2544,R,S,0,5,FALSE,FALSE,FALSE,FALSE,FALSE,FALSE,TRUE,FALSE,TRUE,SD,FALSE,FALSE,FALSE,FALSE,FALSE,0,4,FALSE,2026-09-15T16:13:25.309663Z
7024,2026_01_BUF_HOU,2026,1,1154318,2583,R,S,0,5,FALSE,FALSE,FALSE,FALSE,FALSE,FALSE,FALSE,FALSE,FALSE,1,TRUE,FALSE,FALSE,FALSE,FALSE,0,4,FALSE,2026-09-15T16:13:25.309663Z
7024,2026_01_BUF_HOU,2026,1,1154319,2608,0,0,0,0,FALSE,FALSE,FALSE,FALSE,FALSE,FALSE,FALSE,FALSE,FALSE,0,FALSE,FALSE,FALSE,FALSE,FALSE,0,0,FALSE,2026-09-15T16:13:25.309663Z
7024,2026_01_BUF_HOU,2026,1,1154320,2628,L,P,1,7,FALSE,FALSE,FALSE,FALSE,FALSE,FALSE,FALSE,FALSE,FALSE,0,FALSE,FALSE,FALSE,FALSE,FALSE,0,0,FALSE,2026-09-15T16:13:25.309663Z
7024,2026_01_BUF_HOU,2026,1,1154321,2659,R,S,1,7,FALSE,TRUE,FALSE,FALSE,FALSE,FALSE,FALSE,FALSE,FALSE,1,FALSE,FALSE,FALSE,FALSE,FALSE,1,4,FALSE,2026-09-15T16:13:25.309663Z
7024,2026_01_BUF_HOU,2026,1,1154322,2682,R,S,1,7,FALSE,FALSE,FALSE,FALSE,FALSE,FALSE,FALSE,FALSE,FALSE,0,FALSE,FALSE,FALSE,FALSE,FALSE,0,0,FALSE,2026-09-15T16:13:25.309663Z
7024,2026_01_BUF_HOU,2026,1,1154323,2704,0,0,0,0,FALSE,FALSE,FALSE,FALSE,FALSE,FALSE,FALSE,FALSE,FALSE,0,FALSE,FALSE,FALSE,FALSE,FALSE,0,0,FALSE,2026-09-15T16:13:25.309663Z
7024,2026_01_BUF_HOU,2026,1,1154324,2740,R,U,2,6,FALSE,TRUE,FALSE,FALSE,FALSE,FALSE,FALSE,FALSE,FALSE,0,FALSE,FALSE,FALSE,FALSE,FALSE,0,0,FALSE,2026-09-15T16:13:25.309663Z
7024,2026_01_BUF_HOU,2026,1,1154325,2772,M,S,1,7,FALSE,TRUE,FALSE,FALSE,FALSE,FALSE,FALSE,FALSE,FALSE,1,FALSE,TRUE,FALSE,FALSE,FALSE,0,4,FALSE,2026-09-15T16:13:25.309663Z
7024,2026_01_BUF_HOU,2026,1,1154326,2806,M,U,2,8,FALSE,TRUE,FALSE,FALSE,FALSE,FALSE,TRUE,FALSE,FALSE,SD,TRUE,FALSE,FALSE,FALSE,FALSE,0,4,FALSE,2026-09-15T16:13:25.309663Z
7024,2026_01_BUF_HOU,2026,1,1154327,2832,R,S,1,6,FALSE,FALSE,FALSE,FALSE,FALSE,FALSE,FALSE,FALSE,FALSE,0,FALSE,FALSE,FALSE,FALSE,FALSE,0,0,FALSE,2026-09-15T16:13:25.309663Z
7024,2026_01_BUF_HOU,2026,1,1154328,2854,R,P,2,7,FALSE,TRUE,TRUE,FALSE,FALSE,FALSE,FALSE,FALSE,FALSE,0,FALSE,FALSE,FALSE,FALSE,FALSE,0,4,FALSE,2026-09-15T16:13:25.309663Z
7024,2026_01_BUF_HOU,2026,1,1154329,2874,M,S,0,5,FALSE,TRUE,FALSE,TRUE,FALSE,FALSE,FALSE,FALSE,FALSE,DES,TRUE,FALSE,FALSE,FALSE,FALSE,0,4,FALSE,2026-09-15T16:13:25.309663Z
7024,2026_01_BUF_HOU,2026,1,1154330,2899,0,0,0,0,FALSE,FALSE,FALSE,FALSE,FALSE,FALSE,FALSE,FALSE,FALSE,0,FALSE,FALSE,FALSE,FALSE,FALSE,0,0,FALSE,2026-09-15T16:13:25.309663Z
7024,2026_01_BUF_HOU,2026,1,1154331,2919,0,0,0,0,FALSE,FALSE,FALSE,FALSE,FALSE,FALSE,FALSE,FALSE,FALSE,0,FALSE,FALSE,FALSE,FALSE,FALSE,0,0,FALSE,2026-09-15T16:13:25.309663Z
7024,2026_01_BUF_HOU,2026,1,1154332,2949,R,U,1,8,FALSE,TRUE,TRUE,FALSE,FALSE,FALSE,TRUE,FALSE,TRUE,SD,FALSE,FALSE,FALSE,FALSE,FALSE,1,5,FALSE,2026-09-15T16:13:25.309663Z
7024,2026_01_BUF_HOU,2026,1,1154333,2972,R,S,1,6,FALSE,TRUE,FALSE,TRUE,FALSE,FALSE,FALSE,FALSE,FALSE,DES,TRUE,FALSE,FALSE,FALSE,FALSE,0,4,FALSE,2026-09-15T16:13:25.309663Z
7024,2026_01_BUF_HOU,2026,1,1154334,3000,R,U,1,7,FALSE,FALSE,FALSE,FALSE,FALSE,FALSE,FALSE,FALSE,FALSE,0,FALSE,FALSE,FALSE,FALSE,FALSE,0,0,FALSE,2026-09-15T16:13:25.309663Z
7024,2026_01_BUF_HOU,2026,1,1154335,3022,R,U,2,9,FALSE,FALSE,FALSE,FALSE,FALSE,FALSE,FALSE,FALSE,FALSE,0,FALSE,FALSE,FALSE,FALSE,FALSE,0,0,FALSE,2026-09-15T16:13:25.309663Z
7024,2026_01_BUF_HOU,2026,1,1154336,3046,R,S,1,6,FALSE,TRUE,FALSE,FALSE,FALSE,FALSE,FALSE,FALSE,FALSE,1,TRUE,FALSE,FALSE,FALSE,FALSE,0,4,FALSE,2026-09-15T16:13:25.309663Z
7024,2026_01_BUF_HOU,2026,1,1154337,3071,R,S,1,6,TRUE,FALSE,FALSE,FALSE,FALSE,FALSE,FALSE,FALSE,FALSE,1,TRUE,FALSE,FALSE,FALSE,FALSE,1,5,FALSE,2026-09-15T16:13:25.309663Z
7024,2026_01_BUF_HOU,2026,1,1154338,3096,L,S,1,6,TRUE,FALSE,FALSE,FALSE,FALSE,FALSE,FALSE,FALSE,FALSE,1,FALSE,TRUE,FALSE,FALSE,FALSE,0,4,FALSE,2026-09-15T16:13:25.309663Z
7024,2026_01_BUF_HOU,2026,1,1154339,3119,L,S,1,6,FALSE,TRUE,FALSE,FALSE,FALSE,FALSE,FALSE,FALSE,FALSE,1,FALSE,TRUE,FALSE,FALSE,FALSE,1,5,FALSE,2026-09-15T16:13:25.309663Z
7024,2026_01_BUF_HOU,2026,1,1154340,3144,L,U,1,7,TRUE,FALSE,FALSE,FALSE,FALSE,FALSE,FALSE,FALSE,FALSE,0,FALSE,FALSE,FALSE,FALSE,TRUE,0,0,FALSE,2026-09-15T16:13:25.309663Z
7024,2026_01_BUF_HOU,2026,1,1154341,3166,L,U,2,8,FALSE,FALSE,FALSE,FALSE,FALSE,FALSE,FALSE,FALSE,FALSE,0,FALSE,FALSE,FALSE,FALSE,FALSE,0,0,FALSE,2026-09-15T16:13:25.309663Z
7024,2026_01_BUF_HOU,2026,1,1154342,3210,R,S,1,7,FALSE,FALSE,FALSE,FALSE,FALSE,FALSE,FALSE,FALSE,FALSE,1,TRUE,TRUE,FALSE,FALSE,FALSE,0,4,FALSE,2026-09-15T16:13:25.309663Z
7024,2026_01_BUF_HOU,2026,1,1154343,3235,R,P,1,7,FALSE,FALSE,FALSE,FALSE,FALSE,FALSE,FALSE,FALSE,FALSE,0,FALSE,FALSE,FALSE,FALSE,FALSE,0,0,FALSE,2026-09-15T16:13:25.309663Z
7024,2026_01_BUF_HOU,2026,1,1154344,3259,L,S,2,8,FALSE,TRUE,TRUE,FALSE,FALSE,FALSE,TRUE,FALSE,FALSE,1,TRUE,FALSE,FALSE,FALSE,FALSE,0,5,FALSE,2026-09-15T16:13:25.309663Z
7024,2026_01_BUF_HOU,2026,1,1154345,3285,0,0,0,0,FALSE,FALSE,FALSE,FALSE,FALSE,FALSE,FALSE,FALSE,FALSE,0,FALSE,FALSE,FALSE,FALSE,FALSE,0,0,FALSE,2026-09-15T16:13:25.309663Z
7024,2026_01_BUF_HOU,2026,1,1154346,3300,0,0,0,0,FALSE,FALSE,FALSE,FALSE,FALSE,FALSE,FALSE,FALSE,FALSE,0,FALSE,FALSE,FALSE,FALSE,FALSE,0,0,FALSE,2026-09-15T16:13:25.309663Z
7024,2026_01_BUF_HOU,2026,1,1154347,3340,R,U,1,7,FALSE,TRUE,FALSE,FALSE,FALSE,FALSE,FALSE,FALSE,FALSE,CHK,TRUE,FALSE,FALSE,FALSE,FALSE,0,5,FALSE,2026-09-15T16:13:25.309663Z
7024,2026_01_BUF_HOU,2026,1,1154348,3363,R,S,0,6,FALSE,TRUE,FALSE,FALSE,FALSE,FALSE,FALSE,FALSE,FALSE,1,TRUE,FALSE,FALSE,FALSE,FALSE,0,4,FALSE,2026-09-15T16:13:25.309663Z
7024,2026_01_BUF_HOU,2026,1,1154349,3388,R,S,1,7,FALSE,TRUE,FALSE,FALSE,FALSE,FALSE,FALSE,FALSE,FALSE,1,TRUE,FALSE,FALSE,FALSE,FALSE,0,4,FALSE,2026-09-15T16:13:25.309663Z
7024,2026_01_BUF_HOU,2026,1,1154350,3413,R,U,1,7,FALSE,FALSE,FALSE,FALSE,FALSE,FALSE,FALSE,FALSE,FALSE,0,FALSE,FALSE,FALSE,FALSE,FALSE,0,0,FALSE,2026-09-15T16:13:25.309663Z
7024,2026_01_BUF_HOU,2026,1,1154351,3435,R,S,1,6,FALSE,TRUE,FALSE,FALSE,FALSE,FALSE,FALSE,FALSE,FALSE,CHK,TRUE,FALSE,FALSE,FALSE,FALSE,0,4,FALSE,2026-09-15T16:13:25.309663Z
7024,2026_01_BUF_HOU,2026,1,1154352,3465,L,S,1,7,FALSE,TRUE,FALSE,FALSE,FALSE,FALSE,FALSE,FALSE,FALSE,2,FALSE,FALSE,FALSE,FALSE,FALSE,0,4,FALSE,2026-09-15T16:13:25.309663Z
7024,2026_01_BUF_HOU,2026,1,1154353,3488,0,0,0,0,FALSE,FALSE,FALSE,FALSE,FALSE,FALSE,FALSE,FALSE,FALSE,0,FALSE,FALSE,FALSE,FALSE,FALSE,0,0,FALSE,2026-09-15T16:13:25.309663Z
7024,2026_01_BUF_HOU,2026,1,1154354,3508,0,0,0,0,FALSE,FALSE,FALSE,FALSE,FALSE,FALSE,FALSE,FALSE,FALSE,0,FALSE,FALSE,FALSE,FALSE,FALSE,0,0,FALSE,2026-09-15T16:13:25.309663Z
7024,2026_01_BUF_HOU,2026,1,1154355,3538,L,P,1,7,FALSE,FALSE,FALSE,FALSE,FALSE,FALSE,FALSE,FALSE,FALSE,1,FALSE,FALSE,FALSE,FALSE,FALSE,1,5,FALSE,2026-09-15T16:13:25.309663Z
7024,2026_01_BUF_HOU,2026,1,1154356,3561,L,S,1,6,FALSE,FALSE,TRUE,FALSE,FALSE,FALSE,TRUE,FALSE,TRUE,SD,FALSE,FALSE,FALSE,FALSE,FALSE,0,4,FALSE,2026-09-15T16:13:25.309663Z
7024,2026_01_BUF_HOU,2026,1,1154357,3595,L,S,1,7,FALSE,FALSE,FALSE,FALSE,TRUE,FALSE,FALSE,FALSE,FALSE,0,FALSE,FALSE,FALSE,FALSE,FALSE,0,0,FALSE,2026-09-15T16:13:25.309663Z
7024,2026_01_BUF_HOU,2026,1,1154358,3617,L,S,1,6,FALSE,TRUE,FALSE,FALSE,FALSE,FALSE,FALSE,FALSE,FALSE,1,TRUE,FALSE,FALSE,FALSE,FALSE,1,5,FALSE,2026-09-15T16:13:25.309663Z
7024,2026_01_BUF_HOU,2026,1,1154359,3647,L,U,1,7,FALSE,TRUE,FALSE,FALSE,FALSE,FALSE,FALSE,FALSE,FALSE,0,FALSE,FALSE,FALSE,FALSE,FALSE,0,0,FALSE,2026-09-15T16:13:25.309663Z
7024,2026_01_BUF_HOU,2026,1,1154360,3669,L,S,1,6,FALSE,TRUE,FALSE,FALSE,FALSE,FALSE,FALSE,FALSE,FALSE,1,TRUE,TRUE,FALSE,FALSE,FALSE,0,4,FALSE,2026-09-15T16:13:25.309663Z
7024,2026_01_BUF_HOU,2026,1,1154361,3694,R,S,1,6,FALSE,TRUE,FALSE,FALSE,FALSE,FALSE,FALSE,FALSE,FALSE,2,TRUE,TRUE,FALSE,FALSE,FALSE,0,4,FALSE,2026-09-15T16:13:25.309663Z
7024,2026_01_BUF_HOU,2026,1,1154362,3724,0,0,0,0,FALSE,FALSE,FALSE,FALSE,FALSE,FALSE,FALSE,FALSE,FALSE,0,FALSE,FALSE,FALSE,FALSE,FALSE,0,0,FALSE,2026-09-15T16:13:25.309663Z
7024,2026_01_BUF_HOU,2026,1,1154363,3744,0,0,0,0,FALSE,FALSE,FALSE,FALSE,FALSE,FALSE,FALSE,FALSE,FALSE,0,FALSE,FALSE,FALSE,FALSE,FALSE,0,0,FALSE,2026-09-15T16:13:25.309663Z
7024,2026_01_BUF_HOU,2026,1,1154364,3768,R,U,1,7,FALSE,TRUE,FALSE,FALSE,FALSE,FALSE,FALSE,FALSE,FALSE,0,FALSE,FALSE,FALSE,FALSE,FALSE,0,0,FALSE,2026-09-15T16:13:25.309663Z
7024,2026_01_BUF_HOU,2026,1,1154365,3797,R,S,1,6,FALSE,FALSE,FALSE,FALSE,FALSE,FALSE,FALSE,FALSE,FALSE,1,FALSE,FALSE,FALSE,FALSE,FALSE,1,5,FALSE,2026-09-15T16:13:25.309663Z
7024,2026_01_BUF_HOU,2026,1,1154366,3826,R,S,2,6,FALSE,FALSE,FALSE,FALSE,FALSE,FALSE,FALSE,FALSE,FALSE,1,FALSE,FALSE,FALSE,FALSE,FALSE,0,4,FALSE,2026-09-15T16:13:25.309663Z
7024,2026_01_BUF_HOU,2026,1,1154367,3849,0,0,0,0,FALSE,FALSE,FALSE,FALSE,FALSE,FALSE,FALSE,FALSE,FALSE,0,FALSE,FALSE,FALSE,FALSE,FALSE,0,0,FALSE,2026-09-15T16:13:25.309663Z
7024,2026_01_BUF_HOU,2026,1,1154368,3869,L,S,1,7,FALSE,FALSE,FALSE,FALSE,FALSE,FALSE,FALSE,FALSE,FALSE,0,FALSE,FALSE,FALSE,FALSE,FALSE,0,0,FALSE,2026-09-15T16:13:25.309663Z
7024,2026_01_BUF_HOU,2026,1,1154369,3891,L,U,1,7,FALSE,FALSE,FALSE,FALSE,FALSE,FALSE,FALSE,FALSE,FALSE,0,FALSE,FALSE,FALSE,FALSE,FALSE,0,0,FALSE,2026-09-15T16:13:25.309663Z
7024,2026_01_BUF_HOU,2026,1,1154370,3915,R,S,2,6,FALSE,FALSE,FALSE,FALSE,FALSE,FALSE,TRUE,FALSE,FALSE,CHK,TRUE,FALSE,FALSE,FALSE,FALSE,1,5,FALSE,2026-09-15T16:13:25.309663Z
7024,2026_01_BUF_HOU,2026,1,1154371,3940,0,0,0,0,FALSE,FALSE,FALSE,FALSE,FALSE,FALSE,FALSE,FALSE,FALSE,0,FALSE,FALSE,FALSE,FALSE,FALSE,0,0,FALSE,2026-09-15T16:13:25.309663Z
7024,2026_01_BUF_HOU,2026,1,1154372,3960,R,U,1,7,FALSE,TRUE,FALSE,FALSE,FALSE,FALSE,FALSE,FALSE,FALSE,0,FALSE,FALSE,FALSE,FALSE,FALSE,0,0,FALSE,2026-09-15T16:13:25.309663Z
7024,2026_01_BUF_HOU,2026,1,1154373,3998,R,U,1,6,FALSE,FALSE,TRUE,FALSE,FALSE,FALSE,TRUE,FALSE,FALSE,1,TRUE,FALSE,FALSE,FALSE,FALSE,0,4,FALSE,2026-09-15T16:13:25.309663Z
7024,2026_01_BUF_HOU,2026,1,1154374,4026,L,U,1,7,FALSE,FALSE,FALSE,FALSE,FALSE,FALSE,TRUE,FALSE,FALSE,1,TRUE,FALSE,FALSE,FALSE,FALSE,0,5,FALSE,2026-09-15T16:13:25.309663Z
7024,2026_01_BUF_HOU,2026,1,1154375,4063,R,U,3,8,FALSE,TRUE,TRUE,FALSE,FALSE,FALSE,FALSE,FALSE,FALSE,1,TRUE,FALSE,FALSE,FALSE,FALSE,0,4,FALSE,2026-09-15T16:13:25.309663Z
7024,2026_01_BUF_HOU,2026,1,1154376,4100,R,U,1,7,FALSE,TRUE,FALSE,FALSE,FALSE,FALSE,FALSE,FALSE,FALSE,0,FALSE,FALSE,FALSE,FALSE,FALSE,0,0,FALSE,2026-09-15T16:13:25.309663Z
7024,2026_01_BUF_HOU,2026,1,1154377,4134,0,0,0,0,FALSE,FALSE,FALSE,FALSE,FALSE,FALSE,FALSE,FALSE,FALSE,0,FALSE,FALSE,FALSE,FALSE,FALSE,0,0,FALSE,2026-09-15T16:13:25.309663Z
7024,2026_01_BUF_HOU,2026,1,1154378,4122,R,U,1,7,FALSE,FALSE,TRUE,FALSE,FALSE,FALSE,FALSE,TRUE,FALSE,2,FALSE,FALSE,FALSE,FALSE,FALSE,0,4,FALSE,2026-09-15T16:13:25.309663Z
7024,2026_01_BUF_HOU,2026,1,1154379,4152,R,S,1,6,FALSE,FALSE,FALSE,FALSE,FALSE,FALSE,FALSE,FALSE,FALSE,1,TRUE,FALSE,FALSE,FALSE,FALSE,0,4,FALSE,2026-09-15T16:13:25.309663Z
7024,2026_01_BUF_HOU,2026,1,1154380,4178,L,S,1,7,FALSE,TRUE,FALSE,FALSE,FALSE,FALSE,TRUE,FALSE,FALSE,1,FALSE,FALSE,FALSE,FALSE,FALSE,0,4,FALSE,2026-09-15T16:13:25.309663Z
7024,2026_01_BUF_HOU,2026,1,1154381,4191,0,0,0,0,FALSE,FALSE,FALSE,FALSE,FALSE,FALSE,FALSE,FALSE,FALSE,0,FALSE,FALSE,FALSE,FALSE,FALSE,0,0,FALSE,2026-09-15T16:13:25.309663Z
7024,2026_01_BUF_HOU,2026,1,1154382,4214,R,S,1,5,FALSE,TRUE,FALSE,FALSE,FALSE,FALSE,FALSE,FALSE,FALSE,1,TRUE,FALSE,FALSE,FALSE,FALSE,0,4,FALSE,2026-09-15T16:13:25.309663Z
7024,2026_01_BUF_HOU,2026,1,1154383,4239,M,S,1,7,TRUE,FALSE,FALSE,FALSE,FALSE,FALSE,FALSE,FALSE,FALSE,1,TRUE,FALSE,FALSE,FALSE,FALSE,0,4,FALSE,2026-09-15T16:13:25.309663Z
7024,2026_01_BUF_HOU,2026,1,1154384,4264,R,S,1,7,TRUE,FALSE,FALSE,FALSE,FALSE,FALSE,FALSE,FALSE,FALSE,2,FALSE,FALSE,FALSE,FALSE,FALSE,0,4,FALSE,2026-09-15T16:13:25.309663Z
7024,2026_01_BUF_HOU,2026,1,1154385,4287,R,S,1,5,FALSE,TRUE,FALSE,FALSE,FALSE,FALSE,FALSE,FALSE,FALSE,0,FALSE,FALSE,FALSE,FALSE,FALSE,0,0,FALSE,2026-09-15T16:13:25.309663Z
7024,2026_01_BUF_HOU,2026,1,1154386,4320,0,0,0,0,FALSE,FALSE,FALSE,FALSE,FALSE,FALSE,FALSE,FALSE,FALSE,0,FALSE,FALSE,FALSE,FALSE,FALSE,0,0,FALSE,2026-09-15T16:13:25.309663Z
7024,2026_01_BUF_HOU,2026,1,1154387,4344,L,S,1,6,FALSE,FALSE,FALSE,FALSE,FALSE,FALSE,FALSE,FALSE,FALSE,1,FALSE,FALSE,FALSE,FALSE,FALSE,0,4,FALSE,2026-09-15T16:13:25.309663Z
7024,2026_01_BUF_HOU,2026,1,1154388,4367,L,S,0,6,FALSE,FALSE,FALSE,FALSE,FALSE,FALSE,FALSE,FALSE,FALSE,1,TRUE,FALSE,FALSE,FALSE,FALSE,2,5,FALSE,2026-09-15T16:13:25.309663Z
7024,2026_01_BUF_HOU,2026,1,1154389,4404,0,0,0,0,FALSE,FALSE,FALSE,FALSE,FALSE,FALSE,FALSE,FALSE,FALSE,0,FALSE,FALSE,FALSE,FALSE,FALSE,0,0,FALSE,2026-09-15T16:13:25.309663Z
7024,2026_01_BUF_HOU,2026,1,1154390,4411,0,0,0,0,FALSE,FALSE,FALSE,FALSE,FALSE,FALSE,FALSE,FALSE,FALSE,0,FALSE,FALSE,FALSE,FALSE,FALSE,0,0,FALSE,2026-09-15T16:13:25.309663Z
7024,2026_01_BUF_HOU,2026,1,1154391,4392,L,S,1,6,FALSE,TRUE,FALSE,FALSE,FALSE,FALSE,FALSE,FALSE,FALSE,1,TRUE,FALSE,FALSE,FALSE,FALSE,0,4,FALSE,2026-09-15T16:13:25.309663Z
7024,2026_01_BUF_HOU,2026,1,1154392,4436,R,S,1,6,FALSE,FALSE,FALSE,FALSE,FALSE,FALSE,FALSE,FALSE,FALSE,0,FALSE,FALSE,FALSE,FALSE,FALSE,0,4,FALSE,2026-09-15T16:13:25.309663Z
7024,2026_01_BUF_HOU,2026,1,1154393,4468,0,0,0,0,FALSE,FALSE,FALSE,FALSE,FALSE,FALSE,FALSE,FALSE,FALSE,0,FALSE,FALSE,FALSE,FALSE,FALSE,0,0,FALSE,2026-09-15T16:13:25.309663Z
7024,2026_01_BUF_HOU,2026,1,1154394,4456,R,S,1,6,FALSE,FALSE,FALSE,FALSE,FALSE,FALSE,FALSE,FALSE,FALSE,1,FALSE,FALSE,FALSE,FALSE,FALSE,0,4,FALSE,2026-09-15T16:13:25.309663Z
7024,2026_01_BUF_HOU,2026,1,1154395,4486,R,S,1,5,FALSE,TRUE,FALSE,FALSE,FALSE,FALSE,FALSE,FALSE,FALSE,0,FALSE,FALSE,FALSE,FALSE,FALSE,0,3,FALSE,2026-09-15T16:13:25.309663Z
7024,2026_01_BUF_HOU,2026,1,1154396,4516,0,0,0,0,FALSE,FALSE,FALSE,FALSE,FALSE,FALSE,FALSE,FALSE,FALSE,0,FALSE,FALSE,FALSE,FALSE,FALSE,0,0,FALSE,2026-09-15T16:13:25.309663Z
7025,2026_01_BAL_IND,2026,1,1154397,40,0,0,0,0,FALSE,FALSE,FALSE,FALSE,FALSE,FALSE,FALSE,FALSE,FALSE,0,FALSE,FALSE,FALSE,FALSE,FALSE,0,0,FALSE,2026-09-15T16:13:25.309663Z
7025,2026_01_BAL_IND,2026,1,1154398,57,L,U,1,7,FALSE,TRUE,TRUE,FALSE,FALSE,FALSE,TRUE,FALSE,FALSE,2,TRUE,FALSE,FALSE,TRUE,FALSE,0,4,FALSE,2026-09-15T16:13:25.309663Z
7025,2026_01_BAL_IND,2026,1,1154399,80,L,S,1,5,FALSE,TRUE,FALSE,FALSE,FALSE,FALSE,FALSE,FALSE,FALSE,1,TRUE,TRUE,FALSE,FALSE,FALSE,0,4,FALSE,2026-09-15T16:13:25.309663Z
7025,2026_01_BAL_IND,2026,1,1154400,105,L,S,1,6,FALSE,TRUE,FALSE,FALSE,FALSE,FALSE,FALSE,FALSE,FALSE,1,TRUE,FALSE,FALSE,FALSE,FALSE,0,4,FALSE,2026-09-15T16:13:25.309663Z
7025,2026_01_BAL_IND,2026,1,1154401,130,R,S,0,6,FALSE,TRUE,FALSE,FALSE,FALSE,FALSE,FALSE,FALSE,FALSE,CHK,TRUE,FALSE,FALSE,FALSE,FALSE,0,4,FALSE,2026-09-15T16:13:25.309663Z
7025,2026_01_BAL_IND,2026,1,1154402,162,R,S,0,5,FALSE,FALSE,FALSE,FALSE,FALSE,FALSE,FALSE,FALSE,FALSE,1,FALSE,TRUE,FALSE,FALSE,FALSE,1,5,FALSE,2026-09-15T16:13:25.309663Z
7025,2026_01_BAL_IND,2026,1,1154403,185,R,S,1,6,FALSE,TRUE,FALSE,FALSE,FALSE,FALSE,FALSE,FALSE,FALSE,1,TRUE,FALSE,FALSE,FALSE,FALSE,0,4,FALSE,2026-09-15T16:13:25.309663Z
7025,2026_01_BAL_IND,2026,1,1154404,210,R,U,1,7,FALSE,TRUE,TRUE,FALSE,FALSE,FALSE,FALSE,FALSE,FALSE,1,TRUE,FALSE,FALSE,FALSE,FALSE,0,4,FALSE,2026-09-15T16:13:25.309663Z
7025,2026_01_BAL_IND,2026,1,1154405,235,L,P,1,6,FALSE,TRUE,FALSE,FALSE,TRUE,FALSE,FALSE,FALSE,FALSE,0,FALSE,FALSE,FALSE,FALSE,FALSE,0,0,FALSE,2026-09-15T16:13:25.309663Z
7025,2026_01_BAL_IND,2026,1,1154406,257,R,U,2,7,FALSE,TRUE,FALSE,FALSE,FALSE,FALSE,FALSE,FALSE,FALSE,0,FALSE,FALSE,FALSE,FALSE,FALSE,0,0,FALSE,2026-09-15T16:13:25.309663Z
7025,2026_01_BAL_IND,2026,1,1154407,280,0,0,0,0,FALSE,FALSE,FALSE,FALSE,FALSE,FALSE,FALSE,FALSE,FALSE,0,FALSE,FALSE,FALSE,FALSE,FALSE,0,0,FALSE,2026-09-15T16:13:25.309663Z
7025,2026_01_BAL_IND,2026,1,1154408,295,0,0,0,0,FALSE,FALSE,FALSE,FALSE,FALSE,FALSE,FALSE,FALSE,FALSE,0,FALSE,FALSE,FALSE,FALSE,FALSE,0,0,FALSE,2026-09-15T16:13:25.309663Z
7025,2026_01_BAL_IND,2026,1,1154409,325,R,U,1,7,FALSE,FALSE,TRUE,FALSE,FALSE,FALSE,FALSE,FALSE,FALSE,2,TRUE,FALSE,FALSE,FALSE,FALSE,0,4,FALSE,2026-09-15T16:13:25.309663Z
7025,2026_01_BAL_IND,2026,1,1154410,350,0,0,0,0,FALSE,FALSE,FALSE,FALSE,FALSE,FALSE,FALSE,FALSE,FALSE,0,FALSE,FALSE,FALSE,FALSE,FALSE,0,0,FALSE,2026-09-15T16:13:25.309663Z
7025,2026_01_BAL_IND,2026,1,1154411,374,L,U,1,7,FALSE,TRUE,FALSE,FALSE,FALSE,FALSE,FALSE,FALSE,FALSE,0,FALSE,FALSE,FALSE,FALSE,FALSE,0,0,FALSE,2026-09-15T16:13:25.309663Z
7025,2026_01_BAL_IND,2026,1,1154412,396,L,P,2,7,FALSE,FALSE,FALSE,FALSE,FALSE,FALSE,FALSE,FALSE,FALSE,0,FALSE,FALSE,FALSE,FALSE,FALSE,0,0,FALSE,2026-09-15T16:13:25.309663Z
7025,2026_01_BAL_IND,2026,1,1154413,419,0,0,0,0,FALSE,FALSE,FALSE,FALSE,FALSE,FALSE,FALSE,FALSE,FALSE,0,FALSE,FALSE,FALSE,FALSE,FALSE,0,0,FALSE,2026-09-15T16:13:25.309663Z
7025,2026_01_BAL_IND,2026,1,1154414,434,0,0,0,0,FALSE,FALSE,FALSE,FALSE,FALSE,FALSE,FALSE,FALSE,FALSE,0,FALSE,FALSE,FALSE,FALSE,FALSE,0,0,FALSE,2026-09-15T16:13:25.309663Z
7025,2026_01_BAL_IND,2026,1,1154415,464,R,U,1,6,FALSE,TRUE,FALSE,FALSE,FALSE,FALSE,FALSE,FALSE,FALSE,0,FALSE,FALSE,FALSE,FALSE,FALSE,0,0,FALSE,2026-09-15T16:13:25.309663Z
7025,2026_01_BAL_IND,2026,1,1154416,486,M,S,1,6,FALSE,FALSE,FALSE,FALSE,FALSE,FALSE,FALSE,TRUE,FALSE,2,FALSE,FALSE,FALSE,FALSE,FALSE,0,4,FALSE,2026-09-15T16:13:25.309663Z
7025,2026_01_BAL_IND,2026,1,1154417,513,L,U,2,6,FALSE,FALSE,FALSE,FALSE,FALSE,FALSE,FALSE,FALSE,FALSE,0,FALSE,FALSE,FALSE,FALSE,FALSE,0,0,FALSE,2026-09-15T16:13:25.309663Z
7025,2026_01_BAL_IND,2026,1,1154418,535,R,U,1,7,FALSE,FALSE,FALSE,FALSE,FALSE,FALSE,FALSE,FALSE,FALSE,0,FALSE,FALSE,FALSE,FALSE,FALSE,0,0,FALSE,2026-09-15T16:13:25.309663Z
7025,2026_01_BAL_IND,2026,1,1154419,557,R,U,1,7,FALSE,FALSE,FALSE,FALSE,FALSE,FALSE,FALSE,FALSE,FALSE,0,FALSE,FALSE,FALSE,FALSE,FALSE,0,0,FALSE,2026-09-15T16:13:25.309663Z
7025,2026_01_BAL_IND,2026,1,1154420,590,R,S,1,6,FALSE,FALSE,FALSE,FALSE,FALSE,FALSE,TRUE,FALSE,FALSE,SD,FALSE,FALSE,FALSE,FALSE,FALSE,1,5,FALSE,2026-09-15T16:13:25.309663Z
7025,2026_01_BAL_IND,2026,1,1154421,617,R,S,0,5,FALSE,FALSE,FALSE,FALSE,FALSE,FALSE,FALSE,FALSE,FALSE,1,TRUE,FALSE,FALSE,FALSE,FALSE,0,4,FALSE,2026-09-15T16:13:25.309663Z
7025,2026_01_BAL_IND,2026,1,1154422,669,L,S,1,7,FALSE,TRUE,TRUE,FALSE,FALSE,FALSE,TRUE,FALSE,FALSE,1,TRUE,TRUE,FALSE,FALSE,FALSE,0,5,FALSE,2026-09-15T16:13:25.309663Z
7025,2026_01_BAL_IND,2026,1,1154423,694,R,U,1,6,FALSE,TRUE,FALSE,FALSE,FALSE,FALSE,FALSE,FALSE,FALSE,0,FALSE,FALSE,FALSE,FALSE,FALSE,0,0,FALSE,2026-09-15T16:13:25.309663Z
7025,2026_01_BAL_IND,2026,1,1154424,717,0,0,0,0,FALSE,FALSE,FALSE,FALSE,FALSE,FALSE,FALSE,FALSE,FALSE,0,FALSE,FALSE,FALSE,FALSE,FALSE,0,0,FALSE,2026-09-15T16:13:25.309663Z
7025,2026_01_BAL_IND,2026,1,1154425,732,0,0,0,0,FALSE,FALSE,FALSE,FALSE,FALSE,FALSE,FALSE,FALSE,FALSE,0,FALSE,FALSE,FALSE,FALSE,FALSE,0,0,FALSE,2026-09-15T16:13:25.309663Z
7025,2026_01_BAL_IND,2026,1,1154426,773,R,U,1,6,FALSE,TRUE,TRUE,FALSE,FALSE,FALSE,TRUE,FALSE,FALSE,0,FALSE,FALSE,FALSE,FALSE,FALSE,0,5,FALSE,2026-09-15T16:13:25.309663Z
7025,2026_01_BAL_IND,2026,1,1154427,793,R,S,1,6,FALSE,TRUE,FALSE,FALSE,FALSE,FALSE,FALSE,FALSE,FALSE,2,TRUE,FALSE,FALSE,FALSE,FALSE,1,4,FALSE,2026-09-15T16:13:25.309663Z
7025,2026_01_BAL_IND,2026,1,1154428,818,R,S,1,5,FALSE,TRUE,FALSE,FALSE,FALSE,FALSE,FALSE,FALSE,FALSE,0,FALSE,FALSE,FALSE,FALSE,FALSE,0,0,FALSE,2026-09-15T16:13:25.309663Z
7025,2026_01_BAL_IND,2026,1,1154429,851,0,0,0,0,FALSE,FALSE,FALSE,FALSE,FALSE,FALSE,FALSE,FALSE,FALSE,0,FALSE,FALSE,FALSE,FALSE,FALSE,0,0,FALSE,2026-09-15T16:13:25.309663Z
7025,2026_01_BAL_IND,2026,1,1154430,877,L,S,1,6,FALSE,TRUE,TRUE,FALSE,FALSE,FALSE,FALSE,FALSE,FALSE,2,TRUE,FALSE,FALSE,FALSE,FALSE,0,4,FALSE,2026-09-15T16:13:25.309663Z
7025,2026_01_BAL_IND,2026,1,1154431,914,R,U,1,7,FALSE,TRUE,FALSE,FALSE,FALSE,FALSE,FALSE,FALSE,FALSE,0,FALSE,FALSE,FALSE,FALSE,FALSE,0,0,FALSE,2026-09-15T16:13:25.309663Z
7025,2026_01_BAL_IND,2026,1,1154432,936,0,0,0,0,FALSE,FALSE,FALSE,FALSE,FALSE,FALSE,FALSE,FALSE,FALSE,0,FALSE,FALSE,FALSE,FALSE,FALSE,0,0,FALSE,2026-09-15T16:13:25.309663Z
7025,2026_01_BAL_IND,2026,1,1154433,960,R,S,1,6,FALSE,TRUE,FALSE,FALSE,FALSE,FALSE,FALSE,TRUE,FALSE,2,FALSE,FALSE,FALSE,FALSE,FALSE,0,4,FALSE,2026-09-15T16:13:25.309663Z
7025,2026_01_BAL_IND,2026,1,1154434,983,R,S,1,5,FALSE,TRUE,FALSE,FALSE,FALSE,FALSE,FALSE,FALSE,FALSE,1,TRUE,TRUE,FALSE,FALSE,FALSE,2,7,FALSE,2026-09-15T16:13:25.309663Z
7025,2026_01_BAL_IND,2026,1,1154435,1028,R,U,2,7,FALSE,TRUE,FALSE,FALSE,FALSE,FALSE,FALSE,FALSE,FALSE,0,FALSE,FALSE,FALSE,FALSE,FALSE,0,0,FALSE,2026-09-15T16:13:25.309663Z
7025,2026_01_BAL_IND,2026,1,1154436,1052,R,U,1,6,FALSE,TRUE,TRUE,TRUE,FALSE,FALSE,FALSE,FALSE,FALSE,DES,TRUE,FALSE,FALSE,FALSE,FALSE,1,5,FALSE,2026-09-15T16:13:25.309663Z
7025,2026_01_BAL_IND,2026,1,1154437,1077,L,U,1,7,FALSE,TRUE,FALSE,FALSE,FALSE,FALSE,FALSE,FALSE,FALSE,0,FALSE,FALSE,FALSE,FALSE,FALSE,0,0,FALSE,2026-09-15T16:13:25.309663Z
7025,2026_01_BAL_IND,2026,1,1154438,1099,R,U,2,8,FALSE,TRUE,TRUE,FALSE,FALSE,FALSE,FALSE,FALSE,FALSE,2,TRUE,FALSE,FALSE,FALSE,FALSE,0,6,FALSE,2026-09-15T16:13:25.309663Z
7025,2026_01_BAL_IND,2026,1,1154439,1148,0,0,0,0,FALSE,FALSE,FALSE,FALSE,FALSE,FALSE,FALSE,FALSE,FALSE,0,FALSE,FALSE,FALSE,FALSE,FALSE,0,0,FALSE,2026-09-15T16:13:25.309663Z
7025,2026_01_BAL_IND,2026,1,1154440,1136,M,S,1,6,FALSE,TRUE,FALSE,FALSE,FALSE,FALSE,FALSE,FALSE,FALSE,1,TRUE,FALSE,FALSE,TRUE,FALSE,0,3,FALSE,2026-09-15T16:13:25.309663Z
7025,2026_01_BAL_IND,2026,1,1154441,1166,M,S,1,6,FALSE,TRUE,FALSE,FALSE,FALSE,FALSE,FALSE,FALSE,FALSE,1,TRUE,FALSE,FALSE,FALSE,FALSE,0,4,FALSE,2026-09-15T16:13:25.309663Z
7025,2026_01_BAL_IND,2026,1,1154442,1191,R,S,1,7,FALSE,TRUE,FALSE,FALSE,FALSE,FALSE,TRUE,FALSE,FALSE,2,FALSE,TRUE,FALSE,FALSE,FALSE,0,6,FALSE,2026-09-15T16:13:25.309663Z
7025,2026_01_BAL_IND,2026,1,1154443,1214,L,U,1,6,FALSE,TRUE,FALSE,FALSE,FALSE,FALSE,FALSE,FALSE,FALSE,0,FALSE,FALSE,FALSE,FALSE,FALSE,0,0,FALSE,2026-09-15T16:13:25.309663Z
7025,2026_01_BAL_IND,2026,1,1154444,1243,M,U,1,6,FALSE,TRUE,FALSE,FALSE,FALSE,FALSE,FALSE,FALSE,FALSE,0,FALSE,FALSE,FALSE,FALSE,FALSE,0,0,FALSE,2026-09-15T16:13:25.309663Z
7025,2026_01_BAL_IND,2026,1,1154445,1265,M,U,1,6,FALSE,TRUE,FALSE,FALSE,FALSE,FALSE,FALSE,FALSE,FALSE,0,FALSE,FALSE,FALSE,FALSE,FALSE,0,0,FALSE,2026-09-15T16:13:25.309663Z
7025,2026_01_BAL_IND,2026,1,1154446,1298,R,S,1,6,FALSE,TRUE,TRUE,FALSE,FALSE,FALSE,FALSE,FALSE,FALSE,2,TRUE,TRUE,FALSE,FALSE,FALSE,0,4,FALSE,2026-09-15T16:13:25.309663Z
7025,2026_01_BAL_IND,2026,1,1154447,1323,L,S,1,5,FALSE,TRUE,FALSE,FALSE,FALSE,FALSE,TRUE,FALSE,TRUE,0,FALSE,FALSE,FALSE,FALSE,FALSE,1,5,FALSE,2026-09-15T16:13:25.309663Z
7025,2026_01_BAL_IND,2026,1,1154448,1346,0,0,0,0,FALSE,FALSE,FALSE,FALSE,FALSE,FALSE,FALSE,FALSE,FALSE,0,FALSE,FALSE,FALSE,FALSE,FALSE,0,0,FALSE,2026-09-15T16:13:25.309663Z
7025,2026_01_BAL_IND,2026,1,1154449,1372,L,U,1,7,FALSE,TRUE,FALSE,FALSE,FALSE,FALSE,FALSE,FALSE,FALSE,0,FALSE,FALSE,FALSE,FALSE,FALSE,0,0,FALSE,2026-09-15T16:13:25.309663Z
7025,2026_01_BAL_IND,2026,1,1154450,1401,M,S,1,6,FALSE,TRUE,FALSE,FALSE,TRUE,FALSE,FALSE,FALSE,FALSE,0,FALSE,FALSE,FALSE,FALSE,FALSE,0,0,FALSE,2026-09-15T16:13:25.309663Z
7025,2026_01_BAL_IND,2026,1,1154451,1434,L,U,1,6,FALSE,FALSE,TRUE,FALSE,FALSE,FALSE,FALSE,FALSE,FALSE,1,TRUE,FALSE,FALSE,FALSE,FALSE,0,4,FALSE,2026-09-15T16:13:25.309663Z
7025,2026_01_BAL_IND,2026,1,1154452,1447,M,U,1,6,FALSE,TRUE,FALSE,FALSE,TRUE,FALSE,FALSE,FALSE,FALSE,0,FALSE,FALSE,FALSE,FALSE,FALSE,0,0,FALSE,2026-09-15T16:13:25.309663Z
7025,2026_01_BAL_IND,2026,1,1154453,1460,L,S,1,6,FALSE,FALSE,FALSE,FALSE,FALSE,FALSE,FALSE,FALSE,FALSE,1,TRUE,FALSE,FALSE,FALSE,FALSE,2,6,FALSE,2026-09-15T16:13:25.309663Z
7025,2026_01_BAL_IND,2026,1,1154454,1515,0,0,0,0,FALSE,FALSE,FALSE,FALSE,FALSE,FALSE,FALSE,FALSE,FALSE,0,FALSE,FALSE,FALSE,FALSE,FALSE,0,0,FALSE,2026-09-15T16:13:25.309663Z
7025,2026_01_BAL_IND,2026,1,1154455,1530,0,0,0,0,FALSE,FALSE,FALSE,FALSE,FALSE,FALSE,FALSE,FALSE,FALSE,0,FALSE,FALSE,FALSE,FALSE,FALSE,0,0,FALSE,2026-09-15T16:13:25.309663Z
7025,2026_01_BAL_IND,2026,1,1154456,1560,L,S,1,6,FALSE,TRUE,FALSE,TRUE,FALSE,FALSE,FALSE,FALSE,FALSE,DES,TRUE,FALSE,FALSE,FALSE,FALSE,0,4,FALSE,2026-09-15T16:13:25.309663Z
7025,2026_01_BAL_IND,2026,1,1154457,1601,R,U,1,7,FALSE,TRUE,FALSE,FALSE,FALSE,FALSE,FALSE,FALSE,FALSE,0,FALSE,FALSE,FALSE,FALSE,FALSE,0,0,FALSE,2026-09-15T16:13:25.309663Z
7025,2026_01_BAL_IND,2026,1,1154458,1623,R,U,1,7,FALSE,TRUE,FALSE,FALSE,FALSE,FALSE,FALSE,FALSE,FALSE,2,TRUE,TRUE,FALSE,FALSE,FALSE,0,4,FALSE,2026-09-15T16:13:25.309663Z
7025,2026_01_BAL_IND,2026,1,1154459,1648,L,U,1,7,FALSE,TRUE,FALSE,FALSE,FALSE,FALSE,FALSE,FALSE,FALSE,0,FALSE,FALSE,FALSE,FALSE,FALSE,0,0,FALSE,2026-09-15T16:13:25.309663Z
7025,2026_01_BAL_IND,2026,1,1154460,1671,0,0,0,0,FALSE,FALSE,FALSE,FALSE,FALSE,FALSE,FALSE,FALSE,FALSE,0,FALSE,FALSE,FALSE,FALSE,FALSE,0,0,FALSE,2026-09-15T16:13:25.309663Z
7025,2026_01_BAL_IND,2026,1,1154461,1686,0,0,0,0,FALSE,FALSE,FALSE,FALSE,FALSE,FALSE,FALSE,FALSE,FALSE,0,FALSE,FALSE,FALSE,FALSE,FALSE,0,0,FALSE,2026-09-15T16:13:25.309663Z
7025,2026_01_BAL_IND,2026,1,1154462,1732,R,U,1,6,FALSE,TRUE,TRUE,FALSE,FALSE,FALSE,FALSE,FALSE,FALSE,1,TRUE,FALSE,FALSE,FALSE,FALSE,1,5,FALSE,2026-09-15T16:13:25.309663Z
7025,2026_01_BAL_IND,2026,1,1154463,1755,R,S,1,6,FALSE,TRUE,FALSE,TRUE,TRUE,FALSE,FALSE,FALSE,FALSE,DES,FALSE,FALSE,FALSE,FALSE,FALSE,1,4,FALSE,2026-09-15T16:13:25.309663Z
7025,2026_01_BAL_IND,2026,1,1154464,1778,R,S,1,5,FALSE,TRUE,FALSE,FALSE,FALSE,FALSE,FALSE,FALSE,FALSE,1,FALSE,TRUE,FALSE,FALSE,FALSE,0,4,FALSE,2026-09-15T16:13:25.309663Z
7025,2026_01_BAL_IND,2026,1,1154465,1801,0,0,0,0,FALSE,FALSE,FALSE,FALSE,FALSE,FALSE,FALSE,FALSE,FALSE,0,FALSE,FALSE,FALSE,FALSE,FALSE,0,0,FALSE,2026-09-15T16:13:25.309663Z
7025,2026_01_BAL_IND,2026,1,1154466,1821,L,U,2,8,FALSE,TRUE,TRUE,FALSE,FALSE,FALSE,FALSE,FALSE,FALSE,0,FALSE,FALSE,FALSE,FALSE,FALSE,1,5,FALSE,2026-09-15T16:13:25.309663Z
7025,2026_01_BAL_IND,2026,1,1154467,1858,M,U,2,7,FALSE,TRUE,FALSE,FALSE,FALSE,FALSE,FALSE,FALSE,FALSE,0,FALSE,FALSE,FALSE,FALSE,FALSE,0,0,FALSE,2026-09-15T16:13:25.309663Z
7025,2026_01_BAL_IND,2026,1,1154468,1880,L,U,2,7,FALSE,TRUE,FALSE,FALSE,FALSE,FALSE,FALSE,FALSE,FALSE,0,FALSE,FALSE,FALSE,FALSE,FALSE,0,0,FALSE,2026-09-15T16:13:25.309663Z
7025,2026_01_BAL_IND,2026,1,1154469,1902,R,S,1,6,FALSE,TRUE,FALSE,TRUE,FALSE,FALSE,FALSE,FALSE,FALSE,DES,TRUE,FALSE,FALSE,FALSE,FALSE,0,4,FALSE,2026-09-15T16:13:25.309663Z
7025,2026_01_BAL_IND,2026,1,1154470,1927,R,U,1,7,FALSE,FALSE,FALSE,FALSE,FALSE,FALSE,FALSE,FALSE,FALSE,0,FALSE,FALSE,FALSE,FALSE,FALSE,0,0,FALSE,2026-09-15T16:13:25.309663Z
7025,2026_01_BAL_IND,2026,1,1154471,1950,0,0,0,0,FALSE,FALSE,FALSE,FALSE,FALSE,FALSE,FALSE,FALSE,FALSE,0,FALSE,FALSE,FALSE,FALSE,FALSE,0,0,FALSE,2026-09-15T16:13:25.309663Z
7025,2026_01_BAL_IND,2026,1,1154472,1965,0,0,0,0,FALSE,FALSE,FALSE,FALSE,FALSE,FALSE,FALSE,FALSE,FALSE,0,FALSE,FALSE,FALSE,FALSE,FALSE,0,0,FALSE,2026-09-15T16:13:25.309663Z
7025,2026_01_BAL_IND,2026,1,1154473,1988,L,U,1,6,FALSE,TRUE,FALSE,FALSE,FALSE,FALSE,FALSE,FALSE,FALSE,0,FALSE,FALSE,FALSE,FALSE,FALSE,0,0,FALSE,2026-09-15T16:13:25.309663Z
7025,2026_01_BAL_IND,2026,1,1154474,2010,L,S,1,6,FALSE,TRUE,FALSE,FALSE,FALSE,FALSE,FALSE,FALSE,FALSE,1,FALSE,FALSE,FALSE,FALSE,FALSE,1,5,FALSE,2026-09-15T16:13:25.309663Z
7025,2026_01_BAL_IND,2026,1,1154475,2040,L,S,1,6,FALSE,TRUE,FALSE,FALSE,FALSE,FALSE,FALSE,FALSE,FALSE,2,TRUE,FALSE,FALSE,FALSE,FALSE,0,4,FALSE,2026-09-15T16:13:25.309663Z
7025,2026_01_BAL_IND,2026,1,1154476,2076,L,S,1,4,FALSE,FALSE,FALSE,FALSE,FALSE,FALSE,FALSE,FALSE,FALSE,2,FALSE,FALSE,FALSE,FALSE,FALSE,0,3,FALSE,2026-09-15T16:13:25.309663Z
7025,2026_01_BAL_IND,2026,1,1154477,2099,0,0,0,0,FALSE,FALSE,FALSE,FALSE,FALSE,FALSE,FALSE,FALSE,FALSE,0,FALSE,FALSE,FALSE,FALSE,FALSE,0,0,FALSE,2026-09-15T16:13:25.309663Z
7025,2026_01_BAL_IND,2026,1,1154478,2119,R,S,1,5,FALSE,FALSE,FALSE,FALSE,FALSE,FALSE,FALSE,FALSE,FALSE,1,TRUE,FALSE,FALSE,FALSE,FALSE,0,4,FALSE,2026-09-15T16:13:25.309663Z
7025,2026_01_BAL_IND,2026,1,1154479,2144,R,S,1,4,TRUE,FALSE,FALSE,FALSE,FALSE,FALSE,FALSE,FALSE,FALSE,1,TRUE,FALSE,FALSE,TRUE,FALSE,0,4,FALSE,2026-09-15T16:13:25.309663Z
7025,2026_01_BAL_IND,2026,1,1154480,2172,R,S,1,6,TRUE,FALSE,FALSE,FALSE,TRUE,FALSE,FALSE,FALSE,FALSE,0,FALSE,FALSE,FALSE,FALSE,FALSE,0,0,FALSE,2026-09-15T16:13:25.309663Z
7025,2026_01_BAL_IND,2026,1,1154481,2206,0,0,0,0,FALSE,FALSE,FALSE,FALSE,FALSE,FALSE,FALSE,FALSE,FALSE,0,FALSE,FALSE,FALSE,FALSE,FALSE,0,0,FALSE,2026-09-15T16:13:25.309663Z
7025,2026_01_BAL_IND,2026,1,1154482,2194,0,0,0,0,FALSE,FALSE,FALSE,FALSE,FALSE,FALSE,FALSE,FALSE,FALSE,0,FALSE,FALSE,FALSE,FALSE,FALSE,0,0,FALSE,2026-09-15T16:13:25.309663Z
7025,2026_01_BAL_IND,2026,1,1154483,2221,L,S,1,5,FALSE,TRUE,FALSE,FALSE,FALSE,FALSE,FALSE,FALSE,FALSE,2,TRUE,TRUE,FALSE,FALSE,FALSE,0,4,FALSE,2026-09-15T16:13:25.309663Z
7025,2026_01_BAL_IND,2026,1,1154484,2246,L,S,1,5,TRUE,FALSE,FALSE,FALSE,FALSE,FALSE,TRUE,FALSE,FALSE,0,FALSE,FALSE,FALSE,FALSE,FALSE,0,4,FALSE,2026-09-15T16:13:25.309663Z
7025,2026_01_BAL_IND,2026,1,1154485,2273,L,S,1,6,FALSE,TRUE,FALSE,FALSE,FALSE,FALSE,FALSE,FALSE,FALSE,1,TRUE,FALSE,FALSE,FALSE,FALSE,2,6,FALSE,2026-09-15T16:13:25.309663Z
7025,2026_01_BAL_IND,2026,1,1154486,2310,0,0,0,0,FALSE,FALSE,FALSE,FALSE,FALSE,FALSE,FALSE,FALSE,FALSE,0,FALSE,FALSE,FALSE,FALSE,FALSE,0,0,FALSE,2026-09-15T16:13:25.309663Z
7025,2026_01_BAL_IND,2026,1,1154487,2317,0,0,0,0,FALSE,FALSE,FALSE,FALSE,FALSE,FALSE,FALSE,FALSE,FALSE,0,FALSE,FALSE,FALSE,FALSE,FALSE,0,0,FALSE,2026-09-15T16:13:25.309663Z
7025,2026_01_BAL_IND,2026,1,1154488,2298,R,S,1,6,FALSE,TRUE,FALSE,FALSE,FALSE,FALSE,FALSE,FALSE,FALSE,0,FALSE,FALSE,FALSE,FALSE,FALSE,0,0,FALSE,2026-09-15T16:13:25.309663Z
7025,2026_01_BAL_IND,2026,1,1154489,2334,0,0,0,0,TRUE,FALSE,FALSE,FALSE,FALSE,FALSE,FALSE,FALSE,FALSE,0,FALSE,FALSE,FALSE,FALSE,FALSE,0,0,FALSE,2026-09-15T16:13:25.309663Z
7025,2026_01_BAL_IND,2026,1,1154490,2366,0,0,0,0,FALSE,FALSE,FALSE,FALSE,FALSE,FALSE,FALSE,FALSE,FALSE,0,FALSE,FALSE,FALSE,FALSE,FALSE,0,0,FALSE,2026-09-15T16:13:25.309663Z
7025,2026_01_BAL_IND,2026,1,1154491,2404,0,0,0,0,FALSE,FALSE,FALSE,FALSE,FALSE,FALSE,FALSE,FALSE,FALSE,0,FALSE,FALSE,FALSE,FALSE,FALSE,0,0,FALSE,2026-09-15T16:13:25.309663Z
7025,2026_01_BAL_IND,2026,1,1154492,2427,L,U,2,7,FALSE,TRUE,FALSE,FALSE,FALSE,FALSE,FALSE,FALSE,FALSE,0,FALSE,FALSE,FALSE,FALSE,FALSE,0,0,FALSE,2026-09-15T16:13:25.309663Z
7025,2026_01_BAL_IND,2026,1,1154493,2449,R,U,1,6,FALSE,TRUE,TRUE,FALSE,FALSE,FALSE,FALSE,FALSE,FALSE,2,FALSE,FALSE,FALSE,FALSE,FALSE,0,4,FALSE,2026-09-15T16:13:25.309663Z
7025,2026_01_BAL_IND,2026,1,1154494,2472,R,S,1,6,FALSE,FALSE,FALSE,FALSE,FALSE,FALSE,FALSE,FALSE,FALSE,1,TRUE,FALSE,FALSE,FALSE,FALSE,0,5,FALSE,2026-09-15T16:13:25.309663Z
7025,2026_01_BAL_IND,2026,1,1154495,2508,R,S,1,5,FALSE,TRUE,FALSE,FALSE,FALSE,FALSE,TRUE,FALSE,FALSE,SD,TRUE,FALSE,FALSE,FALSE,FALSE,0,3,FALSE,2026-09-15T16:13:25.309663Z
7025,2026_01_BAL_IND,2026,1,1154496,2533,0,0,0,0,FALSE,FALSE,FALSE,FALSE,FALSE,FALSE,FALSE,FALSE,FALSE,0,FALSE,FALSE,FALSE,FALSE,FALSE,0,0,FALSE,2026-09-15T16:13:25.309663Z
7025,2026_01_BAL_IND,2026,1,1154497,2552,R,U,1,6,FALSE,TRUE,FALSE,FALSE,FALSE,FALSE,FALSE,FALSE,FALSE,0,FALSE,FALSE,FALSE,FALSE,FALSE,0,0,FALSE,2026-09-15T16:13:25.309663Z
7025,2026_01_BAL_IND,2026,1,1154498,2581,L,U,1,6,FALSE,TRUE,FALSE,FALSE,FALSE,FALSE,FALSE,FALSE,FALSE,0,FALSE,FALSE,FALSE,FALSE,FALSE,0,0,FALSE,2026-09-15T16:13:25.309663Z
7025,2026_01_BAL_IND,2026,1,1154499,2603,M,S,1,6,FALSE,TRUE,FALSE,FALSE,FALSE,FALSE,FALSE,FALSE,FALSE,1,TRUE,TRUE,FALSE,FALSE,FALSE,1,4,FALSE,2026-09-15T16:13:25.309663Z
7025,2026_01_BAL_IND,2026,1,1154500,2633,L,S,1,6,FALSE,FALSE,FALSE,FALSE,FALSE,FALSE,FALSE,FALSE,FALSE,0,FALSE,FALSE,FALSE,FALSE,FALSE,0,0,FALSE,2026-09-15T16:13:25.309663Z
7025,2026_01_BAL_IND,2026,1,1154501,2660,L,U,1,7,FALSE,TRUE,TRUE,FALSE,FALSE,FALSE,TRUE,FALSE,FALSE,0,FALSE,FALSE,FALSE,FALSE,FALSE,0,5,FALSE,2026-09-15T16:13:25.309663Z
7025,2026_01_BAL_IND,2026,1,1154502,2684,R,U,1,6,FALSE,FALSE,FALSE,FALSE,FALSE,FALSE,FALSE,FALSE,FALSE,0,FALSE,FALSE,FALSE,FALSE,FALSE,0,0,FALSE,2026-09-15T16:13:25.309663Z
7025,2026_01_BAL_IND,2026,1,1154503,2706,L,S,1,6,FALSE,FALSE,FALSE,FALSE,FALSE,FALSE,TRUE,FALSE,FALSE,1,TRUE,TRUE,FALSE,TRUE,FALSE,1,5,FALSE,2026-09-15T16:13:25.309663Z
7025,2026_01_BAL_IND,2026,1,1154504,2729,L,S,1,5,FALSE,TRUE,FALSE,FALSE,FALSE,FALSE,FALSE,FALSE,FALSE,CHK,TRUE,TRUE,FALSE,FALSE,FALSE,0,4,FALSE,2026-09-15T16:13:25.309663Z
7025,2026_01_BAL_IND,2026,1,1154505,2754,0,0,0,0,FALSE,FALSE,FALSE,FALSE,FALSE,FALSE,FALSE,FALSE,FALSE,0,FALSE,FALSE,FALSE,FALSE,FALSE,0,0,FALSE,2026-09-15T16:13:25.309663Z
7025,2026_01_BAL_IND,2026,1,1154506,2774,0,0,0,0,FALSE,FALSE,FALSE,FALSE,FALSE,FALSE,FALSE,FALSE,FALSE,0,FALSE,FALSE,FALSE,FALSE,FALSE,0,0,FALSE,2026-09-15T16:13:25.309663Z
7025,2026_01_BAL_IND,2026,1,1154507,2820,M,U,1,6,FALSE,TRUE,FALSE,FALSE,TRUE,FALSE,FALSE,FALSE,FALSE,0,FALSE,FALSE,FALSE,FALSE,FALSE,0,0,FALSE,2026-09-15T16:13:25.309663Z
7025,2026_01_BAL_IND,2026,1,1154508,2842,M,U,2,7,FALSE,TRUE,FALSE,FALSE,FALSE,FALSE,FALSE,FALSE,FALSE,0,FALSE,FALSE,FALSE,FALSE,FALSE,0,0,FALSE,2026-09-15T16:13:25.309663Z
7025,2026_01_BAL_IND,2026,1,1154509,2864,L,U,1,7,FALSE,TRUE,TRUE,FALSE,FALSE,FALSE,TRUE,FALSE,FALSE,0,FALSE,FALSE,FALSE,FALSE,FALSE,0,4,FALSE,2026-09-15T16:13:25.309663Z
7025,2026_01_BAL_IND,2026,1,1154510,2884,L,S,1,6,FALSE,TRUE,FALSE,FALSE,FALSE,FALSE,FALSE,FALSE,FALSE,1,TRUE,FALSE,FALSE,FALSE,FALSE,0,4,FALSE,2026-09-15T16:13:25.309663Z
7025,2026_01_BAL_IND,2026,1,1154511,2909,0,0,0,0,FALSE,FALSE,FALSE,FALSE,FALSE,FALSE,FALSE,FALSE,FALSE,0,FALSE,FALSE,FALSE,FALSE,FALSE,0,0,FALSE,2026-09-15T16:13:25.309663Z
7025,2026_01_BAL_IND,2026,1,1154512,2933,L,S,1,7,FALSE,FALSE,FALSE,FALSE,FALSE,FALSE,FALSE,FALSE,FALSE,1,FALSE,FALSE,FALSE,FALSE,FALSE,2,6,FALSE,2026-09-15T16:13:25.309663Z
7025,2026_01_BAL_IND,2026,1,1154513,2967,0,0,0,0,FALSE,FALSE,FALSE,FALSE,FALSE,FALSE,FALSE,FALSE,FALSE,0,FALSE,FALSE,FALSE,FALSE,FALSE,0,0,FALSE,2026-09-15T16:13:25.309663Z
7025,2026_01_BAL_IND,2026,1,1154514,2998,L,U,1,7,FALSE,TRUE,FALSE,FALSE,FALSE,FALSE,FALSE,FALSE,FALSE,0,FALSE,FALSE,FALSE,FALSE,FALSE,0,0,FALSE,2026-09-15T16:13:25.309663Z
7025,2026_01_BAL_IND,2026,1,1154515,3027,R,S,1,6,FALSE,TRUE,FALSE,FALSE,FALSE,FALSE,FALSE,FALSE,FALSE,0,FALSE,FALSE,FALSE,FALSE,FALSE,0,0,FALSE,2026-09-15T16:13:25.309663Z
7025,2026_01_BAL_IND,2026,1,1154516,3049,R,U,1,7,FALSE,TRUE,FALSE,FALSE,FALSE,FALSE,FALSE,FALSE,FALSE,0,FALSE,FALSE,FALSE,FALSE,FALSE,0,0,FALSE,2026-09-15T16:13:25.309663Z
7025,2026_01_BAL_IND,2026,1,1154517,3071,R,U,1,7,FALSE,TRUE,FALSE,FALSE,FALSE,FALSE,FALSE,FALSE,FALSE,0,FALSE,FALSE,FALSE,FALSE,FALSE,0,0,FALSE,2026-09-15T16:13:25.309663Z
7025,2026_01_BAL_IND,2026,1,1154518,3093,R,S,1,5,FALSE,TRUE,FALSE,FALSE,FALSE,FALSE,FALSE,FALSE,FALSE,2,TRUE,TRUE,FALSE,FALSE,FALSE,0,4,FALSE,2026-09-15T16:13:25.309663Z
7025,2026_01_BAL_IND,2026,1,1154519,3116,0,0,0,0,FALSE,FALSE,FALSE,FALSE,FALSE,FALSE,FALSE,FALSE,FALSE,0,FALSE,FALSE,FALSE,FALSE,FALSE,0,0,FALSE,2026-09-15T16:13:25.309663Z
7025,2026_01_BAL_IND,2026,1,1154520,3147,R,P,1,7,FALSE,TRUE,FALSE,FALSE,TRUE,FALSE,FALSE,FALSE,FALSE,0,FALSE,FALSE,FALSE,FALSE,FALSE,0,0,FALSE,2026-09-15T16:13:25.309663Z
7025,2026_01_BAL_IND,2026,1,1154521,3176,R,U,1,6,FALSE,TRUE,TRUE,FALSE,FALSE,FALSE,FALSE,FALSE,FALSE,SD,FALSE,FALSE,FALSE,FALSE,FALSE,0,4,FALSE,2026-09-15T16:13:25.309663Z
7025,2026_01_BAL_IND,2026,1,1154522,3218,R,S,1,5,FALSE,TRUE,FALSE,FALSE,FALSE,FALSE,FALSE,FALSE,FALSE,1,TRUE,FALSE,FALSE,FALSE,FALSE,0,4,FALSE,2026-09-15T16:13:25.309663Z
7025,2026_01_BAL_IND,2026,1,1154523,3248,L,U,1,6,FALSE,TRUE,FALSE,FALSE,FALSE,FALSE,FALSE,FALSE,FALSE,0,FALSE,FALSE,FALSE,FALSE,FALSE,0,0,FALSE,2026-09-15T16:13:25.309663Z
7025,2026_01_BAL_IND,2026,1,1154524,3281,R,U,1,7,FALSE,FALSE,FALSE,FALSE,FALSE,FALSE,FALSE,FALSE,FALSE,0,FALSE,FALSE,FALSE,FALSE,FALSE,0,0,FALSE,2026-09-15T16:13:25.309663Z
7025,2026_01_BAL_IND,2026,1,1154525,3303,R,P,2,7,FALSE,FALSE,FALSE,FALSE,FALSE,FALSE,FALSE,FALSE,FALSE,0,FALSE,FALSE,FALSE,FALSE,FALSE,0,0,FALSE,2026-09-15T16:13:25.309663Z
7025,2026_01_BAL_IND,2026,1,1154526,3326,0,0,0,0,FALSE,FALSE,FALSE,FALSE,FALSE,FALSE,FALSE,FALSE,FALSE,0,FALSE,FALSE,FALSE,FALSE,FALSE,0,0,FALSE,2026-09-15T16:13:25.309663Z
7025,2026_01_BAL_IND,2026,1,1154527,3341,0,0,0,0,FALSE,FALSE,FALSE,FALSE,FALSE,FALSE,FALSE,FALSE,FALSE,0,FALSE,FALSE,FALSE,FALSE,FALSE,0,0,FALSE,2026-09-15T16:13:25.309663Z
7025,2026_01_BAL_IND,2026,1,1154528,3371,L,S,2,6,FALSE,TRUE,TRUE,FALSE,FALSE,FALSE,FALSE,FALSE,FALSE,1,FALSE,TRUE,FALSE,FALSE,FALSE,0,4,FALSE,2026-09-15T16:13:25.309663Z
7025,2026_01_BAL_IND,2026,1,1154529,3405,L,S,0,6,FALSE,FALSE,FALSE,FALSE,FALSE,FALSE,FALSE,FALSE,FALSE,CHK,TRUE,FALSE,FALSE,FALSE,FALSE,0,4,FALSE,2026-09-15T16:13:25.309663Z
7025,2026_01_BAL_IND,2026,1,1154530,3430,R,S,1,6,TRUE,FALSE,FALSE,FALSE,FALSE,FALSE,FALSE,FALSE,FALSE,1,TRUE,FALSE,FALSE,FALSE,FALSE,0,4,FALSE,2026-09-15T16:13:25.309663Z
7025,2026_01_BAL_IND,2026,1,1154531,3455,L,S,1,6,TRUE,FALSE,FALSE,FALSE,FALSE,FALSE,FALSE,FALSE,FALSE,1,TRUE,FALSE,FALSE,FALSE,FALSE,1,4,FALSE,2026-09-15T16:13:25.309663Z
7025,2026_01_BAL_IND,2026,1,1154532,3485,L,S,1,6,TRUE,FALSE,FALSE,FALSE,FALSE,FALSE,FALSE,FALSE,FALSE,1,TRUE,FALSE,FALSE,FALSE,FALSE,2,5,FALSE,2026-09-15T16:13:25.309663Z
7025,2026_01_BAL_IND,2026,1,1154533,3510,L,S,1,6,TRUE,FALSE,FALSE,FALSE,FALSE,FALSE,FALSE,FALSE,FALSE,1,TRUE,FALSE,FALSE,FALSE,FALSE,1,4,FALSE,2026-09-15T16:13:25.309663Z
7025,2026_01_BAL_IND,2026,1,1154534,3535,L,S,1,6,FALSE,FALSE,FALSE,FALSE,FALSE,FALSE,FALSE,FALSE,FALSE,2,TRUE,FALSE,FALSE,FALSE,FALSE,0,4,FALSE,2026-09-15T16:13:25.309663Z
7025,2026_01_BAL_IND,2026,1,1154535,3564,0,0,0,0,FALSE,FALSE,FALSE,FALSE,FALSE,FALSE,FALSE,FALSE,FALSE,0,FALSE,FALSE,FALSE,FALSE,FALSE,0,0,FALSE,2026-09-15T16:13:25.309663Z
7025,2026_01_BAL_IND,2026,1,1154536,3579,0,0,0,0,FALSE,FALSE,FALSE,FALSE,FALSE,FALSE,FALSE,FALSE,FALSE,0,FALSE,FALSE,FALSE,FALSE,FALSE,0,0,FALSE,2026-09-15T16:13:25.309663Z
7025,2026_01_BAL_IND,2026,1,1154537,3609,L,U,2,7,FALSE,TRUE,FALSE,FALSE,FALSE,FALSE,FALSE,FALSE,FALSE,0,FALSE,FALSE,FALSE,FALSE,FALSE,0,0,FALSE,2026-09-15T16:13:25.309663Z
7025,2026_01_BAL_IND,2026,1,1154538,3631,L,U,1,7,FALSE,FALSE,FALSE,FALSE,FALSE,FALSE,FALSE,FALSE,FALSE,0,FALSE,FALSE,FALSE,FALSE,FALSE,0,0,FALSE,2026-09-15T16:13:25.309663Z
7025,2026_01_BAL_IND,2026,1,1154539,3653,L,P,2,7,FALSE,TRUE,FALSE,FALSE,FALSE,FALSE,FALSE,FALSE,FALSE,0,FALSE,FALSE,FALSE,FALSE,FALSE,0,0,FALSE,2026-09-15T16:13:25.309663Z
7025,2026_01_BAL_IND,2026,1,1154540,3677,L,U,1,7,FALSE,FALSE,TRUE,FALSE,FALSE,FALSE,TRUE,FALSE,FALSE,1,TRUE,FALSE,FALSE,FALSE,FALSE,0,5,FALSE,2026-09-15T16:13:25.309663Z
7025,2026_01_BAL_IND,2026,1,1154541,3708,R,U,1,7,FALSE,TRUE,FALSE,FALSE,FALSE,FALSE,FALSE,FALSE,FALSE,0,FALSE,FALSE,FALSE,FALSE,FALSE,0,0,FALSE,2026-09-15T16:13:25.309663Z
7025,2026_01_BAL_IND,2026,1,1154542,3730,R,S,1,7,FALSE,FALSE,FALSE,FALSE,FALSE,FALSE,FALSE,FALSE,FALSE,1,TRUE,FALSE,FALSE,FALSE,FALSE,0,4,FALSE,2026-09-15T16:13:25.309663Z
7025,2026_01_BAL_IND,2026,1,1154543,3760,R,P,2,7,FALSE,TRUE,FALSE,FALSE,FALSE,FALSE,FALSE,FALSE,FALSE,0,FALSE,FALSE,FALSE,FALSE,FALSE,0,0,FALSE,2026-09-15T16:13:25.309663Z
7025,2026_01_BAL_IND,2026,1,1154544,3782,M,U,1,7,FALSE,TRUE,FALSE,FALSE,FALSE,FALSE,FALSE,FALSE,FALSE,0,FALSE,FALSE,FALSE,FALSE,FALSE,0,0,FALSE,2026-09-15T16:13:25.309663Z
7025,2026_01_BAL_IND,2026,1,1154545,3806,R,S,1,7,FALSE,TRUE,FALSE,FALSE,TRUE,FALSE,FALSE,FALSE,FALSE,0,FALSE,FALSE,FALSE,FALSE,FALSE,0,0,FALSE,2026-09-15T16:13:25.309663Z
7025,2026_01_BAL_IND,2026,1,1154546,3840,0,0,0,0,FALSE,FALSE,FALSE,FALSE,FALSE,FALSE,FALSE,FALSE,FALSE,0,FALSE,FALSE,FALSE,FALSE,FALSE,0,0,FALSE,2026-09-15T16:13:25.309663Z
7025,2026_01_BAL_IND,2026,1,1154547,3828,0,0,0,0,FALSE,FALSE,FALSE,FALSE,FALSE,FALSE,FALSE,FALSE,FALSE,0,FALSE,FALSE,FALSE,FALSE,FALSE,0,0,FALSE,2026-09-15T16:13:25.309663Z
7025,2026_01_BAL_IND,2026,1,1154548,3857,0,0,0,0,FALSE,FALSE,FALSE,FALSE,FALSE,FALSE,FALSE,FALSE,FALSE,0,FALSE,FALSE,FALSE,FALSE,FALSE,0,0,FALSE,2026-09-15T16:13:25.309663Z
7025,2026_01_BAL_IND,2026,1,1154549,3885,L,S,1,5,FALSE,TRUE,FALSE,FALSE,FALSE,FALSE,FALSE,FALSE,FALSE,1,FALSE,FALSE,FALSE,FALSE,FALSE,0,4,FALSE,2026-09-15T16:13:25.309663Z
7025,2026_01_BAL_IND,2026,1,1154550,3908,L,S,1,6,FALSE,TRUE,FALSE,FALSE,FALSE,FALSE,FALSE,FALSE,FALSE,2,TRUE,TRUE,FALSE,FALSE,FALSE,0,4,FALSE,2026-09-15T16:13:25.309663Z
7025,2026_01_BAL_IND,2026,1,1154551,3933,R,S,1,5,TRUE,FALSE,FALSE,FALSE,FALSE,FALSE,TRUE,FALSE,TRUE,0,FALSE,FALSE,FALSE,FALSE,FALSE,0,4,FALSE,2026-09-15T16:13:25.309663Z
7025,2026_01_BAL_IND,2026,1,1154552,3956,0,0,0,0,FALSE,FALSE,FALSE,FALSE,FALSE,FALSE,FALSE,FALSE,FALSE,0,FALSE,FALSE,FALSE,FALSE,FALSE,0,0,FALSE,2026-09-15T16:13:25.309663Z
7025,2026_01_BAL_IND,2026,1,1154553,3983,R,S,1,7,FALSE,TRUE,FALSE,FALSE,FALSE,FALSE,FALSE,FALSE,FALSE,0,FALSE,FALSE,FALSE,FALSE,FALSE,2,6,FALSE,2026-09-15T16:13:25.309663Z
7025,2026_01_BAL_IND,2026,1,1154554,4008,L,U,1,6,FALSE,TRUE,FALSE,FALSE,FALSE,FALSE,FALSE,FALSE,FALSE,0,FALSE,FALSE,FALSE,FALSE,FALSE,0,0,FALSE,2026-09-15T16:13:25.309663Z
7025,2026_01_BAL_IND,2026,1,1154555,4032,R,U,1,7,FALSE,TRUE,FALSE,FALSE,FALSE,FALSE,FALSE,FALSE,FALSE,0,FALSE,FALSE,FALSE,FALSE,FALSE,0,0,FALSE,2026-09-15T16:13:25.309663Z
7025,2026_01_BAL_IND,2026,1,1154556,4054,0,0,0,0,FALSE,FALSE,FALSE,FALSE,FALSE,FALSE,FALSE,FALSE,FALSE,0,FALSE,FALSE,FALSE,FALSE,FALSE,0,0,FALSE,2026-09-15T16:13:25.309663Z
7025,2026_01_BAL_IND,2026,1,1154557,4083,0,0,0,0,FALSE,FALSE,FALSE,FALSE,FALSE,FALSE,FALSE,FALSE,FALSE,0,FALSE,FALSE,FALSE,FALSE,FALSE,0,0,FALSE,2026-09-15T16:13:25.309663Z
7025,2026_01_BAL_IND,2026,1,1154558,4105,0,0,0,0,FALSE,FALSE,FALSE,FALSE,FALSE,FALSE,FALSE,FALSE,FALSE,0,FALSE,FALSE,FALSE,FALSE,FALSE,0,0,FALSE,2026-09-15T16:13:25.309663Z
7026,2026_01_CLE_JAX,2026,1,1154559,40,0,0,0,0,FALSE,FALSE,FALSE,FALSE,FALSE,FALSE,FALSE,FALSE,FALSE,0,FALSE,FALSE,FALSE,FALSE,FALSE,0,0,FALSE,2026-09-15T16:13:25.309663Z
7026,2026_01_CLE_JAX,2026,1,1154560,63,L,U,2,7,FALSE,TRUE,TRUE,FALSE,FALSE,FALSE,FALSE,FALSE,FALSE,CHK,TRUE,FALSE,FALSE,FALSE,FALSE,0,4,FALSE,2026-09-15T16:13:25.309663Z
7026,2026_01_CLE_JAX,2026,1,1154561,88,M,S,2,5,FALSE,TRUE,FALSE,FALSE,FALSE,FALSE,FALSE,FALSE,FALSE,0,FALSE,FALSE,FALSE,FALSE,FALSE,0,0,FALSE,2026-09-15T16:13:25.309663Z
7026,2026_01_CLE_JAX,2026,1,1154562,110,M,S,1,6,FALSE,FALSE,FALSE,FALSE,FALSE,FALSE,FALSE,FALSE,FALSE,1,TRUE,FALSE,FALSE,FALSE,FALSE,0,5,FALSE,2026-09-15T16:13:25.309663Z
7026,2026_01_CLE_JAX,2026,1,1154563,135,L,S,1,6,FALSE,FALSE,FALSE,FALSE,FALSE,FALSE,FALSE,FALSE,FALSE,0,FALSE,FALSE,FALSE,FALSE,FALSE,0,0,FALSE,2026-09-15T16:13:25.309663Z
7026,2026_01_CLE_JAX,2026,1,1154564,157,L,U,1,6,FALSE,FALSE,FALSE,FALSE,FALSE,FALSE,FALSE,TRUE,FALSE,1,FALSE,FALSE,FALSE,FALSE,FALSE,0,5,FALSE,2026-09-15T16:13:25.309663Z
7026,2026_01_CLE_JAX,2026,1,1154565,184,R,U,1,6,FALSE,TRUE,FALSE,FALSE,FALSE,FALSE,FALSE,FALSE,FALSE,0,FALSE,FALSE,FALSE,FALSE,FALSE,0,0,FALSE,2026-09-15T16:13:25.309663Z
7026,2026_01_CLE_JAX,2026,1,1154566,213,R,S,1,6,FALSE,TRUE,FALSE,FALSE,FALSE,FALSE,FALSE,FALSE,FALSE,0,FALSE,FALSE,FALSE,FALSE,FALSE,0,0,FALSE,2026-09-15T16:13:25.309663Z
7026,2026_01_CLE_JAX,2026,1,1154567,235,R,U,0,8,TRUE,TRUE,FALSE,FALSE,FALSE,FALSE,FALSE,FALSE,FALSE,0,FALSE,FALSE,FALSE,FALSE,FALSE,0,0,FALSE,2026-09-15T16:13:25.309663Z
7026,2026_01_CLE_JAX,2026,1,1154568,257,L,U,2,7,FALSE,TRUE,FALSE,FALSE,FALSE,FALSE,FALSE,FALSE,FALSE,0,FALSE,FALSE,FALSE,FALSE,FALSE,0,0,FALSE,2026-09-15T16:13:25.309663Z
7026,2026_01_CLE_JAX,2026,1,1154569,279,L,U,2,7,FALSE,TRUE,TRUE,FALSE,FALSE,FALSE,FALSE,FALSE,FALSE,1,TRUE,FALSE,FALSE,FALSE,FALSE,0,4,FALSE,2026-09-15T16:13:25.309663Z
7026,2026_01_CLE_JAX,2026,1,1154570,304,R,U,1,7,FALSE,FALSE,FALSE,FALSE,FALSE,FALSE,FALSE,FALSE,FALSE,0,FALSE,FALSE,FALSE,FALSE,FALSE,0,0,FALSE,2026-09-15T16:13:25.309663Z
7026,2026_01_CLE_JAX,2026,1,1154571,326,L,S,2,7,FALSE,TRUE,TRUE,FALSE,FALSE,FALSE,FALSE,FALSE,TRUE,0,FALSE,FALSE,FALSE,FALSE,FALSE,1,5,FALSE,2026-09-15T16:13:25.309663Z
7026,2026_01_CLE_JAX,2026,1,1154572,349,L,S,0,5,FALSE,TRUE,FALSE,FALSE,FALSE,FALSE,FALSE,FALSE,FALSE,1,TRUE,FALSE,FALSE,FALSE,FALSE,0,4,FALSE,2026-09-15T16:13:25.309663Z
7026,2026_01_CLE_JAX,2026,1,1154573,375,0,0,0,0,FALSE,FALSE,FALSE,FALSE,FALSE,FALSE,FALSE,FALSE,FALSE,0,FALSE,FALSE,FALSE,FALSE,FALSE,0,0,FALSE,2026-09-15T16:13:25.309663Z
7026,2026_01_CLE_JAX,2026,1,1154574,390,0,0,0,0,FALSE,FALSE,FALSE,FALSE,FALSE,FALSE,FALSE,FALSE,FALSE,0,FALSE,FALSE,FALSE,FALSE,FALSE,0,0,FALSE,2026-09-15T16:13:25.309663Z
7026,2026_01_CLE_JAX,2026,1,1154575,431,L,U,2,8,FALSE,TRUE,FALSE,FALSE,FALSE,FALSE,FALSE,FALSE,FALSE,0,FALSE,FALSE,FALSE,FALSE,FALSE,0,0,FALSE,2026-09-15T16:13:25.309663Z
7026,2026_01_CLE_JAX,2026,1,1154576,453,L,S,1,6,FALSE,FALSE,FALSE,FALSE,FALSE,FALSE,FALSE,FALSE,FALSE,0,FALSE,FALSE,FALSE,FALSE,FALSE,0,0,FALSE,2026-09-15T16:13:25.309663Z
7026,2026_01_CLE_JAX,2026,1,1154577,475,R,S,1,6,FALSE,TRUE,FALSE,FALSE,FALSE,FALSE,TRUE,TRUE,FALSE,SD,FALSE,FALSE,FALSE,FALSE,FALSE,0,4,FALSE,2026-09-15T16:13:25.309663Z
7026,2026_01_CLE_JAX,2026,1,1154578,498,0,0,0,0,FALSE,FALSE,FALSE,FALSE,FALSE,FALSE,FALSE,FALSE,FALSE,0,FALSE,FALSE,FALSE,FALSE,FALSE,0,0,FALSE,2026-09-15T16:13:25.309663Z
7026,2026_01_CLE_JAX,2026,1,1154579,524,L,U,2,6,FALSE,TRUE,TRUE,FALSE,FALSE,FALSE,TRUE,FALSE,TRUE,SD,FALSE,FALSE,FALSE,FALSE,FALSE,0,4,FALSE,2026-09-15T16:13:25.309663Z
7026,2026_01_CLE_JAX,2026,1,1154580,554,L,S,0,5,FALSE,FALSE,FALSE,FALSE,FALSE,FALSE,FALSE,FALSE,FALSE,1,TRUE,FALSE,FALSE,FALSE,FALSE,0,4,FALSE,2026-09-15T16:13:25.309663Z
7026,2026_01_CLE_JAX,2026,1,1154581,584,R,S,1,7,TRUE,FALSE,FALSE,FALSE,FALSE,FALSE,FALSE,FALSE,FALSE,1,TRUE,FALSE,FALSE,FALSE,FALSE,0,4,FALSE,2026-09-15T16:13:25.309663Z
7026,2026_01_CLE_JAX,2026,1,1154582,619,0,0,0,0,FALSE,FALSE,FALSE,FALSE,FALSE,FALSE,FALSE,FALSE,FALSE,0,FALSE,FALSE,FALSE,FALSE,FALSE,0,0,FALSE,2026-09-15T16:13:25.309663Z
7026,2026_01_CLE_JAX,2026,1,1154583,643,L,S,1,5,FALSE,TRUE,TRUE,FALSE,FALSE,FALSE,FALSE,FALSE,FALSE,1,TRUE,FALSE,FALSE,FALSE,FALSE,0,4,FALSE,2026-09-15T16:13:25.309663Z
7026,2026_01_CLE_JAX,2026,1,1154584,684,0,0,0,0,FALSE,FALSE,FALSE,FALSE,FALSE,FALSE,FALSE,FALSE,FALSE,0,FALSE,FALSE,FALSE,FALSE,FALSE,0,0,FALSE,2026-09-15T16:13:25.309663Z
7026,2026_01_CLE_JAX,2026,1,1154585,708,R,U,1,6,FALSE,FALSE,FALSE,FALSE,FALSE,FALSE,FALSE,FALSE,FALSE,0,FALSE,FALSE,FALSE,FALSE,FALSE,0,0,FALSE,2026-09-15T16:13:25.309663Z
7026,2026_01_CLE_JAX,2026,1,1154586,751,L,S,0,6,FALSE,FALSE,FALSE,FALSE,FALSE,FALSE,FALSE,FALSE,FALSE,1,TRUE,FALSE,FALSE,FALSE,FALSE,0,4,FALSE,2026-09-15T16:13:25.309663Z
7026,2026_01_CLE_JAX,2026,1,1154587,791,L,U,1,7,TRUE,FALSE,FALSE,FALSE,FALSE,FALSE,FALSE,FALSE,FALSE,1,TRUE,TRUE,TRUE,FALSE,FALSE,0,4,FALSE,2026-09-15T16:13:25.309663Z
7026,2026_01_CLE_JAX,2026,1,1154588,816,R,U,1,7,FALSE,FALSE,FALSE,FALSE,FALSE,FALSE,FALSE,FALSE,FALSE,0,FALSE,FALSE,FALSE,FALSE,FALSE,0,0,FALSE,2026-09-15T16:13:25.309663Z
7026,2026_01_CLE_JAX,2026,1,1154589,838,R,U,1,8,FALSE,TRUE,FALSE,FALSE,FALSE,FALSE,FALSE,FALSE,FALSE,1,TRUE,FALSE,FALSE,FALSE,FALSE,0,4,FALSE,2026-09-15T16:13:25.309663Z
7026,2026_01_CLE_JAX,2026,1,1154590,864,0,0,0,0,FALSE,FALSE,FALSE,FALSE,FALSE,FALSE,FALSE,FALSE,FALSE,0,FALSE,FALSE,FALSE,FALSE,FALSE,0,0,FALSE,2026-09-15T16:13:25.309663Z
7026,2026_01_CLE_JAX,2026,1,1154591,879,0,0,0,0,FALSE,FALSE,FALSE,FALSE,FALSE,FALSE,FALSE,FALSE,FALSE,0,FALSE,FALSE,FALSE,FALSE,FALSE,0,0,FALSE,2026-09-15T16:13:25.309663Z
7026,2026_01_CLE_JAX,2026,1,1154592,912,R,U,2,8,FALSE,FALSE,TRUE,FALSE,FALSE,FALSE,TRUE,FALSE,FALSE,SD,FALSE,FALSE,FALSE,FALSE,FALSE,0,4,TRUE,2026-09-15T16:13:25.309663Z
7026,2026_01_CLE_JAX,2026,1,1154593,932,R,S,1,6,FALSE,FALSE,FALSE,FALSE,FALSE,FALSE,FALSE,FALSE,FALSE,CHK,TRUE,FALSE,FALSE,FALSE,FALSE,0,4,FALSE,2026-09-15T16:13:25.309663Z
7026,2026_01_CLE_JAX,2026,1,1154594,962,R,S,1,6,FALSE,FALSE,FALSE,FALSE,FALSE,FALSE,FALSE,FALSE,FALSE,0,FALSE,FALSE,FALSE,FALSE,FALSE,0,5,FALSE,2026-09-15T16:13:25.309663Z
7026,2026_01_CLE_JAX,2026,1,1154595,1017,0,0,0,0,FALSE,FALSE,FALSE,FALSE,FALSE,FALSE,FALSE,FALSE,FALSE,0,FALSE,FALSE,FALSE,FALSE,FALSE,0,0,FALSE,2026-09-15T16:13:25.309663Z
7026,2026_01_CLE_JAX,2026,1,1154596,1037,R,U,2,7,FALSE,TRUE,TRUE,FALSE,FALSE,FALSE,FALSE,FALSE,FALSE,1,TRUE,FALSE,FALSE,FALSE,FALSE,0,4,FALSE,2026-09-15T16:13:25.309663Z
7026,2026_01_CLE_JAX,2026,1,1154597,1067,R,U,1,7,FALSE,FALSE,TRUE,FALSE,FALSE,FALSE,FALSE,FALSE,FALSE,1,FALSE,FALSE,FALSE,FALSE,FALSE,0,5,FALSE,2026-09-15T16:13:25.309663Z
7026,2026_01_CLE_JAX,2026,1,1154598,1090,L,S,1,7,FALSE,TRUE,FALSE,FALSE,FALSE,FALSE,FALSE,FALSE,FALSE,0,FALSE,FALSE,FALSE,FALSE,FALSE,0,0,FALSE,2026-09-15T16:13:25.309663Z
7026,2026_01_CLE_JAX,2026,1,1154599,1116,R,U,2,6,FALSE,TRUE,FALSE,FALSE,FALSE,FALSE,FALSE,FALSE,FALSE,0,FALSE,FALSE,FALSE,FALSE,FALSE,0,0,FALSE,2026-09-15T16:13:25.309663Z
7026,2026_01_CLE_JAX,2026,1,1154600,1138,R,S,1,8,FALSE,FALSE,FALSE,TRUE,FALSE,FALSE,FALSE,FALSE,FALSE,DES,TRUE,FALSE,FALSE,FALSE,FALSE,0,4,FALSE,2026-09-15T16:13:25.309663Z
7026,2026_01_CLE_JAX,2026,1,1154601,1163,L,U,2,6,FALSE,TRUE,FALSE,FALSE,FALSE,FALSE,FALSE,FALSE,FALSE,0,FALSE,FALSE,FALSE,FALSE,FALSE,0,0,FALSE,2026-09-15T16:13:25.309663Z
7026,2026_01_CLE_JAX,2026,1,1154602,1185,L,U,2,7,FALSE,TRUE,FALSE,FALSE,FALSE,FALSE,FALSE,FALSE,FALSE,0,FALSE,FALSE,FALSE,FALSE,FALSE,0,0,FALSE,2026-09-15T16:13:25.309663Z
7026,2026_01_CLE_JAX,2026,1,1154603,1207,M,U,1,6,FALSE,TRUE,TRUE,FALSE,FALSE,FALSE,TRUE,FALSE,FALSE,1,TRUE,FALSE,FALSE,TRUE,FALSE,0,4,FALSE,2026-09-15T16:13:25.309663Z
7026,2026_01_CLE_JAX,2026,1,1154604,1230,M,S,1,6,FALSE,TRUE,FALSE,TRUE,TRUE,FALSE,FALSE,FALSE,FALSE,DES,TRUE,FALSE,FALSE,FALSE,FALSE,0,4,FALSE,2026-09-15T16:13:25.309663Z
7026,2026_01_CLE_JAX,2026,1,1154605,1255,L,S,1,6,FALSE,FALSE,FALSE,FALSE,FALSE,FALSE,FALSE,FALSE,FALSE,0,FALSE,FALSE,FALSE,FALSE,FALSE,0,0,FALSE,2026-09-15T16:13:25.309663Z
7026,2026_01_CLE_JAX,2026,1,1154606,1277,0,0,0,0,FALSE,FALSE,FALSE,FALSE,FALSE,FALSE,FALSE,FALSE,FALSE,0,FALSE,FALSE,FALSE,FALSE,FALSE,0,0,FALSE,2026-09-15T16:13:25.309663Z
7026,2026_01_CLE_JAX,2026,1,1154607,1297,0,0,0,0,FALSE,FALSE,FALSE,FALSE,FALSE,FALSE,FALSE,FALSE,FALSE,0,FALSE,FALSE,FALSE,FALSE,FALSE,0,0,FALSE,2026-09-15T16:13:25.309663Z
7026,2026_01_CLE_JAX,2026,1,1154608,1327,M,S,2,7,FALSE,TRUE,FALSE,FALSE,FALSE,FALSE,FALSE,FALSE,FALSE,0,FALSE,FALSE,FALSE,FALSE,FALSE,0,0,FALSE,2026-09-15T16:13:25.309663Z
7026,2026_01_CLE_JAX,2026,1,1154609,1352,R,U,1,7,FALSE,FALSE,TRUE,TRUE,FALSE,FALSE,FALSE,FALSE,FALSE,DES,TRUE,FALSE,FALSE,FALSE,FALSE,1,4,FALSE,2026-09-15T16:13:25.309663Z
7026,2026_01_CLE_JAX,2026,1,1154610,1405,R,U,1,6,FALSE,TRUE,FALSE,FALSE,FALSE,FALSE,FALSE,FALSE,FALSE,0,FALSE,FALSE,FALSE,FALSE,FALSE,0,0,FALSE,2026-09-15T16:13:25.309663Z
7026,2026_01_CLE_JAX,2026,1,1154611,1427,L,U,1,6,FALSE,FALSE,FALSE,FALSE,FALSE,FALSE,FALSE,FALSE,FALSE,0,FALSE,FALSE,FALSE,FALSE,FALSE,0,0,FALSE,2026-09-15T16:13:25.309663Z
7026,2026_01_CLE_JAX,2026,1,1154612,1449,R,S,1,6,FALSE,FALSE,FALSE,FALSE,FALSE,FALSE,FALSE,FALSE,FALSE,1,TRUE,TRUE,FALSE,FALSE,FALSE,0,4,FALSE,2026-09-15T16:13:25.309663Z
7026,2026_01_CLE_JAX,2026,1,1154613,1472,R,S,1,6,TRUE,FALSE,FALSE,FALSE,FALSE,FALSE,FALSE,FALSE,FALSE,2,TRUE,FALSE,FALSE,FALSE,FALSE,0,4,FALSE,2026-09-15T16:13:25.309663Z
7026,2026_01_CLE_JAX,2026,1,1154614,1502,L,S,1,5,FALSE,FALSE,FALSE,FALSE,FALSE,FALSE,FALSE,FALSE,FALSE,2,TRUE,FALSE,FALSE,FALSE,FALSE,0,4,FALSE,2026-09-15T16:13:25.309663Z
7026,2026_01_CLE_JAX,2026,1,1154615,1528,0,0,0,0,FALSE,FALSE,FALSE,FALSE,FALSE,FALSE,FALSE,FALSE,FALSE,0,FALSE,FALSE,FALSE,FALSE,FALSE,0,0,FALSE,2026-09-15T16:13:25.309663Z
7026,2026_01_CLE_JAX,2026,1,1154616,1543,0,0,0,0,FALSE,FALSE,FALSE,FALSE,FALSE,FALSE,FALSE,FALSE,FALSE,0,FALSE,FALSE,FALSE,FALSE,FALSE,0,0,FALSE,2026-09-15T16:13:25.309663Z
7026,2026_01_CLE_JAX,2026,1,1154617,1573,R,S,2,6,FALSE,TRUE,FALSE,FALSE,FALSE,FALSE,FALSE,FALSE,FALSE,0,FALSE,FALSE,FALSE,FALSE,FALSE,0,0,FALSE,2026-09-15T16:13:25.309663Z
7026,2026_01_CLE_JAX,2026,1,1154618,1595,L,S,1,6,FALSE,FALSE,FALSE,FALSE,FALSE,FALSE,FALSE,FALSE,FALSE,0,FALSE,FALSE,FALSE,FALSE,FALSE,0,0,FALSE,2026-09-15T16:13:25.309663Z
7026,2026_01_CLE_JAX,2026,1,1154619,1620,L,U,1,7,FALSE,FALSE,TRUE,FALSE,FALSE,FALSE,FALSE,FALSE,FALSE,1,FALSE,FALSE,FALSE,FALSE,FALSE,0,5,FALSE,2026-09-15T16:13:25.309663Z
7026,2026_01_CLE_JAX,2026,1,1154620,1655,0,0,0,0,FALSE,FALSE,FALSE,FALSE,FALSE,FALSE,FALSE,FALSE,FALSE,0,FALSE,FALSE,FALSE,FALSE,FALSE,0,0,FALSE,2026-09-15T16:13:25.309663Z
7026,2026_01_CLE_JAX,2026,1,1154621,1643,L,S,1,7,FALSE,TRUE,FALSE,FALSE,FALSE,FALSE,TRUE,FALSE,FALSE,1,FALSE,FALSE,FALSE,FALSE,FALSE,1,5,FALSE,2026-09-15T16:13:25.309663Z
7026,2026_01_CLE_JAX,2026,1,1154622,1673,L,S,1,6,FALSE,TRUE,FALSE,FALSE,FALSE,FALSE,TRUE,FALSE,FALSE,SD,FALSE,FALSE,FALSE,FALSE,FALSE,0,4,FALSE,2026-09-15T16:13:25.309663Z
7026,2026_01_CLE_JAX,2026,1,1154623,1695,0,0,0,0,FALSE,FALSE,FALSE,FALSE,FALSE,FALSE,FALSE,FALSE,FALSE,0,FALSE,FALSE,FALSE,FALSE,FALSE,0,0,FALSE,2026-09-15T16:13:25.309663Z
7026,2026_01_CLE_JAX,2026,1,1154624,1715,R,U,1,6,FALSE,FALSE,FALSE,FALSE,FALSE,FALSE,FALSE,FALSE,FALSE,0,FALSE,FALSE,FALSE,FALSE,FALSE,0,0,FALSE,2026-09-15T16:13:25.309663Z
7026,2026_01_CLE_JAX,2026,1,1154625,1744,R,U,1,6,FALSE,FALSE,FALSE,FALSE,FALSE,FALSE,FALSE,FALSE,FALSE,0,FALSE,FALSE,FALSE,FALSE,FALSE,0,0,FALSE,2026-09-15T16:13:25.309663Z
7026,2026_01_CLE_JAX,2026,1,1154626,1766,L,U,0,7,FALSE,TRUE,FALSE,FALSE,FALSE,FALSE,FALSE,FALSE,FALSE,0,FALSE,FALSE,FALSE,FALSE,FALSE,0,0,FALSE,2026-09-15T16:13:25.309663Z
7026,2026_01_CLE_JAX,2026,1,1154627,1788,L,U,1,7,FALSE,TRUE,TRUE,FALSE,FALSE,FALSE,TRUE,FALSE,FALSE,0,FALSE,FALSE,FALSE,FALSE,FALSE,0,5,FALSE,2026-09-15T16:13:25.309663Z
7026,2026_01_CLE_JAX,2026,1,1154628,1827,0,0,0,0,FALSE,FALSE,FALSE,FALSE,FALSE,FALSE,FALSE,FALSE,FALSE,0,FALSE,FALSE,FALSE,FALSE,FALSE,0,0,FALSE,2026-09-15T16:13:25.309663Z
7026,2026_01_CLE_JAX,2026,1,1154629,1815,0,0,0,0,FALSE,FALSE,FALSE,FALSE,FALSE,FALSE,FALSE,FALSE,FALSE,0,FALSE,FALSE,FALSE,FALSE,FALSE,0,0,FALSE,2026-09-15T16:13:25.309663Z
7026,2026_01_CLE_JAX,2026,1,1154630,1851,L,S,1,5,FALSE,TRUE,FALSE,FALSE,FALSE,FALSE,FALSE,FALSE,FALSE,1,TRUE,FALSE,FALSE,FALSE,FALSE,0,4,FALSE,2026-09-15T16:13:25.309663Z
7026,2026_01_CLE_JAX,2026,1,1154631,1876,L,S,1,6,TRUE,FALSE,FALSE,FALSE,FALSE,FALSE,FALSE,FALSE,FALSE,1,TRUE,FALSE,FALSE,FALSE,FALSE,2,6,FALSE,2026-09-15T16:13:25.309663Z
7026,2026_01_CLE_JAX,2026,1,1154632,1901,R,S,1,6,TRUE,FALSE,FALSE,FALSE,FALSE,FALSE,TRUE,FALSE,FALSE,2,FALSE,FALSE,FALSE,FALSE,FALSE,0,4,FALSE,2026-09-15T16:13:25.309663Z
7026,2026_01_CLE_JAX,2026,1,1154633,1935,0,0,0,0,FALSE,FALSE,FALSE,FALSE,FALSE,FALSE,FALSE,FALSE,FALSE,0,FALSE,FALSE,FALSE,FALSE,FALSE,0,0,FALSE,2026-09-15T16:13:25.309663Z
7026,2026_01_CLE_JAX,2026,1,1154634,1959,0,0,0,0,FALSE,FALSE,FALSE,FALSE,FALSE,FALSE,FALSE,FALSE,FALSE,0,FALSE,FALSE,FALSE,FALSE,FALSE,0,0,FALSE,2026-09-15T16:13:25.309663Z
7026,2026_01_CLE_JAX,2026,1,1154635,1983,R,S,1,5,FALSE,TRUE,FALSE,FALSE,FALSE,FALSE,FALSE,FALSE,FALSE,1,TRUE,FALSE,FALSE,FALSE,FALSE,0,4,FALSE,2026-09-15T16:13:25.309663Z
7026,2026_01_CLE_JAX,2026,1,1154636,2013,L,S,1,6,FALSE,FALSE,FALSE,FALSE,FALSE,FALSE,TRUE,FALSE,FALSE,SD,FALSE,FALSE,FALSE,FALSE,FALSE,0,4,FALSE,2026-09-15T16:13:25.309663Z
7026,2026_01_CLE_JAX,2026,1,1154637,2046,L,S,0,4,FALSE,FALSE,FALSE,TRUE,FALSE,FALSE,FALSE,FALSE,FALSE,DES,TRUE,FALSE,FALSE,FALSE,FALSE,0,3,FALSE,2026-09-15T16:13:25.309663Z
7026,2026_01_CLE_JAX,2026,1,1154638,2071,L,S,1,4,TRUE,FALSE,FALSE,FALSE,FALSE,FALSE,FALSE,FALSE,FALSE,1,FALSE,FALSE,FALSE,FALSE,FALSE,0,3,FALSE,2026-09-15T16:13:25.309663Z
7026,2026_01_CLE_JAX,2026,1,1154639,2114,0,0,0,0,FALSE,FALSE,FALSE,FALSE,FALSE,FALSE,FALSE,FALSE,FALSE,0,FALSE,FALSE,FALSE,FALSE,FALSE,0,0,FALSE,2026-09-15T16:13:25.309663Z
7026,2026_01_CLE_JAX,2026,1,1154640,2142,R,U,2,7,FALSE,TRUE,FALSE,FALSE,FALSE,FALSE,FALSE,FALSE,FALSE,0,FALSE,FALSE,FALSE,FALSE,FALSE,0,0,FALSE,2026-09-15T16:13:25.309663Z
7026,2026_01_CLE_JAX,2026,1,1154641,2164,0,0,0,0,FALSE,FALSE,FALSE,FALSE,FALSE,FALSE,FALSE,FALSE,FALSE,0,FALSE,FALSE,FALSE,FALSE,FALSE,0,0,FALSE,2026-09-15T16:13:25.309663Z
7026,2026_01_CLE_JAX,2026,1,1154642,2188,L,S,1,7,FALSE,TRUE,TRUE,TRUE,FALSE,FALSE,FALSE,FALSE,FALSE,DES,TRUE,FALSE,FALSE,FALSE,FALSE,1,4,FALSE,2026-09-15T16:13:25.309663Z
7026,2026_01_CLE_JAX,2026,1,1154643,2223,L,S,1,6,FALSE,FALSE,FALSE,FALSE,FALSE,FALSE,FALSE,FALSE,FALSE,0,FALSE,FALSE,FALSE,FALSE,FALSE,0,0,FALSE,2026-09-15T16:13:25.309663Z
7026,2026_01_CLE_JAX,2026,1,1154644,2245,0,0,0,0,FALSE,FALSE,FALSE,FALSE,FALSE,FALSE,FALSE,FALSE,FALSE,0,FALSE,FALSE,FALSE,FALSE,FALSE,0,0,FALSE,2026-09-15T16:13:25.309663Z
7026,2026_01_CLE_JAX,2026,1,1154645,2269,L,S,0,5,FALSE,FALSE,FALSE,FALSE,FALSE,FALSE,TRUE,FALSE,FALSE,SD,TRUE,FALSE,FALSE,FALSE,FALSE,0,4,FALSE,2026-09-15T16:13:25.309663Z
7026,2026_01_CLE_JAX,2026,1,1154646,2295,0,0,0,0,FALSE,FALSE,FALSE,FALSE,FALSE,FALSE,FALSE,FALSE,FALSE,0,FALSE,FALSE,FALSE,FALSE,FALSE,0,0,FALSE,2026-09-15T16:13:25.309663Z
7026,2026_01_CLE_JAX,2026,1,1154647,2310,0,0,0,0,FALSE,FALSE,FALSE,FALSE,FALSE,FALSE,FALSE,FALSE,FALSE,0,FALSE,FALSE,FALSE,FALSE,FALSE,0,0,FALSE,2026-09-15T16:13:25.309663Z
7026,2026_01_CLE_JAX,2026,1,1154648,2340,L,U,2,6,FALSE,FALSE,FALSE,FALSE,FALSE,FALSE,FALSE,FALSE,FALSE,0,FALSE,FALSE,FALSE,FALSE,FALSE,0,0,FALSE,2026-09-15T16:13:25.309663Z
7026,2026_01_CLE_JAX,2026,1,1154649,2362,L,S,1,6,FALSE,FALSE,FALSE,FALSE,FALSE,FALSE,FALSE,FALSE,FALSE,1,TRUE,FALSE,FALSE,FALSE,FALSE,0,4,FALSE,2026-09-15T16:13:25.309663Z
7026,2026_01_CLE_JAX,2026,1,1154650,2387,R,S,1,6,FALSE,FALSE,FALSE,FALSE,FALSE,FALSE,TRUE,FALSE,FALSE,SD,FALSE,FALSE,FALSE,FALSE,FALSE,0,4,FALSE,2026-09-15T16:13:25.309663Z
7026,2026_01_CLE_JAX,2026,1,1154651,2419,L,S,1,6,FALSE,FALSE,FALSE,FALSE,FALSE,FALSE,FALSE,FALSE,FALSE,0,FALSE,FALSE,FALSE,FALSE,FALSE,0,0,FALSE,2026-09-15T16:13:25.309663Z
7026,2026_01_CLE_JAX,2026,1,1154652,2441,L,U,1,7,FALSE,FALSE,FALSE,FALSE,FALSE,FALSE,FALSE,FALSE,FALSE,0,FALSE,FALSE,FALSE,FALSE,FALSE,0,0,FALSE,2026-09-15T16:13:25.309663Z
7026,2026_01_CLE_JAX,2026,1,1154653,2463,0,0,0,0,FALSE,FALSE,FALSE,FALSE,FALSE,FALSE,FALSE,FALSE,FALSE,0,FALSE,FALSE,FALSE,FALSE,FALSE,0,0,FALSE,2026-09-15T16:13:25.309663Z
7026,2026_01_CLE_JAX,2026,1,1154654,2487,M,S,1,6,FALSE,FALSE,FALSE,FALSE,FALSE,FALSE,FALSE,FALSE,FALSE,1,FALSE,FALSE,FALSE,FALSE,FALSE,0,4,FALSE,2026-09-15T16:13:25.309663Z
7026,2026_01_CLE_JAX,2026,1,1154655,2510,0,0,0,0,FALSE,FALSE,FALSE,FALSE,FALSE,FALSE,FALSE,FALSE,FALSE,0,FALSE,FALSE,FALSE,FALSE,FALSE,0,0,FALSE,2026-09-15T16:13:25.309663Z
7026,2026_01_CLE_JAX,2026,1,1154656,2530,0,0,0,0,FALSE,FALSE,FALSE,FALSE,FALSE,FALSE,FALSE,FALSE,FALSE,0,FALSE,FALSE,FALSE,FALSE,FALSE,0,0,FALSE,2026-09-15T16:13:25.309663Z
7026,2026_01_CLE_JAX,2026,1,1154657,2560,R,S,1,6,FALSE,TRUE,FALSE,FALSE,FALSE,FALSE,FALSE,FALSE,FALSE,1,TRUE,FALSE,FALSE,FALSE,FALSE,0,4,FALSE,2026-09-15T16:13:25.309663Z
7026,2026_01_CLE_JAX,2026,1,1154658,2585,L,U,1,7,FALSE,FALSE,FALSE,FALSE,FALSE,FALSE,FALSE,FALSE,FALSE,0,FALSE,FALSE,FALSE,FALSE,FALSE,0,0,FALSE,2026-09-15T16:13:25.309663Z
7026,2026_01_CLE_JAX,2026,1,1154659,2607,R,U,1,9,FALSE,FALSE,FALSE,FALSE,FALSE,FALSE,FALSE,FALSE,FALSE,0,FALSE,FALSE,FALSE,FALSE,TRUE,0,0,FALSE,2026-09-15T16:13:25.309663Z
7026,2026_01_CLE_JAX,2026,1,1154660,2631,R,U,2,8,FALSE,FALSE,FALSE,FALSE,FALSE,FALSE,FALSE,FALSE,FALSE,0,FALSE,FALSE,FALSE,FALSE,FALSE,0,0,FALSE,2026-09-15T16:13:25.309663Z
7026,2026_01_CLE_JAX,2026,1,1154661,2653,R,U,1,6,FALSE,TRUE,TRUE,FALSE,FALSE,FALSE,FALSE,FALSE,FALSE,1,TRUE,FALSE,FALSE,FALSE,FALSE,0,4,FALSE,2026-09-15T16:13:25.309663Z
7026,2026_01_CLE_JAX,2026,1,1154662,2683,R,U,1,7,FALSE,FALSE,FALSE,FALSE,FALSE,FALSE,FALSE,FALSE,FALSE,0,FALSE,FALSE,FALSE,FALSE,FALSE,0,0,FALSE,2026-09-15T16:13:25.309663Z
7026,2026_01_CLE_JAX,2026,1,1154663,2705,L,U,2,6,FALSE,FALSE,FALSE,FALSE,FALSE,FALSE,FALSE,FALSE,FALSE,0,FALSE,FALSE,FALSE,FALSE,FALSE,0,0,FALSE,2026-09-15T16:13:25.309663Z
7026,2026_01_CLE_JAX,2026,1,1154664,2727,R,S,2,6,FALSE,TRUE,FALSE,FALSE,FALSE,FALSE,FALSE,FALSE,FALSE,0,FALSE,FALSE,FALSE,FALSE,FALSE,0,0,FALSE,2026-09-15T16:13:25.309663Z
7026,2026_01_CLE_JAX,2026,1,1154665,2760,R,S,1,6,FALSE,TRUE,FALSE,TRUE,FALSE,FALSE,FALSE,FALSE,FALSE,DES,TRUE,FALSE,FALSE,FALSE,FALSE,0,4,FALSE,2026-09-15T16:13:25.309663Z
7026,2026_01_CLE_JAX,2026,1,1154666,2785,R,S,2,6,FALSE,TRUE,FALSE,FALSE,FALSE,FALSE,FALSE,FALSE,FALSE,0,FALSE,FALSE,FALSE,FALSE,FALSE,0,0,FALSE,2026-09-15T16:13:25.309663Z
7026,2026_01_CLE_JAX,2026,1,1154667,2807,0,0,0,0,FALSE,FALSE,FALSE,FALSE,FALSE,FALSE,FALSE,FALSE,FALSE,0,FALSE,FALSE,FALSE,FALSE,FALSE,0,0,FALSE,2026-09-15T16:13:25.309663Z
7026,2026_01_CLE_JAX,2026,1,1154668,2827,0,0,0,0,FALSE,FALSE,FALSE,FALSE,FALSE,FALSE,FALSE,FALSE,FALSE,0,FALSE,FALSE,FALSE,FALSE,FALSE,0,0,FALSE,2026-09-15T16:13:25.309663Z
7026,2026_01_CLE_JAX,2026,1,1154669,2868,L,U,1,7,FALSE,FALSE,TRUE,FALSE,FALSE,FALSE,TRUE,FALSE,FALSE,1,TRUE,FALSE,FALSE,FALSE,FALSE,0,5,FALSE,2026-09-15T16:13:25.309663Z
7026,2026_01_CLE_JAX,2026,1,1154670,2905,0,0,0,0,FALSE,FALSE,FALSE,FALSE,FALSE,FALSE,FALSE,FALSE,FALSE,0,FALSE,FALSE,FALSE,FALSE,FALSE,0,0,FALSE,2026-09-15T16:13:25.309663Z
7026,2026_01_CLE_JAX,2026,1,1154671,2893,R,U,1,7,FALSE,FALSE,FALSE,FALSE,FALSE,FALSE,FALSE,FALSE,FALSE,CHK,TRUE,FALSE,FALSE,FALSE,FALSE,0,4,FALSE,2026-09-15T16:13:25.309663Z
7026,2026_01_CLE_JAX,2026,1,1154672,2925,L,U,2,7,FALSE,FALSE,TRUE,FALSE,FALSE,FALSE,FALSE,FALSE,FALSE,0,FALSE,FALSE,FALSE,FALSE,FALSE,1,5,TRUE,2026-09-15T16:13:25.309663Z
7026,2026_01_CLE_JAX,2026,1,1154673,2965,M,S,1,6,FALSE,TRUE,FALSE,FALSE,FALSE,FALSE,FALSE,FALSE,FALSE,1,TRUE,TRUE,FALSE,FALSE,FALSE,0,4,FALSE,2026-09-15T16:13:25.309663Z
7026,2026_01_CLE_JAX,2026,1,1154674,2990,R,U,2,7,FALSE,FALSE,FALSE,FALSE,FALSE,TRUE,FALSE,FALSE,FALSE,0,FALSE,FALSE,FALSE,FALSE,FALSE,0,0,FALSE,2026-09-15T16:13:25.309663Z
7026,2026_01_CLE_JAX,2026,1,1154675,3012,L,S,1,6,FALSE,FALSE,TRUE,FALSE,FALSE,FALSE,FALSE,FALSE,FALSE,1,TRUE,FALSE,FALSE,FALSE,FALSE,0,4,FALSE,2026-09-15T16:13:25.309663Z
7026,2026_01_CLE_JAX,2026,1,1154676,3037,L,S,1,6,FALSE,FALSE,FALSE,FALSE,TRUE,FALSE,FALSE,FALSE,FALSE,0,FALSE,FALSE,FALSE,FALSE,FALSE,0,0,FALSE,2026-09-15T16:13:25.309663Z
7026,2026_01_CLE_JAX,2026,1,1154677,3059,R,S,1,6,FALSE,TRUE,FALSE,FALSE,FALSE,FALSE,FALSE,FALSE,FALSE,CHK,TRUE,FALSE,FALSE,FALSE,FALSE,0,4,FALSE,2026-09-15T16:13:25.309663Z
7026,2026_01_CLE_JAX,2026,1,1154678,3084,M,S,1,7,FALSE,FALSE,FALSE,FALSE,FALSE,FALSE,FALSE,FALSE,FALSE,0,FALSE,FALSE,FALSE,FALSE,FALSE,0,0,FALSE,2026-09-15T16:13:25.309663Z
7026,2026_01_CLE_JAX,2026,1,1154679,3106,0,0,0,0,FALSE,FALSE,FALSE,FALSE,FALSE,FALSE,FALSE,FALSE,FALSE,0,FALSE,FALSE,FALSE,FALSE,FALSE,0,0,FALSE,2026-09-15T16:13:25.309663Z
7026,2026_01_CLE_JAX,2026,1,1154680,3130,R,S,1,7,FALSE,FALSE,FALSE,FALSE,FALSE,FALSE,TRUE,FALSE,FALSE,SD,FALSE,FALSE,FALSE,FALSE,FALSE,2,5,FALSE,2026-09-15T16:13:25.309663Z
7026,2026_01_CLE_JAX,2026,1,1154681,3168,L,U,1,6,FALSE,FALSE,FALSE,FALSE,FALSE,FALSE,FALSE,FALSE,FALSE,0,FALSE,FALSE,FALSE,FALSE,FALSE,0,0,FALSE,2026-09-15T16:13:25.309663Z
7026,2026_01_CLE_JAX,2026,1,1154682,3240,L,U,1,6,FALSE,FALSE,FALSE,FALSE,FALSE,FALSE,FALSE,FALSE,FALSE,0,FALSE,FALSE,FALSE,FALSE,FALSE,0,0,FALSE,2026-09-15T16:13:25.309663Z
7026,2026_01_CLE_JAX,2026,1,1154683,3262,M,S,0,6,FALSE,TRUE,FALSE,FALSE,FALSE,FALSE,TRUE,FALSE,FALSE,0,FALSE,FALSE,FALSE,FALSE,FALSE,1,5,FALSE,2026-09-15T16:13:25.309663Z
7026,2026_01_CLE_JAX,2026,1,1154684,3282,R,S,1,7,FALSE,TRUE,FALSE,FALSE,FALSE,FALSE,TRUE,FALSE,FALSE,0,FALSE,FALSE,FALSE,FALSE,FALSE,0,6,TRUE,2026-09-15T16:13:25.309663Z
7026,2026_01_CLE_JAX,2026,1,1154685,3302,M,U,1,6,FALSE,FALSE,FALSE,FALSE,FALSE,FALSE,FALSE,FALSE,FALSE,0,FALSE,FALSE,FALSE,FALSE,FALSE,0,0,FALSE,2026-09-15T16:13:25.309663Z
7026,2026_01_CLE_JAX,2026,1,1154686,3331,0,0,0,0,FALSE,FALSE,FALSE,FALSE,FALSE,FALSE,FALSE,FALSE,FALSE,0,FALSE,FALSE,FALSE,FALSE,FALSE,0,0,FALSE,2026-09-15T16:13:25.309663Z
7026,2026_01_CLE_JAX,2026,1,1154687,3355,L,U,1,6,FALSE,FALSE,FALSE,FALSE,FALSE,FALSE,FALSE,FALSE,FALSE,0,FALSE,FALSE,FALSE,FALSE,FALSE,0,0,FALSE,2026-09-15T16:13:25.309663Z
7026,2026_01_CLE_JAX,2026,1,1154688,3377,R,U,2,6,FALSE,TRUE,FALSE,FALSE,FALSE,FALSE,FALSE,FALSE,FALSE,0,FALSE,FALSE,FALSE,FALSE,FALSE,0,0,FALSE,2026-09-15T16:13:25.309663Z
7026,2026_01_CLE_JAX,2026,1,1154689,3399,M,S,2,7,FALSE,FALSE,FALSE,FALSE,FALSE,FALSE,FALSE,FALSE,FALSE,0,FALSE,FALSE,FALSE,FALSE,FALSE,0,0,FALSE,2026-09-15T16:13:25.309663Z
7026,2026_01_CLE_JAX,2026,1,1154690,3421,0,0,0,0,FALSE,FALSE,FALSE,FALSE,FALSE,FALSE,FALSE,FALSE,FALSE,0,FALSE,FALSE,FALSE,FALSE,FALSE,0,0,FALSE,2026-09-15T16:13:25.309663Z
7026,2026_01_CLE_JAX,2026,1,1154691,3441,L,U,2,6,FALSE,TRUE,FALSE,FALSE,FALSE,FALSE,FALSE,FALSE,FALSE,0,FALSE,FALSE,FALSE,FALSE,FALSE,0,0,FALSE,2026-09-15T16:13:25.309663Z
7026,2026_01_CLE_JAX,2026,1,1154692,3470,R,S,1,7,FALSE,FALSE,FALSE,FALSE,TRUE,FALSE,FALSE,FALSE,FALSE,0,FALSE,FALSE,FALSE,FALSE,FALSE,0,0,FALSE,2026-09-15T16:13:25.309663Z
7026,2026_01_CLE_JAX,2026,1,1154693,3492,R,S,1,7,FALSE,FALSE,FALSE,FALSE,FALSE,FALSE,FALSE,FALSE,FALSE,0,FALSE,FALSE,FALSE,FALSE,FALSE,0,0,FALSE,2026-09-15T16:13:25.309663Z
7026,2026_01_CLE_JAX,2026,1,1154694,3514,L,U,1,7,FALSE,FALSE,TRUE,FALSE,FALSE,FALSE,FALSE,FALSE,FALSE,CHK,TRUE,FALSE,FALSE,FALSE,FALSE,0,3,FALSE,2026-09-15T16:13:25.309663Z
7026,2026_01_CLE_JAX,2026,1,1154695,3544,R,S,1,5,FALSE,FALSE,FALSE,FALSE,FALSE,FALSE,FALSE,FALSE,FALSE,0,FALSE,FALSE,FALSE,FALSE,FALSE,0,0,FALSE,2026-09-15T16:13:25.309663Z
7026,2026_01_CLE_JAX,2026,1,1154696,3566,L,S,1,6,FALSE,TRUE,FALSE,FALSE,FALSE,FALSE,FALSE,FALSE,FALSE,1,TRUE,FALSE,FALSE,FALSE,FALSE,0,4,FALSE,2026-09-15T16:13:25.309663Z
7026,2026_01_CLE_JAX,2026,1,1154697,3599,0,0,0,0,FALSE,FALSE,FALSE,FALSE,FALSE,FALSE,FALSE,FALSE,FALSE,0,FALSE,FALSE,FALSE,FALSE,FALSE,0,0,FALSE,2026-09-15T16:13:25.309663Z
7026,2026_01_CLE_JAX,2026,1,1154698,3614,0,0,0,0,FALSE,FALSE,FALSE,FALSE,FALSE,FALSE,FALSE,FALSE,FALSE,0,FALSE,FALSE,FALSE,FALSE,FALSE,0,0,FALSE,2026-09-15T16:13:25.309663Z
7026,2026_01_CLE_JAX,2026,1,1154699,3637,0,0,0,0,FALSE,FALSE,FALSE,FALSE,FALSE,FALSE,FALSE,FALSE,FALSE,0,FALSE,FALSE,FALSE,FALSE,FALSE,0,0,FALSE,2026-09-15T16:13:25.309663Z
7026,2026_01_CLE_JAX,2026,1,1154700,3659,0,0,0,0,FALSE,FALSE,FALSE,FALSE,FALSE,FALSE,FALSE,FALSE,FALSE,0,FALSE,FALSE,FALSE,FALSE,FALSE,0,0,FALSE,2026-09-15T16:13:25.309663Z
7026,2026_01_CLE_JAX,2026,1,1154701,3681,0,0,0,0,FALSE,FALSE,FALSE,FALSE,FALSE,FALSE,FALSE,FALSE,FALSE,0,FALSE,FALSE,FALSE,FALSE,FALSE,0,0,FALSE,2026-09-15T16:13:25.309663Z
7027,2026_01_ATL_PIT,2026,1,1154702,40,0,0,0,0,FALSE,FALSE,FALSE,FALSE,FALSE,FALSE,FALSE,FALSE,FALSE,0,FALSE,FALSE,FALSE,FALSE,FALSE,0,0,FALSE,2026-09-15T16:13:25.309663Z
7027,2026_01_ATL_PIT,2026,1,1154703,68,R,S,1,6,FALSE,FALSE,FALSE,FALSE,FALSE,FALSE,TRUE,FALSE,TRUE,SD,FALSE,FALSE,FALSE,FALSE,FALSE,0,4,FALSE,2026-09-15T16:13:25.309663Z
7027,2026_01_ATL_PIT,2026,1,1154704,100,R,U,2,6,FALSE,TRUE,FALSE,FALSE,FALSE,FALSE,FALSE,FALSE,FALSE,0,FALSE,FALSE,FALSE,FALSE,FALSE,0,0,FALSE,2026-09-15T16:13:25.309663Z
7027,2026_01_ATL_PIT,2026,1,1154705,122,L,S,1,5,FALSE,TRUE,FALSE,FALSE,FALSE,FALSE,FALSE,FALSE,FALSE,1,FALSE,FALSE,FALSE,FALSE,FALSE,0,4,FALSE,2026-09-15T16:13:25.309663Z
7027,2026_01_ATL_PIT,2026,1,1154706,145,0,0,0,0,FALSE,FALSE,FALSE,FALSE,FALSE,FALSE,FALSE,FALSE,FALSE,0,FALSE,FALSE,FALSE,FALSE,FALSE,0,0,FALSE,2026-09-15T16:13:25.309663Z
7027,2026_01_ATL_PIT,2026,1,1154707,164,R,U,1,7,FALSE,TRUE,FALSE,FALSE,FALSE,FALSE,FALSE,FALSE,FALSE,0,FALSE,FALSE,FALSE,FALSE,FALSE,0,0,FALSE,2026-09-15T16:13:25.309663Z
7027,2026_01_ATL_PIT,2026,1,1154708,186,L,S,0,5,FALSE,TRUE,FALSE,TRUE,FALSE,FALSE,FALSE,FALSE,FALSE,DES,TRUE,FALSE,FALSE,FALSE,FALSE,0,4,FALSE,2026-09-15T16:13:25.309663Z
7027,2026_01_ATL_PIT,2026,1,1154709,211,L,S,1,6,FALSE,TRUE,FALSE,FALSE,FALSE,FALSE,FALSE,FALSE,FALSE,0,FALSE,FALSE,FALSE,FALSE,FALSE,0,4,TRUE,2026-09-15T16:13:25.309663Z
7027,2026_01_ATL_PIT,2026,1,1154710,242,0,0,0,0,FALSE,FALSE,FALSE,FALSE,FALSE,FALSE,FALSE,FALSE,FALSE,0,FALSE,FALSE,FALSE,FALSE,FALSE,0,0,FALSE,2026-09-15T16:13:25.309663Z
7027,2026_01_ATL_PIT,2026,1,1154711,268,M,U,2,6,FALSE,TRUE,FALSE,FALSE,FALSE,FALSE,FALSE,FALSE,FALSE,0,FALSE,FALSE,FALSE,FALSE,FALSE,0,0,FALSE,2026-09-15T16:13:25.309663Z
7027,2026_01_ATL_PIT,2026,1,1154712,298,R,U,2,7,FALSE,TRUE,TRUE,FALSE,FALSE,FALSE,FALSE,FALSE,FALSE,1,TRUE,FALSE,FALSE,FALSE,FALSE,0,4,FALSE,2026-09-15T16:13:25.309663Z
7027,2026_01_ATL_PIT,2026,1,1154713,323,L,S,1,6,TRUE,FALSE,FALSE,FALSE,FALSE,FALSE,FALSE,FALSE,FALSE,1,TRUE,FALSE,FALSE,FALSE,FALSE,0,4,FALSE,2026-09-15T16:13:25.309663Z
7027,2026_01_ATL_PIT,2026,1,1154714,348,L,S,0,6,FALSE,FALSE,FALSE,FALSE,FALSE,FALSE,TRUE,FALSE,FALSE,SD,TRUE,FALSE,FALSE,FALSE,FALSE,0,4,FALSE,2026-09-15T16:13:25.309663Z
7027,2026_01_ATL_PIT,2026,1,1154715,373,L,S,1,6,FALSE,FALSE,FALSE,FALSE,TRUE,FALSE,FALSE,FALSE,FALSE,0,FALSE,FALSE,FALSE,FALSE,FALSE,0,0,FALSE,2026-09-15T16:13:25.309663Z
7027,2026_01_ATL_PIT,2026,1,1154716,395,L,S,1,6,FALSE,FALSE,FALSE,FALSE,FALSE,FALSE,FALSE,FALSE,FALSE,1,FALSE,FALSE,FALSE,FALSE,FALSE,2,5,FALSE,2026-09-15T16:13:25.309663Z
7027,2026_01_ATL_PIT,2026,1,1154717,418,L,S,1,6,FALSE,TRUE,FALSE,FALSE,FALSE,FALSE,FALSE,FALSE,FALSE,CHK,FALSE,FALSE,FALSE,FALSE,FALSE,0,4,FALSE,2026-09-15T16:13:25.309663Z
7027,2026_01_ATL_PIT,2026,1,1154718,441,0,0,0,0,FALSE,FALSE,FALSE,FALSE,FALSE,FALSE,FALSE,FALSE,FALSE,0,FALSE,FALSE,FALSE,FALSE,FALSE,0,0,FALSE,2026-09-15T16:13:25.309663Z
7027,2026_01_ATL_PIT,2026,1,1154719,461,0,0,0,0,FALSE,FALSE,FALSE,FALSE,FALSE,FALSE,FALSE,FALSE,FALSE,0,FALSE,FALSE,FALSE,FALSE,FALSE,0,0,FALSE,2026-09-15T16:13:25.309663Z
7027,2026_01_ATL_PIT,2026,1,1154720,491,L,S,1,6,FALSE,TRUE,FALSE,FALSE,FALSE,FALSE,FALSE,FALSE,FALSE,CHK,TRUE,FALSE,FALSE,FALSE,FALSE,1,5,FALSE,2026-09-15T16:13:25.309663Z
7027,2026_01_ATL_PIT,2026,1,1154721,516,R,S,1,6,FALSE,TRUE,FALSE,FALSE,FALSE,FALSE,FALSE,FALSE,FALSE,0,FALSE,FALSE,FALSE,FALSE,FALSE,0,0,FALSE,2026-09-15T16:13:25.309663Z
7027,2026_01_ATL_PIT,2026,1,1154722,543,L,S,1,6,FALSE,TRUE,FALSE,TRUE,FALSE,FALSE,FALSE,FALSE,FALSE,DES,TRUE,FALSE,FALSE,FALSE,FALSE,0,4,FALSE,2026-09-15T16:13:25.309663Z
7027,2026_01_ATL_PIT,2026,1,1154723,571,L,P,2,7,FALSE,TRUE,FALSE,FALSE,FALSE,FALSE,FALSE,FALSE,FALSE,0,FALSE,FALSE,FALSE,FALSE,FALSE,0,0,FALSE,2026-09-15T16:13:25.309663Z
7027,2026_01_ATL_PIT,2026,1,1154724,600,L,U,1,7,TRUE,TRUE,FALSE,FALSE,FALSE,FALSE,FALSE,FALSE,FALSE,0,FALSE,FALSE,FALSE,FALSE,FALSE,0,0,FALSE,2026-09-15T16:13:25.309663Z
7027,2026_01_ATL_PIT,2026,1,1154725,622,L,S,1,6,FALSE,FALSE,FALSE,FALSE,FALSE,FALSE,FALSE,FALSE,FALSE,0,FALSE,FALSE,FALSE,FALSE,FALSE,0,0,FALSE,2026-09-15T16:13:25.309663Z
7027,2026_01_ATL_PIT,2026,1,1154726,655,L,S,0,6,FALSE,TRUE,FALSE,FALSE,FALSE,FALSE,FALSE,FALSE,FALSE,1,FALSE,TRUE,FALSE,FALSE,FALSE,0,4,FALSE,2026-09-15T16:13:25.309663Z
7027,2026_01_ATL_PIT,2026,1,1154727,678,L,S,1,7,FALSE,TRUE,FALSE,FALSE,FALSE,FALSE,FALSE,FALSE,FALSE,1,FALSE,FALSE,FALSE,FALSE,FALSE,0,4,FALSE,2026-09-15T16:13:25.309663Z
7027,2026_01_ATL_PIT,2026,1,1154728,701,0,0,0,0,FALSE,FALSE,FALSE,FALSE,FALSE,FALSE,FALSE,FALSE,FALSE,0,FALSE,FALSE,FALSE,FALSE,FALSE,0,0,FALSE,2026-09-15T16:13:25.309663Z
7027,2026_01_ATL_PIT,2026,1,1154729,721,L,U,2,7,FALSE,TRUE,TRUE,FALSE,FALSE,FALSE,FALSE,FALSE,FALSE,1,TRUE,FALSE,FALSE,FALSE,FALSE,0,4,FALSE,2026-09-15T16:13:25.309663Z
7027,2026_01_ATL_PIT,2026,1,1154730,758,R,U,2,6,FALSE,TRUE,FALSE,FALSE,FALSE,FALSE,FALSE,FALSE,FALSE,0,FALSE,FALSE,FALSE,FALSE,FALSE,0,0,FALSE,2026-09-15T16:13:25.309663Z
7027,2026_01_ATL_PIT,2026,1,1154731,783,M,S,1,6,FALSE,TRUE,FALSE,FALSE,TRUE,FALSE,FALSE,FALSE,FALSE,0,FALSE,FALSE,FALSE,FALSE,FALSE,0,0,FALSE,2026-09-15T16:13:25.309663Z
7027,2026_01_ATL_PIT,2026,1,1154732,805,L,S,1,6,FALSE,TRUE,FALSE,FALSE,FALSE,FALSE,FALSE,FALSE,FALSE,DES,TRUE,FALSE,FALSE,FALSE,FALSE,0,4,FALSE,2026-09-15T16:13:25.309663Z
7027,2026_01_ATL_PIT,2026,1,1154733,851,L,P,1,7,FALSE,TRUE,FALSE,FALSE,FALSE,FALSE,FALSE,FALSE,FALSE,0,FALSE,FALSE,FALSE,FALSE,FALSE,0,0,FALSE,2026-09-15T16:13:25.309663Z
7027,2026_01_ATL_PIT,2026,1,1154734,873,L,U,3,6,FALSE,TRUE,FALSE,FALSE,FALSE,FALSE,FALSE,FALSE,FALSE,0,FALSE,FALSE,FALSE,FALSE,FALSE,0,0,FALSE,2026-09-15T16:13:25.309663Z
7027,2026_01_ATL_PIT,2026,1,1154735,895,L,S,0,7,FALSE,FALSE,FALSE,TRUE,FALSE,FALSE,FALSE,FALSE,FALSE,DES,TRUE,FALSE,FALSE,FALSE,FALSE,0,4,FALSE,2026-09-15T16:13:25.309663Z
7027,2026_01_ATL_PIT,2026,1,1154736,921,0,0,0,0,FALSE,FALSE,FALSE,FALSE,FALSE,FALSE,FALSE,FALSE,FALSE,0,FALSE,FALSE,FALSE,FALSE,FALSE,0,0,FALSE,2026-09-15T16:13:25.309663Z
7027,2026_01_ATL_PIT,2026,1,1154737,936,0,0,0,0,FALSE,FALSE,FALSE,FALSE,FALSE,FALSE,FALSE,FALSE,FALSE,0,FALSE,FALSE,FALSE,FALSE,FALSE,0,0,FALSE,2026-09-15T16:13:25.309663Z
7027,2026_01_ATL_PIT,2026,1,1154738,969,R,U,1,7,FALSE,FALSE,TRUE,FALSE,FALSE,FALSE,FALSE,FALSE,FALSE,0,FALSE,FALSE,FALSE,FALSE,FALSE,1,6,FALSE,2026-09-15T16:13:25.309663Z
7027,2026_01_ATL_PIT,2026,1,1154739,1000,L,U,2,6,FALSE,TRUE,FALSE,FALSE,FALSE,FALSE,FALSE,FALSE,FALSE,0,FALSE,FALSE,FALSE,FALSE,FALSE,0,0,FALSE,2026-09-15T16:13:25.309663Z
7027,2026_01_ATL_PIT,2026,1,1154740,1042,L,S,1,6,FALSE,FALSE,FALSE,FALSE,FALSE,FALSE,FALSE,FALSE,FALSE,0,FALSE,FALSE,FALSE,FALSE,FALSE,0,0,FALSE,2026-09-15T16:13:25.309663Z
7027,2026_01_ATL_PIT,2026,1,1154741,1076,0,0,0,0,FALSE,FALSE,FALSE,FALSE,FALSE,FALSE,FALSE,FALSE,FALSE,0,FALSE,FALSE,FALSE,FALSE,FALSE,0,0,FALSE,2026-09-15T16:13:25.309663Z
7027,2026_01_ATL_PIT,2026,1,1154742,1064,R,S,1,8,FALSE,TRUE,FALSE,FALSE,FALSE,FALSE,FALSE,FALSE,FALSE,1,FALSE,TRUE,FALSE,FALSE,FALSE,0,4,FALSE,2026-09-15T16:13:25.309663Z
7027,2026_01_ATL_PIT,2026,1,1154743,1105,R,S,1,6,FALSE,FALSE,TRUE,FALSE,FALSE,FALSE,FALSE,FALSE,FALSE,1,FALSE,FALSE,FALSE,FALSE,FALSE,0,4,FALSE,2026-09-15T16:13:25.309663Z
7027,2026_01_ATL_PIT,2026,1,1154744,1128,R,S,1,7,FALSE,TRUE,FALSE,FALSE,FALSE,FALSE,FALSE,FALSE,FALSE,1,FALSE,TRUE,FALSE,FALSE,FALSE,1,5,FALSE,2026-09-15T16:13:25.309663Z
7027,2026_01_ATL_PIT,2026,1,1154745,1153,R,U,1,6,TRUE,FALSE,FALSE,FALSE,FALSE,FALSE,FALSE,FALSE,FALSE,0,FALSE,FALSE,FALSE,FALSE,FALSE,0,0,FALSE,2026-09-15T16:13:25.309663Z
7027,2026_01_ATL_PIT,2026,1,1154746,1175,R,S,0,7,FALSE,TRUE,FALSE,TRUE,FALSE,FALSE,FALSE,FALSE,FALSE,DES,TRUE,FALSE,FALSE,FALSE,FALSE,0,4,FALSE,2026-09-15T16:13:25.309663Z
7027,2026_01_ATL_PIT,2026,1,1154747,1200,L,S,0,6,FALSE,FALSE,FALSE,FALSE,FALSE,FALSE,TRUE,FALSE,FALSE,1,FALSE,FALSE,FALSE,FALSE,FALSE,0,4,FALSE,2026-09-15T16:13:25.309663Z
7027,2026_01_ATL_PIT,2026,1,1154748,1223,0,0,0,0,FALSE,FALSE,FALSE,FALSE,FALSE,FALSE,FALSE,FALSE,FALSE,0,FALSE,FALSE,FALSE,FALSE,FALSE,0,0,FALSE,2026-09-15T16:13:25.309663Z
7027,2026_01_ATL_PIT,2026,1,1154749,1243,0,0,0,0,FALSE,FALSE,FALSE,FALSE,FALSE,FALSE,FALSE,FALSE,FALSE,0,FALSE,FALSE,FALSE,FALSE,FALSE,0,0,FALSE,2026-09-15T16:13:25.309663Z
7027,2026_01_ATL_PIT,2026,1,1154750,1294,L,S,0,6,FALSE,TRUE,FALSE,FALSE,FALSE,FALSE,TRUE,TRUE,FALSE,SD,FALSE,FALSE,FALSE,FALSE,FALSE,0,4,FALSE,2026-09-15T16:13:25.309663Z
7027,2026_01_ATL_PIT,2026,1,1154751,1326,L,U,1,7,FALSE,TRUE,TRUE,FALSE,FALSE,TRUE,FALSE,FALSE,FALSE,CHK,TRUE,FALSE,FALSE,FALSE,FALSE,0,5,FALSE,2026-09-15T16:13:25.309663Z
7027,2026_01_ATL_PIT,2026,1,1154752,1351,R,S,1,7,FALSE,FALSE,FALSE,FALSE,FALSE,FALSE,FALSE,FALSE,FALSE,CHK,TRUE,FALSE,FALSE,FALSE,FALSE,0,4,FALSE,2026-09-15T16:13:25.309663Z
7027,2026_01_ATL_PIT,2026,1,1154753,1376,R,U,1,8,FALSE,FALSE,TRUE,FALSE,FALSE,FALSE,FALSE,FALSE,FALSE,1,FALSE,FALSE,FALSE,FALSE,FALSE,0,5,FALSE,2026-09-15T16:13:25.309663Z
7027,2026_01_ATL_PIT,2026,1,1154754,1399,R,S,1,6,FALSE,FALSE,FALSE,FALSE,FALSE,FALSE,TRUE,FALSE,FALSE,SD,TRUE,FALSE,FALSE,FALSE,FALSE,1,4,FALSE,2026-09-15T16:13:25.309663Z
7027,2026_01_ATL_PIT,2026,1,1154755,1425,0,0,0,0,FALSE,FALSE,FALSE,FALSE,FALSE,FALSE,FALSE,FALSE,FALSE,0,FALSE,FALSE,FALSE,FALSE,FALSE,0,0,FALSE,2026-09-15T16:13:25.309663Z
7027,2026_01_ATL_PIT,2026,1,1154756,1440,0,0,0,0,FALSE,FALSE,FALSE,FALSE,FALSE,FALSE,FALSE,FALSE,FALSE,0,FALSE,FALSE,FALSE,FALSE,FALSE,0,0,FALSE,2026-09-15T16:13:25.309663Z
7027,2026_01_ATL_PIT,2026,1,1154757,1469,L,U,3,7,FALSE,TRUE,FALSE,FALSE,FALSE,FALSE,FALSE,FALSE,FALSE,0,FALSE,FALSE,FALSE,FALSE,FALSE,0,0,FALSE,2026-09-15T16:13:25.309663Z
7027,2026_01_ATL_PIT,2026,1,1154758,1491,L,U,3,7,FALSE,TRUE,FALSE,FALSE,FALSE,FALSE,FALSE,FALSE,FALSE,0,FALSE,FALSE,FALSE,FALSE,FALSE,0,0,FALSE,2026-09-15T16:13:25.309663Z
7027,2026_01_ATL_PIT,2026,1,1154759,1513,L,S,1,7,FALSE,TRUE,FALSE,FALSE,FALSE,FALSE,TRUE,FALSE,FALSE,0,FALSE,FALSE,FALSE,FALSE,FALSE,0,4,FALSE,2026-09-15T16:13:25.309663Z
7027,2026_01_ATL_PIT,2026,1,1154760,1544,M,S,0,6,FALSE,TRUE,FALSE,FALSE,FALSE,FALSE,FALSE,FALSE,FALSE,1,TRUE,FALSE,FALSE,FALSE,FALSE,0,4,FALSE,2026-09-15T16:13:25.309663Z
7027,2026_01_ATL_PIT,2026,1,1154761,1569,L,S,1,7,TRUE,FALSE,FALSE,FALSE,FALSE,FALSE,FALSE,FALSE,FALSE,0,FALSE,FALSE,FALSE,FALSE,FALSE,0,0,FALSE,2026-09-15T16:13:25.309663Z
7027,2026_01_ATL_PIT,2026,1,1154762,1607,0,0,0,0,FALSE,FALSE,FALSE,FALSE,FALSE,FALSE,FALSE,FALSE,FALSE,0,FALSE,FALSE,FALSE,FALSE,FALSE,0,0,FALSE,2026-09-15T16:13:25.309663Z
7027,2026_01_ATL_PIT,2026,1,1154763,1633,R,U,2,7,FALSE,TRUE,FALSE,FALSE,FALSE,FALSE,FALSE,FALSE,FALSE,0,FALSE,FALSE,FALSE,FALSE,FALSE,0,0,FALSE,2026-09-15T16:13:25.309663Z
7027,2026_01_ATL_PIT,2026,1,1154764,1662,L,S,0,6,FALSE,TRUE,FALSE,FALSE,FALSE,FALSE,TRUE,FALSE,FALSE,SD,FALSE,FALSE,FALSE,FALSE,FALSE,0,4,FALSE,2026-09-15T16:13:25.309663Z
7027,2026_01_ATL_PIT,2026,1,1154765,1696,L,S,1,6,FALSE,FALSE,FALSE,FALSE,FALSE,FALSE,FALSE,FALSE,FALSE,CHK,FALSE,FALSE,FALSE,FALSE,FALSE,0,4,FALSE,2026-09-15T16:13:25.309663Z
7027,2026_01_ATL_PIT,2026,1,1154766,1719,0,0,0,0,FALSE,FALSE,FALSE,FALSE,FALSE,FALSE,FALSE,FALSE,FALSE,0,FALSE,FALSE,FALSE,FALSE,FALSE,0,0,FALSE,2026-09-15T16:13:25.309663Z
7027,2026_01_ATL_PIT,2026,1,1154767,1743,L,S,0,6,FALSE,FALSE,FALSE,FALSE,FALSE,FALSE,TRUE,FALSE,TRUE,SD,FALSE,FALSE,FALSE,FALSE,FALSE,0,4,FALSE,2026-09-15T16:13:25.309663Z
7027,2026_01_ATL_PIT,2026,1,1154768,1777,0,0,0,0,FALSE,FALSE,FALSE,FALSE,FALSE,FALSE,FALSE,FALSE,FALSE,0,FALSE,FALSE,FALSE,FALSE,FALSE,0,0,FALSE,2026-09-15T16:13:25.309663Z
7027,2026_01_ATL_PIT,2026,1,1154769,1803,R,S,1,6,FALSE,FALSE,FALSE,FALSE,FALSE,FALSE,FALSE,FALSE,FALSE,1,TRUE,FALSE,FALSE,FALSE,FALSE,0,4,FALSE,2026-09-15T16:13:25.309663Z
7027,2026_01_ATL_PIT,2026,1,1154770,1828,R,U,1,7,FALSE,TRUE,FALSE,FALSE,FALSE,FALSE,FALSE,FALSE,FALSE,0,FALSE,FALSE,FALSE,FALSE,FALSE,0,0,FALSE,2026-09-15T16:13:25.309663Z
7027,2026_01_ATL_PIT,2026,1,1154771,1850,R,U,2,7,FALSE,TRUE,FALSE,FALSE,FALSE,FALSE,FALSE,FALSE,FALSE,0,FALSE,FALSE,FALSE,FALSE,FALSE,0,0,FALSE,2026-09-15T16:13:25.309663Z
7027,2026_01_ATL_PIT,2026,1,1154772,1872,M,S,1,6,FALSE,TRUE,FALSE,FALSE,FALSE,FALSE,FALSE,FALSE,FALSE,1,TRUE,FALSE,FALSE,FALSE,FALSE,0,4,FALSE,2026-09-15T16:13:25.309663Z
7027,2026_01_ATL_PIT,2026,1,1154773,1908,M,S,1,6,FALSE,TRUE,FALSE,FALSE,FALSE,FALSE,FALSE,FALSE,FALSE,2,FALSE,FALSE,FALSE,FALSE,FALSE,0,4,FALSE,2026-09-15T16:13:25.309663Z
7027,2026_01_ATL_PIT,2026,1,1154774,1931,M,S,1,7,FALSE,TRUE,FALSE,FALSE,FALSE,FALSE,FALSE,FALSE,FALSE,DES,TRUE,FALSE,FALSE,FALSE,FALSE,0,4,FALSE,2026-09-15T16:13:25.309663Z
7027,2026_01_ATL_PIT,2026,1,1154775,1968,0,0,0,0,FALSE,FALSE,FALSE,FALSE,FALSE,FALSE,FALSE,FALSE,FALSE,0,FALSE,FALSE,FALSE,FALSE,FALSE,0,0,FALSE,2026-09-15T16:13:25.309663Z
7027,2026_01_ATL_PIT,2026,1,1154776,1956,0,S,0,0,FALSE,FALSE,FALSE,FALSE,FALSE,FALSE,FALSE,FALSE,FALSE,0,FALSE,FALSE,FALSE,FALSE,FALSE,0,0,FALSE,2026-09-15T16:13:25.309663Z
7027,2026_01_ATL_PIT,2026,1,1154777,1984,R,S,1,6,FALSE,TRUE,TRUE,FALSE,FALSE,FALSE,FALSE,FALSE,FALSE,CHK,TRUE,FALSE,FALSE,FALSE,FALSE,0,4,FALSE,2026-09-15T16:13:25.309663Z
7027,2026_01_ATL_PIT,2026,1,1154778,2016,L,S,0,6,FALSE,FALSE,FALSE,FALSE,FALSE,FALSE,FALSE,FALSE,FALSE,1,TRUE,FALSE,FALSE,FALSE,FALSE,0,4,FALSE,2026-09-15T16:13:25.309663Z
7027,2026_01_ATL_PIT,2026,1,1154779,2046,R,S,1,7,FALSE,TRUE,FALSE,FALSE,FALSE,FALSE,FALSE,FALSE,FALSE,1,TRUE,FALSE,FALSE,FALSE,FALSE,0,4,FALSE,2026-09-15T16:13:25.309663Z
7027,2026_01_ATL_PIT,2026,1,1154780,2094,R,S,0,6,FALSE,FALSE,FALSE,FALSE,FALSE,FALSE,FALSE,FALSE,FALSE,1,TRUE,FALSE,FALSE,FALSE,FALSE,0,4,FALSE,2026-09-15T16:13:25.309663Z
7027,2026_01_ATL_PIT,2026,1,1154781,2119,R,S,1,6,TRUE,FALSE,FALSE,FALSE,FALSE,FALSE,FALSE,FALSE,FALSE,2,FALSE,FALSE,FALSE,FALSE,FALSE,1,4,FALSE,2026-09-15T16:13:25.309663Z
7027,2026_01_ATL_PIT,2026,1,1154782,2142,R,S,1,6,FALSE,TRUE,FALSE,FALSE,TRUE,FALSE,FALSE,FALSE,FALSE,0,FALSE,FALSE,FALSE,FALSE,FALSE,0,0,FALSE,2026-09-15T16:13:25.309663Z
7027,2026_01_ATL_PIT,2026,1,1154783,2176,0,0,0,0,FALSE,FALSE,FALSE,FALSE,FALSE,FALSE,FALSE,FALSE,FALSE,0,FALSE,FALSE,FALSE,FALSE,FALSE,0,0,FALSE,2026-09-15T16:13:25.309663Z
7027,2026_01_ATL_PIT,2026,1,1154784,2164,R,S,1,6,FALSE,FALSE,FALSE,FALSE,FALSE,FALSE,FALSE,FALSE,FALSE,1,FALSE,TRUE,FALSE,FALSE,FALSE,0,4,FALSE,2026-09-15T16:13:25.309663Z
7027,2026_01_ATL_PIT,2026,1,1154785,2194,0,0,0,0,FALSE,FALSE,FALSE,FALSE,FALSE,FALSE,FALSE,FALSE,FALSE,0,FALSE,FALSE,FALSE,FALSE,FALSE,0,0,FALSE,2026-09-15T16:13:25.309663Z
7027,2026_01_ATL_PIT,2026,1,1154786,2223,L,S,1,7,FALSE,FALSE,TRUE,FALSE,FALSE,FALSE,FALSE,FALSE,FALSE,CHK,FALSE,TRUE,FALSE,FALSE,FALSE,0,4,FALSE,2026-09-15T16:13:25.309663Z
7027,2026_01_ATL_PIT,2026,1,1154787,2257,L,S,1,7,FALSE,TRUE,FALSE,FALSE,FALSE,FALSE,FALSE,FALSE,FALSE,1,FALSE,FALSE,FALSE,FALSE,FALSE,0,4,FALSE,2026-09-15T16:13:25.309663Z
7027,2026_01_ATL_PIT,2026,1,1154788,2280,L,S,1,7,FALSE,TRUE,FALSE,FALSE,FALSE,FALSE,FALSE,FALSE,FALSE,1,TRUE,FALSE,FALSE,FALSE,FALSE,0,4,FALSE,2026-09-15T16:13:25.309663Z
7027,2026_01_ATL_PIT,2026,1,1154789,2317,0,0,0,0,FALSE,FALSE,FALSE,FALSE,FALSE,FALSE,FALSE,FALSE,FALSE,0,FALSE,FALSE,FALSE,FALSE,FALSE,0,0,FALSE,2026-09-15T16:13:25.309663Z
7027,2026_01_ATL_PIT,2026,1,1154790,2305,L,S,0,7,FALSE,FALSE,FALSE,FALSE,FALSE,FALSE,FALSE,FALSE,FALSE,1,TRUE,FALSE,FALSE,FALSE,FALSE,0,4,FALSE,2026-09-15T16:13:25.309663Z
7027,2026_01_ATL_PIT,2026,1,1154791,2342,0,0,0,0,FALSE,FALSE,FALSE,FALSE,FALSE,FALSE,FALSE,FALSE,FALSE,0,FALSE,FALSE,FALSE,FALSE,FALSE,0,0,FALSE,2026-09-15T16:13:25.309663Z
7027,2026_01_ATL_PIT,2026,1,1154792,2379,0,0,0,0,FALSE,FALSE,FALSE,FALSE,FALSE,FALSE,FALSE,FALSE,FALSE,0,FALSE,FALSE,FALSE,FALSE,FALSE,0,0,FALSE,2026-09-15T16:13:25.309663Z
7027,2026_01_ATL_PIT,2026,1,1154793,2397,L,S,1,6,FALSE,TRUE,FALSE,FALSE,FALSE,FALSE,FALSE,FALSE,FALSE,1,FALSE,FALSE,FALSE,FALSE,FALSE,0,4,FALSE,2026-09-15T16:13:25.309663Z
7027,2026_01_ATL_PIT,2026,1,1154794,2420,L,S,0,6,FALSE,FALSE,FALSE,FALSE,FALSE,FALSE,FALSE,FALSE,FALSE,1,TRUE,FALSE,FALSE,FALSE,FALSE,0,4,FALSE,2026-09-15T16:13:25.309663Z
7027,2026_01_ATL_PIT,2026,1,1154795,2457,0,0,0,0,FALSE,FALSE,FALSE,FALSE,FALSE,FALSE,FALSE,FALSE,FALSE,0,FALSE,FALSE,FALSE,FALSE,FALSE,0,0,FALSE,2026-09-15T16:13:25.309663Z
7027,2026_01_ATL_PIT,2026,1,1154796,2445,R,S,1,5,FALSE,TRUE,FALSE,FALSE,FALSE,FALSE,TRUE,FALSE,FALSE,0,FALSE,FALSE,FALSE,FALSE,FALSE,0,4,FALSE,2026-09-15T16:13:25.309663Z
7027,2026_01_ATL_PIT,2026,1,1154797,2492,0,0,0,0,FALSE,FALSE,FALSE,FALSE,FALSE,FALSE,FALSE,FALSE,FALSE,0,FALSE,FALSE,FALSE,FALSE,FALSE,0,0,FALSE,2026-09-15T16:13:25.309663Z
7027,2026_01_ATL_PIT,2026,1,1154798,2515,L,P,1,7,FALSE,TRUE,FALSE,FALSE,FALSE,FALSE,FALSE,FALSE,FALSE,0,FALSE,FALSE,FALSE,FALSE,FALSE,0,0,FALSE,2026-09-15T16:13:25.309663Z
7027,2026_01_ATL_PIT,2026,1,1154799,2537,L,U,2,7,FALSE,TRUE,FALSE,FALSE,FALSE,FALSE,FALSE,FALSE,FALSE,0,FALSE,FALSE,FALSE,FALSE,FALSE,0,0,FALSE,2026-09-15T16:13:25.309663Z
7027,2026_01_ATL_PIT,2026,1,1154800,2561,M,P,1,6,FALSE,TRUE,FALSE,FALSE,FALSE,FALSE,FALSE,FALSE,FALSE,0,FALSE,FALSE,FALSE,FALSE,FALSE,0,0,FALSE,2026-09-15T16:13:25.309663Z
7027,2026_01_ATL_PIT,2026,1,1154801,2583,R,U,1,7,FALSE,FALSE,FALSE,FALSE,FALSE,FALSE,FALSE,FALSE,FALSE,0,FALSE,FALSE,FALSE,FALSE,FALSE,0,0,FALSE,2026-09-15T16:13:25.309663Z
7027,2026_01_ATL_PIT,2026,1,1154802,2605,R,P,2,7,FALSE,TRUE,FALSE,FALSE,FALSE,FALSE,FALSE,FALSE,FALSE,0,FALSE,FALSE,FALSE,FALSE,FALSE,0,0,FALSE,2026-09-15T16:13:25.309663Z
7027,2026_01_ATL_PIT,2026,1,1154803,2638,R,U,3,6,FALSE,TRUE,FALSE,FALSE,FALSE,FALSE,FALSE,FALSE,FALSE,0,FALSE,FALSE,FALSE,FALSE,FALSE,0,0,FALSE,2026-09-15T16:13:25.309663Z
7027,2026_01_ATL_PIT,2026,1,1154804,2660,R,U,1,8,FALSE,FALSE,FALSE,FALSE,FALSE,FALSE,FALSE,FALSE,FALSE,CHK,FALSE,FALSE,FALSE,FALSE,FALSE,0,4,FALSE,2026-09-15T16:13:25.309663Z
7027,2026_01_ATL_PIT,2026,1,1154805,2683,R,S,1,6,FALSE,TRUE,FALSE,FALSE,FALSE,FALSE,FALSE,FALSE,FALSE,1,FALSE,FALSE,FALSE,FALSE,FALSE,0,4,FALSE,2026-09-15T16:13:25.309663Z
7027,2026_01_ATL_PIT,2026,1,1154806,2706,0,0,0,0,FALSE,FALSE,FALSE,FALSE,FALSE,FALSE,FALSE,FALSE,FALSE,0,FALSE,FALSE,FALSE,FALSE,FALSE,0,0,FALSE,2026-09-15T16:13:25.309663Z
7027,2026_01_ATL_PIT,2026,1,1154807,2727,L,U,1,6,FALSE,TRUE,FALSE,FALSE,FALSE,FALSE,FALSE,FALSE,FALSE,0,FALSE,FALSE,FALSE,FALSE,FALSE,0,0,FALSE,2026-09-15T16:13:25.309663Z
7027,2026_01_ATL_PIT,2026,1,1154808,2756,L,U,1,6,FALSE,FALSE,FALSE,FALSE,FALSE,FALSE,FALSE,FALSE,FALSE,0,FALSE,FALSE,FALSE,FALSE,FALSE,0,0,FALSE,2026-09-15T16:13:25.309663Z
7027,2026_01_ATL_PIT,2026,1,1154809,2778,L,S,1,5,FALSE,FALSE,FALSE,FALSE,FALSE,FALSE,FALSE,FALSE,FALSE,1,FALSE,TRUE,FALSE,FALSE,FALSE,0,4,FALSE,2026-09-15T16:13:25.309663Z
7027,2026_01_ATL_PIT,2026,1,1154810,2804,0,0,0,0,FALSE,FALSE,FALSE,FALSE,FALSE,FALSE,FALSE,FALSE,FALSE,0,FALSE,FALSE,FALSE,FALSE,FALSE,0,0,FALSE,2026-09-15T16:13:25.309663Z
7027,2026_01_ATL_PIT,2026,1,1154811,2848,R,U,1,7,FALSE,FALSE,FALSE,FALSE,FALSE,FALSE,FALSE,FALSE,FALSE,0,FALSE,FALSE,FALSE,FALSE,FALSE,0,0,FALSE,2026-09-15T16:13:25.309663Z
7027,2026_01_ATL_PIT,2026,1,1154812,2881,R,P,1,7,FALSE,TRUE,FALSE,FALSE,FALSE,FALSE,FALSE,FALSE,FALSE,0,FALSE,FALSE,FALSE,FALSE,FALSE,0,0,FALSE,2026-09-15T16:13:25.309663Z
7027,2026_01_ATL_PIT,2026,1,1154813,2903,R,S,1,7,FALSE,TRUE,TRUE,FALSE,FALSE,FALSE,FALSE,FALSE,FALSE,1,TRUE,FALSE,FALSE,FALSE,FALSE,0,4,FALSE,2026-09-15T16:13:25.309663Z
7027,2026_01_ATL_PIT,2026,1,1154814,2939,L,U,2,7,FALSE,TRUE,FALSE,FALSE,FALSE,FALSE,FALSE,FALSE,FALSE,0,FALSE,FALSE,FALSE,FALSE,FALSE,0,0,FALSE,2026-09-15T16:13:25.309663Z
7027,2026_01_ATL_PIT,2026,1,1154815,2961,L,S,1,6,FALSE,TRUE,FALSE,FALSE,FALSE,FALSE,FALSE,FALSE,FALSE,1,FALSE,FALSE,FALSE,FALSE,FALSE,0,4,FALSE,2026-09-15T16:13:25.309663Z
7027,2026_01_ATL_PIT,2026,1,1154816,2984,L,S,1,6,FALSE,FALSE,FALSE,FALSE,FALSE,FALSE,FALSE,FALSE,FALSE,1,FALSE,FALSE,FALSE,FALSE,FALSE,0,4,FALSE,2026-09-15T16:13:25.309663Z
7027,2026_01_ATL_PIT,2026,1,1154817,3012,0,0,0,0,FALSE,FALSE,FALSE,FALSE,FALSE,FALSE,FALSE,FALSE,FALSE,0,FALSE,FALSE,FALSE,FALSE,FALSE,0,0,FALSE,2026-09-15T16:13:25.309663Z
7027,2026_01_ATL_PIT,2026,1,1154818,3030,L,U,1,7,FALSE,TRUE,TRUE,FALSE,FALSE,FALSE,FALSE,FALSE,FALSE,1,TRUE,FALSE,FALSE,FALSE,FALSE,0,5,FALSE,2026-09-15T16:13:25.309663Z
7027,2026_01_ATL_PIT,2026,1,1154819,3067,0,0,0,0,FALSE,FALSE,FALSE,FALSE,FALSE,FALSE,FALSE,FALSE,FALSE,0,FALSE,FALSE,FALSE,FALSE,FALSE,0,0,FALSE,2026-09-15T16:13:25.309663Z
7027,2026_01_ATL_PIT,2026,1,1154820,3091,L,S,1,6,FALSE,FALSE,FALSE,FALSE,FALSE,FALSE,FALSE,FALSE,FALSE,1,TRUE,FALSE,FALSE,FALSE,FALSE,0,4,FALSE,2026-09-15T16:13:25.309663Z
7027,2026_01_ATL_PIT,2026,1,1154821,3116,R,S,1,7,FALSE,TRUE,FALSE,FALSE,FALSE,FALSE,FALSE,FALSE,FALSE,1,TRUE,FALSE,FALSE,FALSE,FALSE,0,4,FALSE,2026-09-15T16:13:25.309663Z
7027,2026_01_ATL_PIT,2026,1,1154822,3146,R,U,1,7,TRUE,FALSE,FALSE,FALSE,FALSE,FALSE,TRUE,FALSE,FALSE,1,FALSE,FALSE,FALSE,FALSE,FALSE,0,4,FALSE,2026-09-15T16:13:25.309663Z
7027,2026_01_ATL_PIT,2026,1,1154823,3169,R,S,1,6,FALSE,TRUE,FALSE,FALSE,FALSE,FALSE,FALSE,FALSE,FALSE,1,TRUE,TRUE,FALSE,TRUE,FALSE,0,4,FALSE,2026-09-15T16:13:25.309663Z
7027,2026_01_ATL_PIT,2026,1,1154824,3192,L,U,1,7,FALSE,TRUE,TRUE,TRUE,FALSE,FALSE,FALSE,FALSE,FALSE,DES,TRUE,FALSE,FALSE,FALSE,FALSE,0,4,FALSE,2026-09-15T16:13:25.309663Z
7027,2026_01_ATL_PIT,2026,1,1154825,3240,L,P,1,6,FALSE,TRUE,FALSE,FALSE,FALSE,FALSE,FALSE,FALSE,FALSE,0,FALSE,FALSE,FALSE,FALSE,FALSE,0,0,FALSE,2026-09-15T16:13:25.309663Z
7027,2026_01_ATL_PIT,2026,1,1154826,3262,R,S,1,6,FALSE,FALSE,FALSE,FALSE,FALSE,FALSE,FALSE,FALSE,FALSE,0,FALSE,FALSE,FALSE,FALSE,FALSE,0,4,FALSE,2026-09-15T16:13:25.309663Z
7027,2026_01_ATL_PIT,2026,1,1154827,3282,R,S,1,6,FALSE,FALSE,FALSE,FALSE,FALSE,FALSE,FALSE,FALSE,FALSE,0,FALSE,FALSE,FALSE,FALSE,FALSE,0,0,FALSE,2026-09-15T16:13:25.309663Z
7027,2026_01_ATL_PIT,2026,1,1154828,3304,0,0,0,0,FALSE,FALSE,FALSE,FALSE,FALSE,FALSE,FALSE,FALSE,FALSE,0,FALSE,FALSE,FALSE,FALSE,FALSE,0,0,FALSE,2026-09-15T16:13:25.309663Z
7027,2026_01_ATL_PIT,2026,1,1154829,3324,0,0,0,0,FALSE,FALSE,FALSE,FALSE,FALSE,FALSE,FALSE,FALSE,FALSE,0,FALSE,FALSE,FALSE,FALSE,FALSE,0,0,FALSE,2026-09-15T16:13:25.309663Z
7027,2026_01_ATL_PIT,2026,1,1154830,3354,L,U,1,7,FALSE,FALSE,TRUE,FALSE,FALSE,FALSE,FALSE,FALSE,FALSE,CHK,TRUE,FALSE,FALSE,FALSE,FALSE,0,4,FALSE,2026-09-15T16:13:25.309663Z
7027,2026_01_ATL_PIT,2026,1,1154831,3379,R,S,1,6,FALSE,TRUE,FALSE,FALSE,FALSE,FALSE,FALSE,FALSE,FALSE,CHK,TRUE,FALSE,FALSE,FALSE,FALSE,0,4,FALSE,2026-09-15T16:13:25.309663Z
7027,2026_01_ATL_PIT,2026,1,1154832,3404,L,S,1,8,FALSE,TRUE,FALSE,FALSE,FALSE,FALSE,FALSE,FALSE,FALSE,1,TRUE,FALSE,FALSE,TRUE,FALSE,0,4,FALSE,2026-09-15T16:13:25.309663Z
7027,2026_01_ATL_PIT,2026,1,1154833,3430,0,0,0,0,FALSE,FALSE,FALSE,FALSE,FALSE,FALSE,FALSE,FALSE,FALSE,0,FALSE,FALSE,FALSE,FALSE,FALSE,0,0,FALSE,2026-09-15T16:13:25.309663Z
7027,2026_01_ATL_PIT,2026,1,1154834,3456,L,U,1,7,FALSE,TRUE,FALSE,FALSE,FALSE,FALSE,FALSE,FALSE,FALSE,0,FALSE,FALSE,FALSE,FALSE,FALSE,0,0,FALSE,2026-09-15T16:13:25.309663Z
7027,2026_01_ATL_PIT,2026,1,1154835,3498,R,U,3,7,FALSE,TRUE,FALSE,FALSE,FALSE,FALSE,FALSE,FALSE,FALSE,0,FALSE,FALSE,FALSE,FALSE,FALSE,0,0,FALSE,2026-09-15T16:13:25.309663Z
7027,2026_01_ATL_PIT,2026,1,1154836,3537,0,0,0,0,FALSE,FALSE,FALSE,FALSE,FALSE,FALSE,FALSE,FALSE,FALSE,0,FALSE,FALSE,FALSE,FALSE,FALSE,0,0,FALSE,2026-09-15T16:13:25.309663Z
7027,2026_01_ATL_PIT,2026,1,1154837,3525,M,S,1,6,FALSE,FALSE,FALSE,FALSE,FALSE,FALSE,FALSE,TRUE,FALSE,CHK,FALSE,FALSE,FALSE,FALSE,FALSE,0,4,FALSE,2026-09-15T16:13:25.309663Z
7027,2026_01_ATL_PIT,2026,1,1154838,3560,0,0,0,0,FALSE,FALSE,FALSE,FALSE,FALSE,FALSE,FALSE,FALSE,FALSE,0,FALSE,FALSE,FALSE,FALSE,FALSE,0,0,FALSE,2026-09-15T16:13:25.309663Z
7027,2026_01_ATL_PIT,2026,1,1154839,3575,0,0,0,0,FALSE,FALSE,FALSE,FALSE,FALSE,FALSE,FALSE,FALSE,FALSE,0,FALSE,FALSE,FALSE,FALSE,FALSE,0,0,FALSE,2026-09-15T16:13:25.309663Z
7027,2026_01_ATL_PIT,2026,1,1154840,3598,R,U,1,7,FALSE,FALSE,FALSE,FALSE,FALSE,FALSE,FALSE,FALSE,FALSE,0,FALSE,FALSE,FALSE,FALSE,FALSE,0,0,FALSE,2026-09-15T16:13:25.309663Z
7027,2026_01_ATL_PIT,2026,1,1154841,3620,L,U,1,7,FALSE,FALSE,TRUE,FALSE,FALSE,FALSE,FALSE,FALSE,FALSE,1,TRUE,FALSE,FALSE,FALSE,FALSE,0,5,FALSE,2026-09-15T16:13:25.309663Z
7027,2026_01_ATL_PIT,2026,1,1154842,3645,L,U,1,7,FALSE,TRUE,FALSE,FALSE,FALSE,FALSE,FALSE,FALSE,FALSE,0,FALSE,FALSE,FALSE,FALSE,FALSE,0,0,FALSE,2026-09-15T16:13:25.309663Z
7027,2026_01_ATL_PIT,2026,1,1154843,3667,M,U,1,6,FALSE,TRUE,FALSE,FALSE,FALSE,FALSE,FALSE,FALSE,FALSE,0,FALSE,FALSE,FALSE,FALSE,FALSE,0,0,FALSE,2026-09-15T16:13:25.309663Z
7027,2026_01_ATL_PIT,2026,1,1154844,3689,L,U,2,7,FALSE,TRUE,FALSE,FALSE,FALSE,FALSE,FALSE,FALSE,FALSE,0,FALSE,FALSE,FALSE,FALSE,FALSE,0,0,FALSE,2026-09-15T16:13:25.309663Z
7027,2026_01_ATL_PIT,2026,1,1154845,3713,0,0,0,0,FALSE,FALSE,FALSE,FALSE,FALSE,FALSE,FALSE,FALSE,FALSE,0,FALSE,FALSE,FALSE,FALSE,FALSE,0,0,FALSE,2026-09-15T16:13:25.309663Z
7027,2026_01_ATL_PIT,2026,1,1154846,3733,0,0,0,0,FALSE,FALSE,FALSE,FALSE,FALSE,FALSE,FALSE,FALSE,FALSE,0,FALSE,FALSE,FALSE,FALSE,FALSE,0,0,FALSE,2026-09-15T16:13:25.309663Z
7027,2026_01_ATL_PIT,2026,1,1154847,3769,M,U,2,6,FALSE,TRUE,FALSE,FALSE,FALSE,FALSE,FALSE,FALSE,FALSE,0,FALSE,FALSE,FALSE,FALSE,FALSE,0,0,FALSE,2026-09-15T16:13:25.309663Z
7027,2026_01_ATL_PIT,2026,1,1154848,3791,L,U,2,7,FALSE,TRUE,FALSE,FALSE,FALSE,FALSE,FALSE,FALSE,FALSE,0,FALSE,FALSE,FALSE,FALSE,FALSE,0,0,FALSE,2026-09-15T16:13:25.309663Z
7027,2026_01_ATL_PIT,2026,1,1154849,3816,L,U,2,7,FALSE,TRUE,FALSE,FALSE,FALSE,FALSE,FALSE,FALSE,FALSE,CHK,TRUE,FALSE,FALSE,FALSE,FALSE,0,4,FALSE,2026-09-15T16:13:25.309663Z
7027,2026_01_ATL_PIT,2026,1,1154850,3853,0,0,0,0,FALSE,FALSE,FALSE,FALSE,FALSE,FALSE,FALSE,FALSE,FALSE,0,FALSE,FALSE,FALSE,FALSE,FALSE,0,0,FALSE,2026-09-15T16:13:25.309663Z
7027,2026_01_ATL_PIT,2026,1,1154851,3841,L,S,1,6,FALSE,TRUE,FALSE,TRUE,FALSE,FALSE,FALSE,FALSE,FALSE,DES,TRUE,FALSE,FALSE,FALSE,FALSE,0,4,FALSE,2026-09-15T16:13:25.309663Z
7027,2026_01_ATL_PIT,2026,1,1154852,3873,R,S,0,6,FALSE,TRUE,FALSE,FALSE,FALSE,FALSE,FALSE,FALSE,FALSE,0,FALSE,FALSE,FALSE,FALSE,FALSE,0,3,FALSE,2026-09-15T16:13:25.309663Z
7027,2026_01_ATL_PIT,2026,1,1154853,3893,0,0,0,0,FALSE,FALSE,FALSE,FALSE,FALSE,FALSE,FALSE,FALSE,FALSE,0,FALSE,FALSE,FALSE,FALSE,FALSE,0,0,FALSE,2026-09-15T16:13:25.309663Z
7027,2026_01_ATL_PIT,2026,1,1154854,3914,M,S,1,7,FALSE,FALSE,FALSE,FALSE,FALSE,FALSE,FALSE,FALSE,FALSE,0,FALSE,FALSE,FALSE,FALSE,FALSE,0,0,FALSE,2026-09-15T16:13:25.309663Z
7027,2026_01_ATL_PIT,2026,1,1154855,3951,R,S,1,6,FALSE,TRUE,FALSE,FALSE,FALSE,FALSE,FALSE,FALSE,FALSE,0,FALSE,FALSE,FALSE,FALSE,FALSE,0,0,FALSE,2026-09-15T16:13:25.309663Z
7027,2026_01_ATL_PIT,2026,1,1154856,3978,R,S,1,6,FALSE,TRUE,FALSE,FALSE,TRUE,FALSE,FALSE,FALSE,FALSE,0,FALSE,FALSE,FALSE,FALSE,FALSE,0,0,FALSE,2026-09-15T16:13:25.309663Z
7027,2026_01_ATL_PIT,2026,1,1154857,4000,M,S,1,7,FALSE,TRUE,FALSE,FALSE,FALSE,FALSE,FALSE,FALSE,FALSE,0,FALSE,FALSE,FALSE,FALSE,FALSE,0,4,FALSE,2026-09-15T16:13:25.309663Z
7027,2026_01_ATL_PIT,2026,1,1154858,4020,0,0,0,0,FALSE,FALSE,FALSE,FALSE,FALSE,FALSE,FALSE,FALSE,FALSE,0,FALSE,FALSE,FALSE,FALSE,FALSE,0,0,FALSE,2026-09-15T16:13:25.309663Z
7027,2026_01_ATL_PIT,2026,1,1154859,4040,L,U,2,7,FALSE,TRUE,FALSE,FALSE,FALSE,FALSE,FALSE,FALSE,FALSE,0,FALSE,FALSE,FALSE,FALSE,FALSE,0,0,FALSE,2026-09-15T16:13:25.309663Z
7027,2026_01_ATL_PIT,2026,1,1154860,4062,R,U,2,7,FALSE,FALSE,FALSE,FALSE,FALSE,FALSE,FALSE,FALSE,FALSE,1,TRUE,FALSE,FALSE,FALSE,FALSE,0,5,FALSE,2026-09-15T16:13:25.309663Z
7027,2026_01_ATL_PIT,2026,1,1154861,4092,R,U,1,7,FALSE,FALSE,FALSE,FALSE,FALSE,FALSE,FALSE,FALSE,FALSE,0,FALSE,FALSE,FALSE,FALSE,FALSE,0,0,FALSE,2026-09-15T16:13:25.309663Z
7027,2026_01_ATL_PIT,2026,1,1154862,4126,0,0,0,0,FALSE,FALSE,FALSE,FALSE,FALSE,FALSE,FALSE,FALSE,FALSE,0,FALSE,FALSE,FALSE,FALSE,FALSE,0,0,FALSE,2026-09-15T16:13:25.309663Z
7027,2026_01_ATL_PIT,2026,1,1154863,4114,R,U,1,7,FALSE,FALSE,TRUE,FALSE,FALSE,FALSE,FALSE,FALSE,FALSE,1,TRUE,FALSE,FALSE,FALSE,FALSE,0,4,FALSE,2026-09-15T16:13:25.309663Z
7027,2026_01_ATL_PIT,2026,1,1154864,4158,0,0,0,0,FALSE,FALSE,FALSE,FALSE,FALSE,FALSE,FALSE,FALSE,FALSE,0,FALSE,FALSE,FALSE,FALSE,FALSE,0,0,FALSE,2026-09-15T16:13:25.309663Z
7027,2026_01_ATL_PIT,2026,1,1154865,4146,L,U,2,8,FALSE,TRUE,TRUE,FALSE,FALSE,FALSE,FALSE,FALSE,FALSE,1,TRUE,FALSE,FALSE,FALSE,FALSE,0,5,FALSE,2026-09-15T16:13:25.309663Z
7027,2026_01_ATL_PIT,2026,1,1154866,4178,L,U,1,7,FALSE,FALSE,FALSE,FALSE,FALSE,FALSE,FALSE,FALSE,FALSE,0,FALSE,FALSE,FALSE,FALSE,FALSE,0,0,FALSE,2026-09-15T16:13:25.309663Z
7027,2026_01_ATL_PIT,2026,1,1154867,4217,0,0,0,0,FALSE,FALSE,FALSE,FALSE,FALSE,FALSE,FALSE,FALSE,FALSE,0,FALSE,FALSE,FALSE,FALSE,FALSE,0,0,FALSE,2026-09-15T16:13:25.309663Z
7027,2026_01_ATL_PIT,2026,1,1154868,4205,R,U,1,7,FALSE,FALSE,FALSE,FALSE,FALSE,FALSE,FALSE,FALSE,FALSE,0,FALSE,FALSE,FALSE,FALSE,FALSE,0,0,FALSE,2026-09-15T16:13:25.309663Z
7027,2026_01_ATL_PIT,2026,1,1154869,4234,0,0,0,0,FALSE,FALSE,FALSE,FALSE,FALSE,FALSE,FALSE,FALSE,FALSE,0,FALSE,FALSE,FALSE,FALSE,FALSE,0,0,FALSE,2026-09-15T16:13:25.309663Z
7027,2026_01_ATL_PIT,2026,1,1154870,4263,0,0,0,0,FALSE,FALSE,FALSE,FALSE,FALSE,FALSE,FALSE,FALSE,FALSE,0,FALSE,FALSE,FALSE,FALSE,FALSE,0,0,FALSE,2026-09-15T16:13:25.309663Z
7027,2026_01_ATL_PIT,2026,1,1154871,4285,0,0,0,0,FALSE,FALSE,FALSE,FALSE,FALSE,FALSE,FALSE,FALSE,FALSE,0,FALSE,FALSE,FALSE,FALSE,FALSE,0,0,FALSE,2026-09-15T16:13:25.309663Z
7028,2026_01_NYJ_TEN,2026,1,1154872,40,0,0,0,0,FALSE,FALSE,FALSE,FALSE,FALSE,FALSE,FALSE,FALSE,FALSE,0,FALSE,FALSE,FALSE,FALSE,FALSE,0,0,FALSE,2026-09-15T16:13:25.309663Z
7028,2026_01_NYJ_TEN,2026,1,1154873,67,R,U,1,6,FALSE,FALSE,FALSE,FALSE,FALSE,FALSE,FALSE,FALSE,FALSE,0,FALSE,FALSE,FALSE,FALSE,FALSE,0,0,FALSE,2026-09-15T16:13:25.309663Z
7028,2026_01_NYJ_TEN,2026,1,1154874,89,R,S,1,6,FALSE,FALSE,FALSE,FALSE,FALSE,FALSE,FALSE,FALSE,FALSE,2,FALSE,TRUE,FALSE,FALSE,FALSE,0,4,FALSE,2026-09-15T16:13:25.309663Z
7028,2026_01_NYJ_TEN,2026,1,1154875,123,R,U,1,7,FALSE,TRUE,TRUE,TRUE,FALSE,FALSE,FALSE,FALSE,FALSE,DES,TRUE,FALSE,FALSE,FALSE,FALSE,0,4,FALSE,2026-09-15T16:13:25.309663Z
7028,2026_01_NYJ_TEN,2026,1,1154876,148,L,U,1,6,FALSE,FALSE,FALSE,FALSE,FALSE,FALSE,FALSE,FALSE,FALSE,0,FALSE,FALSE,FALSE,FALSE,FALSE,0,0,FALSE,2026-09-15T16:13:25.309663Z
7028,2026_01_NYJ_TEN,2026,1,1154877,170,L,U,1,7,FALSE,FALSE,TRUE,FALSE,FALSE,FALSE,FALSE,FALSE,FALSE,1,TRUE,FALSE,FALSE,FALSE,FALSE,0,3,FALSE,2026-09-15T16:13:25.309663Z
7028,2026_01_NYJ_TEN,2026,1,1154878,205,0,0,0,0,FALSE,FALSE,FALSE,FALSE,FALSE,FALSE,FALSE,FALSE,FALSE,0,FALSE,FALSE,FALSE,FALSE,FALSE,0,0,FALSE,2026-09-15T16:13:25.309663Z
7028,2026_01_NYJ_TEN,2026,1,1154879,229,L,S,1,6,FALSE,TRUE,FALSE,FALSE,FALSE,FALSE,FALSE,FALSE,FALSE,0,FALSE,FALSE,FALSE,FALSE,FALSE,0,0,FALSE,2026-09-15T16:13:25.309663Z
7028,2026_01_NYJ_TEN,2026,1,1154880,251,L,S,1,6,FALSE,FALSE,FALSE,FALSE,FALSE,FALSE,FALSE,FALSE,FALSE,1,TRUE,FALSE,FALSE,FALSE,FALSE,2,7,FALSE,2026-09-15T16:13:25.309663Z
7028,2026_01_NYJ_TEN,2026,1,1154881,276,L,S,1,8,FALSE,FALSE,FALSE,FALSE,FALSE,FALSE,FALSE,FALSE,FALSE,0,FALSE,FALSE,FALSE,FALSE,FALSE,0,0,FALSE,2026-09-15T16:13:25.309663Z
7028,2026_01_NYJ_TEN,2026,1,1154882,310,0,0,0,0,FALSE,FALSE,FALSE,FALSE,FALSE,FALSE,FALSE,FALSE,FALSE,0,FALSE,FALSE,FALSE,FALSE,FALSE,0,0,FALSE,2026-09-15T16:13:25.309663Z
7028,2026_01_NYJ_TEN,2026,1,1154883,298,M,U,1,8,FALSE,TRUE,FALSE,FALSE,FALSE,TRUE,FALSE,FALSE,FALSE,0,FALSE,FALSE,FALSE,FALSE,FALSE,0,0,FALSE,2026-09-15T16:13:25.309663Z
7028,2026_01_NYJ_TEN,2026,1,1154884,328,0,0,0,0,FALSE,FALSE,FALSE,FALSE,FALSE,FALSE,FALSE,FALSE,FALSE,0,FALSE,FALSE,FALSE,FALSE,FALSE,0,0,FALSE,2026-09-15T16:13:25.309663Z
7028,2026_01_NYJ_TEN,2026,1,1154885,343,0,0,0,0,FALSE,FALSE,FALSE,FALSE,FALSE,FALSE,FALSE,FALSE,FALSE,0,FALSE,FALSE,FALSE,FALSE,FALSE,0,0,FALSE,2026-09-15T16:13:25.309663Z
7028,2026_01_NYJ_TEN,2026,1,1154886,367,R,U,2,7,FALSE,TRUE,FALSE,FALSE,FALSE,FALSE,FALSE,FALSE,FALSE,0,FALSE,FALSE,FALSE,FALSE,FALSE,0,0,FALSE,2026-09-15T16:13:25.309663Z
7028,2026_01_NYJ_TEN,2026,1,1154887,389,R,P,2,7,FALSE,TRUE,FALSE,FALSE,FALSE,FALSE,FALSE,FALSE,FALSE,0,FALSE,FALSE,FALSE,FALSE,FALSE,0,0,FALSE,2026-09-15T16:13:25.309663Z
7028,2026_01_NYJ_TEN,2026,1,1154888,411,R,S,0,6,FALSE,TRUE,FALSE,FALSE,FALSE,FALSE,TRUE,FALSE,FALSE,SD,FALSE,FALSE,FALSE,FALSE,FALSE,0,5,FALSE,2026-09-15T16:13:25.309663Z
7028,2026_01_NYJ_TEN,2026,1,1154889,438,R,S,2,7,FALSE,TRUE,TRUE,FALSE,FALSE,FALSE,FALSE,FALSE,FALSE,CHK,TRUE,FALSE,FALSE,FALSE,FALSE,0,4,FALSE,2026-09-15T16:13:25.309663Z
7028,2026_01_NYJ_TEN,2026,1,1154890,468,L,S,2,6,FALSE,TRUE,FALSE,TRUE,TRUE,FALSE,FALSE,FALSE,FALSE,DES,FALSE,FALSE,FALSE,FALSE,FALSE,0,4,FALSE,2026-09-15T16:13:25.309663Z
7028,2026_01_NYJ_TEN,2026,1,1154891,491,L,S,1,6,FALSE,TRUE,FALSE,FALSE,FALSE,FALSE,TRUE,FALSE,FALSE,SD,FALSE,FALSE,FALSE,FALSE,FALSE,0,4,FALSE,2026-09-15T16:13:25.309663Z
7028,2026_01_NYJ_TEN,2026,1,1154892,513,L,S,1,7,FALSE,FALSE,FALSE,FALSE,FALSE,FALSE,FALSE,FALSE,FALSE,0,FALSE,FALSE,FALSE,FALSE,FALSE,0,0,FALSE,2026-09-15T16:13:25.309663Z
7028,2026_01_NYJ_TEN,2026,1,1154893,549,R,S,0,6,TRUE,FALSE,FALSE,FALSE,FALSE,FALSE,FALSE,FALSE,TRUE,0,FALSE,FALSE,FALSE,FALSE,FALSE,1,5,FALSE,2026-09-15T16:13:25.309663Z
7028,2026_01_NYJ_TEN,2026,1,1154894,583,R,S,1,6,FALSE,TRUE,FALSE,FALSE,FALSE,FALSE,FALSE,FALSE,FALSE,1,TRUE,FALSE,FALSE,FALSE,FALSE,0,4,FALSE,2026-09-15T16:13:25.309663Z
7028,2026_01_NYJ_TEN,2026,1,1154895,613,0,0,0,0,FALSE,FALSE,FALSE,FALSE,FALSE,FALSE,FALSE,FALSE,FALSE,0,FALSE,FALSE,FALSE,FALSE,FALSE,0,0,FALSE,2026-09-15T16:13:25.309663Z
7028,2026_01_NYJ_TEN,2026,1,1154896,637,L,U,2,8,FALSE,FALSE,TRUE,FALSE,FALSE,FALSE,FALSE,FALSE,FALSE,0,FALSE,FALSE,FALSE,FALSE,FALSE,0,5,TRUE,2026-09-15T16:13:25.309663Z
7028,2026_01_NYJ_TEN,2026,1,1154897,666,L,S,2,7,FALSE,TRUE,TRUE,FALSE,FALSE,FALSE,FALSE,FALSE,FALSE,1,FALSE,TRUE,FALSE,FALSE,FALSE,1,5,FALSE,2026-09-15T16:13:25.309663Z
7028,2026_01_NYJ_TEN,2026,1,1154898,694,L,S,1,6,FALSE,TRUE,FALSE,FALSE,FALSE,FALSE,FALSE,FALSE,FALSE,2,TRUE,FALSE,FALSE,FALSE,FALSE,2,4,FALSE,2026-09-15T16:13:25.309663Z
7028,2026_01_NYJ_TEN,2026,1,1154899,737,0,0,0,0,FALSE,FALSE,FALSE,FALSE,FALSE,FALSE,FALSE,FALSE,FALSE,0,FALSE,FALSE,FALSE,FALSE,FALSE,0,0,FALSE,2026-09-15T16:13:25.309663Z
7028,2026_01_NYJ_TEN,2026,1,1154900,757,0,0,0,0,FALSE,FALSE,FALSE,FALSE,FALSE,FALSE,FALSE,FALSE,FALSE,0,FALSE,FALSE,FALSE,FALSE,FALSE,0,0,FALSE,2026-09-15T16:13:25.309663Z
7028,2026_01_NYJ_TEN,2026,1,1154901,790,L,U,1,7,FALSE,TRUE,TRUE,FALSE,FALSE,FALSE,FALSE,FALSE,FALSE,2,TRUE,FALSE,FALSE,TRUE,FALSE,0,4,FALSE,2026-09-15T16:13:25.309663Z
7028,2026_01_NYJ_TEN,2026,1,1154902,886,L,S,1,6,FALSE,TRUE,FALSE,FALSE,FALSE,FALSE,FALSE,FALSE,FALSE,2,TRUE,TRUE,FALSE,FALSE,FALSE,1,5,FALSE,2026-09-15T16:13:25.309663Z
7028,2026_01_NYJ_TEN,2026,1,1154903,918,R,S,1,6,FALSE,TRUE,FALSE,FALSE,FALSE,FALSE,FALSE,FALSE,FALSE,0,FALSE,FALSE,FALSE,FALSE,FALSE,0,0,FALSE,2026-09-15T16:13:25.309663Z
7028,2026_01_NYJ_TEN,2026,1,1154904,945,0,0,0,0,FALSE,FALSE,FALSE,FALSE,FALSE,FALSE,FALSE,FALSE,FALSE,0,FALSE,FALSE,FALSE,FALSE,FALSE,0,0,FALSE,2026-09-15T16:13:25.309663Z
7028,2026_01_NYJ_TEN,2026,1,1154905,974,L,U,1,7,FALSE,FALSE,FALSE,FALSE,FALSE,FALSE,FALSE,FALSE,FALSE,0,FALSE,FALSE,FALSE,FALSE,FALSE,0,0,FALSE,2026-09-15T16:13:25.309663Z
7028,2026_01_NYJ_TEN,2026,1,1154906,1006,R,S,2,6,FALSE,TRUE,TRUE,FALSE,FALSE,FALSE,TRUE,FALSE,TRUE,0,FALSE,FALSE,FALSE,FALSE,FALSE,0,4,FALSE,2026-09-15T16:13:25.309663Z
7028,2026_01_NYJ_TEN,2026,1,1154907,1029,R,S,1,6,FALSE,TRUE,FALSE,FALSE,FALSE,FALSE,FALSE,FALSE,FALSE,SD,TRUE,TRUE,FALSE,FALSE,FALSE,2,5,FALSE,2026-09-15T16:13:25.309663Z
7028,2026_01_NYJ_TEN,2026,1,1154908,1054,0,0,0,0,FALSE,FALSE,FALSE,FALSE,FALSE,FALSE,FALSE,FALSE,FALSE,0,FALSE,FALSE,FALSE,FALSE,FALSE,0,0,FALSE,2026-09-15T16:13:25.309663Z
7028,2026_01_NYJ_TEN,2026,1,1154909,1074,R,U,2,7,FALSE,TRUE,FALSE,FALSE,FALSE,FALSE,FALSE,FALSE,FALSE,0,FALSE,FALSE,FALSE,FALSE,FALSE,0,0,FALSE,2026-09-15T16:13:25.309663Z
7028,2026_01_NYJ_TEN,2026,1,1154910,1096,R,U,2,6,FALSE,TRUE,FALSE,FALSE,FALSE,FALSE,FALSE,FALSE,FALSE,0,FALSE,FALSE,FALSE,FALSE,FALSE,0,0,FALSE,2026-09-15T16:13:25.309663Z
7028,2026_01_NYJ_TEN,2026,1,1154911,1118,L,S,1,6,FALSE,TRUE,FALSE,FALSE,FALSE,FALSE,FALSE,FALSE,FALSE,0,FALSE,FALSE,FALSE,FALSE,FALSE,0,0,FALSE,2026-09-15T16:13:25.309663Z
7028,2026_01_NYJ_TEN,2026,1,1154912,1160,L,U,1,7,FALSE,TRUE,FALSE,FALSE,FALSE,FALSE,FALSE,FALSE,FALSE,0,FALSE,FALSE,FALSE,FALSE,FALSE,0,0,FALSE,2026-09-15T16:13:25.309663Z
7028,2026_01_NYJ_TEN,2026,1,1154913,1182,R,U,2,8,FALSE,TRUE,FALSE,FALSE,FALSE,FALSE,FALSE,FALSE,FALSE,0,FALSE,FALSE,FALSE,FALSE,FALSE,0,0,FALSE,2026-09-15T16:13:25.309663Z
7028,2026_01_NYJ_TEN,2026,1,1154914,1204,R,S,1,6,FALSE,TRUE,FALSE,FALSE,FALSE,FALSE,FALSE,FALSE,FALSE,0,FALSE,FALSE,FALSE,FALSE,FALSE,0,0,FALSE,2026-09-15T16:13:25.309663Z
7028,2026_01_NYJ_TEN,2026,1,1154915,1226,R,U,2,7,FALSE,TRUE,FALSE,FALSE,FALSE,FALSE,FALSE,FALSE,FALSE,0,FALSE,FALSE,FALSE,FALSE,FALSE,0,0,FALSE,2026-09-15T16:13:25.309663Z
7028,2026_01_NYJ_TEN,2026,1,1154916,1248,R,U,1,6,FALSE,TRUE,FALSE,FALSE,FALSE,FALSE,FALSE,FALSE,FALSE,0,FALSE,FALSE,FALSE,FALSE,FALSE,0,0,FALSE,2026-09-15T16:13:25.309663Z
7028,2026_01_NYJ_TEN,2026,1,1154917,1270,M,S,1,6,FALSE,TRUE,FALSE,FALSE,FALSE,FALSE,FALSE,FALSE,FALSE,0,FALSE,FALSE,FALSE,FALSE,FALSE,0,0,FALSE,2026-09-15T16:13:25.309663Z
7028,2026_01_NYJ_TEN,2026,1,1154918,1292,R,S,1,7,FALSE,FALSE,FALSE,FALSE,FALSE,FALSE,TRUE,FALSE,FALSE,SD,FALSE,FALSE,FALSE,FALSE,FALSE,0,4,FALSE,2026-09-15T16:13:25.309663Z
7028,2026_01_NYJ_TEN,2026,1,1154919,1331,0,0,0,0,FALSE,FALSE,FALSE,FALSE,FALSE,FALSE,FALSE,FALSE,FALSE,0,FALSE,FALSE,FALSE,FALSE,FALSE,0,0,FALSE,2026-09-15T16:13:25.309663Z
7028,2026_01_NYJ_TEN,2026,1,1154920,1319,L,S,0,6,FALSE,TRUE,FALSE,FALSE,FALSE,FALSE,FALSE,FALSE,FALSE,1,TRUE,TRUE,FALSE,FALSE,FALSE,1,4,FALSE,2026-09-15T16:13:25.309663Z
7028,2026_01_NYJ_TEN,2026,1,1154921,1351,L,U,1,7,FALSE,FALSE,TRUE,FALSE,FALSE,FALSE,FALSE,FALSE,FALSE,1,TRUE,FALSE,FALSE,FALSE,FALSE,0,4,FALSE,2026-09-15T16:13:25.309663Z
7028,2026_01_NYJ_TEN,2026,1,1154922,1376,L,U,1,7,FALSE,FALSE,FALSE,FALSE,FALSE,FALSE,FALSE,FALSE,FALSE,0,FALSE,FALSE,FALSE,FALSE,FALSE,0,0,FALSE,2026-09-15T16:13:25.309663Z
7028,2026_01_NYJ_TEN,2026,1,1154923,1398,L,U,3,7,FALSE,FALSE,FALSE,FALSE,FALSE,FALSE,FALSE,FALSE,FALSE,0,FALSE,FALSE,FALSE,FALSE,FALSE,0,0,FALSE,2026-09-15T16:13:25.309663Z
7028,2026_01_NYJ_TEN,2026,1,1154924,1420,R,U,1,7,FALSE,TRUE,FALSE,FALSE,FALSE,FALSE,FALSE,FALSE,FALSE,0,FALSE,FALSE,FALSE,FALSE,FALSE,0,0,FALSE,2026-09-15T16:13:25.309663Z
7028,2026_01_NYJ_TEN,2026,1,1154925,1442,L,U,1,7,FALSE,TRUE,FALSE,FALSE,FALSE,FALSE,FALSE,FALSE,FALSE,0,FALSE,FALSE,FALSE,FALSE,FALSE,0,0,FALSE,2026-09-15T16:13:25.309663Z
7028,2026_01_NYJ_TEN,2026,1,1154926,1464,L,U,1,6,FALSE,TRUE,FALSE,FALSE,FALSE,FALSE,FALSE,FALSE,FALSE,0,FALSE,FALSE,FALSE,FALSE,FALSE,0,0,FALSE,2026-09-15T16:13:25.309663Z
7028,2026_01_NYJ_TEN,2026,1,1154927,1486,0,0,0,0,FALSE,FALSE,FALSE,FALSE,FALSE,FALSE,FALSE,FALSE,FALSE,0,FALSE,FALSE,FALSE,FALSE,FALSE,0,0,FALSE,2026-09-15T16:13:25.309663Z
7028,2026_01_NYJ_TEN,2026,1,1154928,1510,L,S,1,7,FALSE,FALSE,FALSE,FALSE,FALSE,FALSE,FALSE,FALSE,FALSE,2,TRUE,TRUE,FALSE,FALSE,FALSE,2,6,FALSE,2026-09-15T16:13:25.309663Z
7028,2026_01_NYJ_TEN,2026,1,1154929,1533,0,0,0,0,FALSE,FALSE,FALSE,FALSE,FALSE,FALSE,FALSE,FALSE,FALSE,0,FALSE,FALSE,FALSE,FALSE,FALSE,0,0,FALSE,2026-09-15T16:13:25.309663Z
7028,2026_01_NYJ_TEN,2026,1,1154930,1553,0,0,0,0,FALSE,FALSE,FALSE,FALSE,FALSE,FALSE,FALSE,FALSE,FALSE,0,FALSE,FALSE,FALSE,FALSE,FALSE,0,0,FALSE,2026-09-15T16:13:25.309663Z
7028,2026_01_NYJ_TEN,2026,1,1154931,1599,R,U,1,7,FALSE,TRUE,FALSE,FALSE,FALSE,FALSE,FALSE,FALSE,FALSE,0,FALSE,FALSE,FALSE,FALSE,FALSE,0,0,FALSE,2026-09-15T16:13:25.309663Z
7028,2026_01_NYJ_TEN,2026,1,1154932,1621,M,U,1,7,FALSE,TRUE,TRUE,TRUE,FALSE,FALSE,FALSE,FALSE,FALSE,DES,TRUE,FALSE,FALSE,FALSE,FALSE,0,4,FALSE,2026-09-15T16:13:25.309663Z
7028,2026_01_NYJ_TEN,2026,1,1154933,1649,R,S,1,6,FALSE,FALSE,FALSE,FALSE,FALSE,FALSE,FALSE,FALSE,FALSE,1,TRUE,FALSE,FALSE,FALSE,FALSE,0,4,FALSE,2026-09-15T16:13:25.309663Z
7028,2026_01_NYJ_TEN,2026,1,1154934,1674,0,0,0,0,FALSE,FALSE,FALSE,FALSE,FALSE,FALSE,FALSE,FALSE,FALSE,0,FALSE,FALSE,FALSE,FALSE,FALSE,0,0,FALSE,2026-09-15T16:13:25.309663Z
7028,2026_01_NYJ_TEN,2026,1,1154935,1695,R,U,1,6,FALSE,FALSE,FALSE,FALSE,FALSE,FALSE,FALSE,FALSE,FALSE,0,FALSE,FALSE,FALSE,FALSE,FALSE,0,0,FALSE,2026-09-15T16:13:25.309663Z
7028,2026_01_NYJ_TEN,2026,1,1154936,1724,R,S,1,6,FALSE,TRUE,FALSE,FALSE,FALSE,FALSE,FALSE,FALSE,FALSE,1,TRUE,FALSE,FALSE,FALSE,FALSE,0,4,FALSE,2026-09-15T16:13:25.309663Z
7028,2026_01_NYJ_TEN,2026,1,1154937,1766,R,S,1,6,FALSE,TRUE,FALSE,FALSE,FALSE,FALSE,FALSE,FALSE,FALSE,1,FALSE,FALSE,FALSE,FALSE,FALSE,0,4,FALSE,2026-09-15T16:13:25.309663Z
7028,2026_01_NYJ_TEN,2026,1,1154938,1789,0,0,0,0,FALSE,FALSE,FALSE,FALSE,FALSE,FALSE,FALSE,FALSE,FALSE,0,FALSE,FALSE,FALSE,FALSE,FALSE,0,0,FALSE,2026-09-15T16:13:25.309663Z
7028,2026_01_NYJ_TEN,2026,1,1154939,1807,R,S,1,6,FALSE,FALSE,FALSE,FALSE,FALSE,FALSE,FALSE,FALSE,FALSE,1,TRUE,FALSE,FALSE,FALSE,FALSE,0,4,FALSE,2026-09-15T16:13:25.309663Z
7028,2026_01_NYJ_TEN,2026,1,1154940,1837,M,S,1,6,TRUE,FALSE,FALSE,FALSE,FALSE,FALSE,FALSE,FALSE,FALSE,2,TRUE,FALSE,TRUE,FALSE,FALSE,0,4,FALSE,2026-09-15T16:13:25.309663Z
7028,2026_01_NYJ_TEN,2026,1,1154941,1874,0,0,0,0,FALSE,FALSE,FALSE,FALSE,FALSE,FALSE,FALSE,FALSE,FALSE,0,FALSE,FALSE,FALSE,FALSE,FALSE,0,0,FALSE,2026-09-15T16:13:25.309663Z
7028,2026_01_NYJ_TEN,2026,1,1154942,1862,L,S,1,7,FALSE,TRUE,FALSE,FALSE,FALSE,FALSE,TRUE,FALSE,TRUE,0,FALSE,FALSE,FALSE,FALSE,FALSE,0,4,FALSE,2026-09-15T16:13:25.309663Z
7028,2026_01_NYJ_TEN,2026,1,1154943,1892,L,S,1,6,FALSE,FALSE,FALSE,FALSE,FALSE,FALSE,FALSE,FALSE,FALSE,1,TRUE,TRUE,TRUE,FALSE,FALSE,0,4,FALSE,2026-09-15T16:13:25.309663Z
7028,2026_01_NYJ_TEN,2026,1,1154944,1979,0,0,0,0,FALSE,FALSE,FALSE,FALSE,FALSE,FALSE,FALSE,FALSE,FALSE,0,FALSE,FALSE,FALSE,FALSE,FALSE,0,0,FALSE,2026-09-15T16:13:25.309663Z
7028,2026_01_NYJ_TEN,2026,1,1154945,1922,R,S,1,6,FALSE,FALSE,FALSE,FALSE,FALSE,FALSE,FALSE,FALSE,FALSE,2,TRUE,FALSE,FALSE,FALSE,FALSE,0,4,FALSE,2026-09-15T16:13:25.309663Z
7028,2026_01_NYJ_TEN,2026,1,1154946,1999,0,0,0,0,TRUE,FALSE,FALSE,FALSE,FALSE,FALSE,FALSE,FALSE,FALSE,0,FALSE,FALSE,FALSE,FALSE,FALSE,0,0,FALSE,2026-09-15T16:13:25.309663Z
7028,2026_01_NYJ_TEN,2026,1,1154947,2045,0,0,0,0,FALSE,FALSE,FALSE,FALSE,FALSE,FALSE,FALSE,FALSE,FALSE,0,FALSE,FALSE,FALSE,FALSE,FALSE,0,0,FALSE,2026-09-15T16:13:25.309663Z
7028,2026_01_NYJ_TEN,2026,1,1154948,2071,L,S,1,6,FALSE,FALSE,FALSE,FALSE,FALSE,FALSE,FALSE,FALSE,FALSE,1,TRUE,FALSE,FALSE,FALSE,FALSE,1,4,FALSE,2026-09-15T16:13:25.309663Z
7028,2026_01_NYJ_TEN,2026,1,1154949,2111,R,S,1,6,TRUE,FALSE,FALSE,FALSE,FALSE,FALSE,TRUE,FALSE,FALSE,SD,TRUE,FALSE,FALSE,FALSE,FALSE,1,4,FALSE,2026-09-15T16:13:25.309663Z
7028,2026_01_NYJ_TEN,2026,1,1154950,2136,R,S,1,6,TRUE,FALSE,FALSE,FALSE,FALSE,FALSE,FALSE,FALSE,FALSE,1,TRUE,FALSE,FALSE,FALSE,FALSE,0,4,FALSE,2026-09-15T16:13:25.309663Z
7028,2026_01_NYJ_TEN,2026,1,1154951,2166,R,S,1,6,TRUE,FALSE,FALSE,FALSE,FALSE,FALSE,FALSE,FALSE,FALSE,CHK,TRUE,FALSE,FALSE,FALSE,FALSE,1,4,FALSE,2026-09-15T16:13:25.309663Z
7028,2026_01_NYJ_TEN,2026,1,1154952,2191,R,S,1,6,FALSE,FALSE,FALSE,FALSE,FALSE,FALSE,FALSE,FALSE,FALSE,1,TRUE,TRUE,FALSE,FALSE,FALSE,1,4,FALSE,2026-09-15T16:13:25.309663Z
7028,2026_01_NYJ_TEN,2026,1,1154953,2214,0,0,0,0,FALSE,FALSE,FALSE,FALSE,FALSE,FALSE,FALSE,FALSE,FALSE,0,FALSE,FALSE,FALSE,FALSE,FALSE,0,0,FALSE,2026-09-15T16:13:25.309663Z
7028,2026_01_NYJ_TEN,2026,1,1154954,2232,L,U,1,8,FALSE,TRUE,TRUE,FALSE,FALSE,FALSE,FALSE,FALSE,FALSE,1,TRUE,FALSE,FALSE,FALSE,FALSE,0,5,FALSE,2026-09-15T16:13:25.309663Z
7028,2026_01_NYJ_TEN,2026,1,1154955,2264,R,S,1,7,FALSE,FALSE,TRUE,FALSE,FALSE,FALSE,FALSE,FALSE,FALSE,2,TRUE,FALSE,FALSE,FALSE,FALSE,0,4,FALSE,2026-09-15T16:13:25.309663Z
7028,2026_01_NYJ_TEN,2026,1,1154956,2294,R,S,1,6,FALSE,TRUE,FALSE,FALSE,FALSE,FALSE,FALSE,FALSE,FALSE,0,FALSE,FALSE,FALSE,FALSE,FALSE,0,0,FALSE,2026-09-15T16:13:25.309663Z
7028,2026_01_NYJ_TEN,2026,1,1154957,2327,R,S,1,6,FALSE,FALSE,FALSE,FALSE,FALSE,FALSE,FALSE,FALSE,FALSE,1,TRUE,FALSE,FALSE,FALSE,FALSE,1,5,FALSE,2026-09-15T16:13:25.309663Z
7028,2026_01_NYJ_TEN,2026,1,1154958,2352,R,S,1,6,FALSE,TRUE,FALSE,FALSE,FALSE,FALSE,TRUE,FALSE,FALSE,SD,FALSE,FALSE,FALSE,FALSE,FALSE,0,4,FALSE,2026-09-15T16:13:25.309663Z
7028,2026_01_NYJ_TEN,2026,1,1154959,2374,R,U,1,9,FALSE,FALSE,FALSE,FALSE,FALSE,FALSE,FALSE,FALSE,FALSE,0,FALSE,FALSE,FALSE,FALSE,FALSE,0,0,FALSE,2026-09-15T16:13:25.309663Z
7028,2026_01_NYJ_TEN,2026,1,1154960,2408,0,0,0,0,FALSE,FALSE,FALSE,FALSE,FALSE,FALSE,FALSE,FALSE,FALSE,0,FALSE,FALSE,FALSE,FALSE,FALSE,0,0,FALSE,2026-09-15T16:13:25.309663Z
7028,2026_01_NYJ_TEN,2026,1,1154961,2423,0,0,0,0,FALSE,FALSE,FALSE,FALSE,FALSE,FALSE,FALSE,FALSE,FALSE,0,FALSE,FALSE,FALSE,FALSE,FALSE,0,0,FALSE,2026-09-15T16:13:25.309663Z
7028,2026_01_NYJ_TEN,2026,1,1154962,2463,R,U,1,6,FALSE,TRUE,TRUE,FALSE,FALSE,FALSE,TRUE,FALSE,TRUE,0,FALSE,FALSE,FALSE,FALSE,FALSE,2,6,FALSE,2026-09-15T16:13:25.309663Z
7028,2026_01_NYJ_TEN,2026,1,1154963,2486,R,S,0,5,FALSE,TRUE,FALSE,FALSE,FALSE,FALSE,TRUE,FALSE,FALSE,SD,FALSE,FALSE,FALSE,FALSE,FALSE,2,6,FALSE,2026-09-15T16:13:25.309663Z
7028,2026_01_NYJ_TEN,2026,1,1154964,2516,R,S,0,5,FALSE,TRUE,FALSE,FALSE,FALSE,FALSE,FALSE,FALSE,FALSE,2,TRUE,FALSE,FALSE,TRUE,FALSE,0,4,FALSE,2026-09-15T16:13:25.309663Z
7028,2026_01_NYJ_TEN,2026,1,1154965,2539,0,0,0,0,FALSE,FALSE,FALSE,FALSE,FALSE,FALSE,FALSE,FALSE,FALSE,0,FALSE,FALSE,FALSE,FALSE,FALSE,0,0,FALSE,2026-09-15T16:13:25.309663Z
7028,2026_01_NYJ_TEN,2026,1,1154966,2565,R,U,1,8,FALSE,FALSE,FALSE,FALSE,FALSE,FALSE,FALSE,FALSE,FALSE,0,FALSE,FALSE,FALSE,FALSE,FALSE,0,0,FALSE,2026-09-15T16:13:25.309663Z
7028,2026_01_NYJ_TEN,2026,1,1154967,2599,L,U,1,7,FALSE,TRUE,FALSE,FALSE,FALSE,FALSE,FALSE,FALSE,FALSE,0,FALSE,FALSE,FALSE,FALSE,FALSE,0,0,FALSE,2026-09-15T16:13:25.309663Z
7028,2026_01_NYJ_TEN,2026,1,1154968,2621,L,U,1,7,FALSE,FALSE,TRUE,FALSE,FALSE,FALSE,FALSE,FALSE,FALSE,1,TRUE,FALSE,FALSE,FALSE,FALSE,1,5,FALSE,2026-09-15T16:13:25.309663Z
7028,2026_01_NYJ_TEN,2026,1,1154969,2651,L,S,1,6,FALSE,FALSE,FALSE,TRUE,TRUE,FALSE,FALSE,FALSE,FALSE,DES,TRUE,FALSE,FALSE,FALSE,FALSE,0,4,FALSE,2026-09-15T16:13:25.309663Z
7028,2026_01_NYJ_TEN,2026,1,1154970,2687,L,S,0,5,FALSE,FALSE,FALSE,FALSE,FALSE,FALSE,FALSE,FALSE,FALSE,1,TRUE,FALSE,FALSE,TRUE,FALSE,0,4,FALSE,2026-09-15T16:13:25.309663Z
7028,2026_01_NYJ_TEN,2026,1,1154971,2710,L,S,0,6,FALSE,TRUE,FALSE,FALSE,FALSE,FALSE,FALSE,FALSE,FALSE,1,TRUE,FALSE,FALSE,FALSE,FALSE,0,4,FALSE,2026-09-15T16:13:25.309663Z
7028,2026_01_NYJ_TEN,2026,1,1154972,2735,R,S,1,6,FALSE,TRUE,FALSE,FALSE,FALSE,FALSE,FALSE,FALSE,FALSE,1,TRUE,FALSE,FALSE,FALSE,FALSE,1,5,FALSE,2026-09-15T16:13:25.309663Z
7028,2026_01_NYJ_TEN,2026,1,1154973,2770,L,U,1,6,FALSE,TRUE,FALSE,FALSE,FALSE,FALSE,FALSE,FALSE,FALSE,0,FALSE,FALSE,FALSE,FALSE,FALSE,0,0,FALSE,2026-09-15T16:13:25.309663Z
7028,2026_01_NYJ_TEN,2026,1,1154974,2804,0,0,0,0,FALSE,FALSE,FALSE,FALSE,FALSE,FALSE,FALSE,FALSE,FALSE,0,FALSE,FALSE,FALSE,FALSE,FALSE,0,0,FALSE,2026-09-15T16:13:25.309663Z
7028,2026_01_NYJ_TEN,2026,1,1154975,2824,0,0,0,0,FALSE,FALSE,FALSE,FALSE,FALSE,FALSE,FALSE,FALSE,FALSE,0,FALSE,FALSE,FALSE,FALSE,FALSE,0,0,FALSE,2026-09-15T16:13:25.309663Z
7028,2026_01_NYJ_TEN,2026,1,1154976,2859,L,U,2,7,FALSE,TRUE,FALSE,FALSE,FALSE,FALSE,FALSE,FALSE,FALSE,0,FALSE,FALSE,FALSE,FALSE,FALSE,0,0,FALSE,2026-09-15T16:13:25.309663Z
7028,2026_01_NYJ_TEN,2026,1,1154977,2881,M,U,1,8,FALSE,TRUE,TRUE,FALSE,FALSE,FALSE,TRUE,FALSE,TRUE,0,FALSE,FALSE,FALSE,FALSE,FALSE,0,5,FALSE,2026-09-15T16:13:25.309663Z
7028,2026_01_NYJ_TEN,2026,1,1154978,2904,M,S,1,6,FALSE,TRUE,FALSE,FALSE,FALSE,FALSE,FALSE,FALSE,FALSE,1,TRUE,FALSE,FALSE,FALSE,FALSE,0,4,FALSE,2026-09-15T16:13:25.309663Z
7028,2026_01_NYJ_TEN,2026,1,1154979,2929,L,S,1,7,FALSE,FALSE,FALSE,FALSE,FALSE,FALSE,FALSE,FALSE,FALSE,0,FALSE,FALSE,FALSE,FALSE,FALSE,0,0,FALSE,2026-09-15T16:13:25.309663Z
7028,2026_01_NYJ_TEN,2026,1,1154980,2956,L,0,1,5,FALSE,FALSE,FALSE,FALSE,FALSE,FALSE,FALSE,FALSE,FALSE,0,FALSE,FALSE,FALSE,FALSE,FALSE,0,0,FALSE,2026-09-15T16:13:25.309663Z
7028,2026_01_NYJ_TEN,2026,1,1154981,2990,0,0,0,0,FALSE,FALSE,FALSE,FALSE,FALSE,FALSE,FALSE,FALSE,FALSE,0,FALSE,FALSE,FALSE,FALSE,FALSE,0,0,FALSE,2026-09-15T16:13:25.309663Z
7028,2026_01_NYJ_TEN,2026,1,1154982,2978,R,S,1,6,FALSE,TRUE,FALSE,TRUE,FALSE,FALSE,FALSE,FALSE,FALSE,DES,TRUE,FALSE,FALSE,FALSE,FALSE,0,4,FALSE,2026-09-15T16:13:25.309663Z
7028,2026_01_NYJ_TEN,2026,1,1154983,3008,R,S,1,6,FALSE,TRUE,FALSE,FALSE,FALSE,FALSE,TRUE,FALSE,FALSE,0,FALSE,FALSE,FALSE,FALSE,FALSE,0,4,TRUE,2026-09-15T16:13:25.309663Z
7028,2026_01_NYJ_TEN,2026,1,1154984,3028,0,0,0,0,FALSE,FALSE,FALSE,FALSE,FALSE,FALSE,FALSE,FALSE,FALSE,0,FALSE,FALSE,FALSE,FALSE,FALSE,0,0,FALSE,2026-09-15T16:13:25.309663Z
7028,2026_01_NYJ_TEN,2026,1,1154985,3046,L,U,1,7,FALSE,TRUE,TRUE,FALSE,FALSE,FALSE,FALSE,FALSE,FALSE,1,TRUE,FALSE,FALSE,FALSE,FALSE,0,4,FALSE,2026-09-15T16:13:25.309663Z
7028,2026_01_NYJ_TEN,2026,1,1154986,3071,R,U,2,7,FALSE,TRUE,FALSE,FALSE,FALSE,FALSE,FALSE,FALSE,FALSE,0,FALSE,FALSE,FALSE,FALSE,FALSE,0,0,FALSE,2026-09-15T16:13:25.309663Z
7028,2026_01_NYJ_TEN,2026,1,1154987,3113,M,S,1,8,FALSE,FALSE,FALSE,FALSE,FALSE,FALSE,FALSE,FALSE,FALSE,0,FALSE,FALSE,FALSE,FALSE,FALSE,0,0,FALSE,2026-09-15T16:13:25.309663Z
7028,2026_01_NYJ_TEN,2026,1,1154988,3135,0,0,0,0,FALSE,FALSE,FALSE,FALSE,FALSE,FALSE,FALSE,FALSE,FALSE,0,FALSE,FALSE,FALSE,FALSE,FALSE,0,0,FALSE,2026-09-15T16:13:25.309663Z
7028,2026_01_NYJ_TEN,2026,1,1154989,3161,L,S,1,6,FALSE,FALSE,FALSE,FALSE,FALSE,FALSE,FALSE,FALSE,FALSE,0,FALSE,FALSE,FALSE,FALSE,FALSE,0,0,FALSE,2026-09-15T16:13:25.309663Z
7028,2026_01_NYJ_TEN,2026,1,1154990,3183,0,0,0,0,TRUE,FALSE,FALSE,FALSE,FALSE,FALSE,FALSE,FALSE,FALSE,0,FALSE,FALSE,FALSE,FALSE,FALSE,0,0,FALSE,2026-09-15T16:13:25.309663Z
7028,2026_01_NYJ_TEN,2026,1,1154991,3207,L,S,1,6,FALSE,FALSE,FALSE,FALSE,FALSE,FALSE,TRUE,FALSE,FALSE,0,FALSE,FALSE,FALSE,FALSE,FALSE,0,4,FALSE,2026-09-15T16:13:25.309663Z
7028,2026_01_NYJ_TEN,2026,1,1154992,3227,L,S,2,8,FALSE,FALSE,FALSE,FALSE,FALSE,FALSE,FALSE,FALSE,FALSE,CHK,TRUE,FALSE,FALSE,FALSE,FALSE,1,5,FALSE,2026-09-15T16:13:25.309663Z
7028,2026_01_NYJ_TEN,2026,1,1154993,3252,0,0,0,0,FALSE,FALSE,FALSE,FALSE,FALSE,FALSE,FALSE,FALSE,FALSE,0,FALSE,FALSE,FALSE,FALSE,FALSE,0,0,FALSE,2026-09-15T16:13:25.309663Z
7028,2026_01_NYJ_TEN,2026,1,1154994,3271,L,U,2,6,FALSE,TRUE,FALSE,FALSE,FALSE,FALSE,FALSE,FALSE,FALSE,0,FALSE,FALSE,FALSE,FALSE,FALSE,0,0,FALSE,2026-09-15T16:13:25.309663Z
7028,2026_01_NYJ_TEN,2026,1,1154995,3300,R,U,1,7,FALSE,TRUE,FALSE,FALSE,FALSE,FALSE,FALSE,FALSE,FALSE,0,FALSE,FALSE,FALSE,FALSE,FALSE,0,0,FALSE,2026-09-15T16:13:25.309663Z
7028,2026_01_NYJ_TEN,2026,1,1154996,3322,R,S,1,7,FALSE,TRUE,FALSE,FALSE,FALSE,FALSE,FALSE,FALSE,FALSE,2,TRUE,FALSE,FALSE,FALSE,FALSE,0,4,FALSE,2026-09-15T16:13:25.309663Z
7028,2026_01_NYJ_TEN,2026,1,1154997,3347,0,0,0,0,FALSE,FALSE,FALSE,FALSE,FALSE,FALSE,FALSE,FALSE,FALSE,0,FALSE,FALSE,FALSE,FALSE,FALSE,0,0,FALSE,2026-09-15T16:13:25.309663Z
7028,2026_01_NYJ_TEN,2026,1,1154998,3371,0,0,0,0,FALSE,FALSE,FALSE,FALSE,FALSE,FALSE,FALSE,FALSE,FALSE,0,FALSE,FALSE,FALSE,FALSE,FALSE,0,0,FALSE,2026-09-15T16:13:25.309663Z
7028,2026_01_NYJ_TEN,2026,1,1154999,3391,L,S,1,5,FALSE,FALSE,FALSE,FALSE,FALSE,FALSE,TRUE,FALSE,FALSE,SD,FALSE,FALSE,FALSE,FALSE,FALSE,1,5,FALSE,2026-09-15T16:13:25.309663Z
7028,2026_01_NYJ_TEN,2026,1,1155000,3434,R,S,1,6,FALSE,FALSE,FALSE,FALSE,FALSE,FALSE,FALSE,FALSE,FALSE,1,TRUE,FALSE,FALSE,FALSE,FALSE,1,4,FALSE,2026-09-15T16:13:25.309663Z
7028,2026_01_NYJ_TEN,2026,1,1155001,3459,R,S,0,6,TRUE,TRUE,FALSE,FALSE,FALSE,FALSE,FALSE,FALSE,FALSE,1,TRUE,FALSE,FALSE,FALSE,FALSE,0,4,FALSE,2026-09-15T16:13:25.309663Z
7028,2026_01_NYJ_TEN,2026,1,1155002,3484,L,S,1,6,TRUE,FALSE,FALSE,FALSE,FALSE,FALSE,FALSE,FALSE,FALSE,1,FALSE,TRUE,FALSE,FALSE,FALSE,0,4,FALSE,2026-09-15T16:13:25.309663Z
7028,2026_01_NYJ_TEN,2026,1,1155003,3507,L,S,1,6,FALSE,FALSE,FALSE,FALSE,FALSE,FALSE,TRUE,FALSE,TRUE,0,FALSE,FALSE,FALSE,FALSE,FALSE,1,4,FALSE,2026-09-15T16:13:25.309663Z
7028,2026_01_NYJ_TEN,2026,1,1155004,3530,0,0,0,0,FALSE,FALSE,FALSE,FALSE,FALSE,FALSE,FALSE,FALSE,FALSE,0,FALSE,FALSE,FALSE,FALSE,FALSE,0,0,FALSE,2026-09-15T16:13:25.309663Z
7028,2026_01_NYJ_TEN,2026,1,1155005,3556,L,U,1,8,FALSE,FALSE,FALSE,FALSE,FALSE,FALSE,FALSE,FALSE,FALSE,0,FALSE,FALSE,FALSE,FALSE,FALSE,0,0,FALSE,2026-09-15T16:13:25.309663Z
7028,2026_01_NYJ_TEN,2026,1,1155006,3583,R,U,2,6,FALSE,TRUE,FALSE,FALSE,FALSE,FALSE,FALSE,FALSE,FALSE,0,FALSE,FALSE,FALSE,FALSE,FALSE,0,0,FALSE,2026-09-15T16:13:25.309663Z
7028,2026_01_NYJ_TEN,2026,1,1155007,3615,R,S,1,6,FALSE,FALSE,FALSE,FALSE,FALSE,FALSE,FALSE,FALSE,FALSE,0,FALSE,FALSE,FALSE,FALSE,FALSE,0,0,FALSE,2026-09-15T16:13:25.309663Z
7028,2026_01_NYJ_TEN,2026,1,1155008,3637,M,U,2,7,FALSE,FALSE,FALSE,FALSE,FALSE,FALSE,FALSE,FALSE,FALSE,0,FALSE,FALSE,FALSE,FALSE,FALSE,0,0,FALSE,2026-09-15T16:13:25.309663Z
7028,2026_01_NYJ_TEN,2026,1,1155009,3671,0,0,0,0,FALSE,FALSE,FALSE,FALSE,FALSE,FALSE,FALSE,FALSE,FALSE,0,FALSE,FALSE,FALSE,FALSE,FALSE,0,0,FALSE,2026-09-15T16:13:25.309663Z
7028,2026_01_NYJ_TEN,2026,1,1155010,3659,0,0,0,0,FALSE,FALSE,FALSE,FALSE,FALSE,FALSE,FALSE,FALSE,FALSE,0,FALSE,FALSE,FALSE,FALSE,FALSE,0,0,FALSE,2026-09-15T16:13:25.309663Z
7028,2026_01_NYJ_TEN,2026,1,1155011,3686,0,0,0,0,FALSE,FALSE,FALSE,FALSE,FALSE,FALSE,FALSE,FALSE,FALSE,0,FALSE,FALSE,FALSE,FALSE,FALSE,0,0,FALSE,2026-09-15T16:13:25.309663Z
7028,2026_01_NYJ_TEN,2026,1,1155012,3712,R,S,1,6,FALSE,TRUE,FALSE,TRUE,TRUE,FALSE,FALSE,FALSE,FALSE,DES,TRUE,FALSE,FALSE,FALSE,FALSE,0,4,FALSE,2026-09-15T16:13:25.309663Z
7028,2026_01_NYJ_TEN,2026,1,1155013,3737,L,S,1,6,TRUE,FALSE,FALSE,FALSE,TRUE,FALSE,FALSE,FALSE,FALSE,1,TRUE,FALSE,FALSE,FALSE,FALSE,1,5,FALSE,2026-09-15T16:13:25.309663Z
7028,2026_01_NYJ_TEN,2026,1,1155014,3762,L,S,1,6,TRUE,FALSE,FALSE,FALSE,FALSE,FALSE,FALSE,FALSE,FALSE,CHK,TRUE,FALSE,FALSE,FALSE,FALSE,0,4,FALSE,2026-09-15T16:13:25.309663Z
7028,2026_01_NYJ_TEN,2026,1,1155015,3787,R,S,1,6,TRUE,FALSE,FALSE,TRUE,FALSE,FALSE,FALSE,FALSE,FALSE,DES,TRUE,FALSE,FALSE,FALSE,FALSE,3,7,FALSE,2026-09-15T16:13:25.309663Z
7028,2026_01_NYJ_TEN,2026,1,1155016,3817,L,S,1,6,TRUE,FALSE,TRUE,FALSE,FALSE,FALSE,FALSE,FALSE,FALSE,CHK,TRUE,FALSE,FALSE,FALSE,FALSE,0,4,FALSE,2026-09-15T16:13:25.309663Z
7028,2026_01_NYJ_TEN,2026,1,1155017,3842,M,S,1,6,TRUE,FALSE,FALSE,FALSE,FALSE,FALSE,FALSE,FALSE,FALSE,0,FALSE,FALSE,FALSE,FALSE,FALSE,0,0,FALSE,2026-09-15T16:13:25.309663Z
7028,2026_01_NYJ_TEN,2026,1,1155018,3864,L,S,1,7,TRUE,FALSE,FALSE,FALSE,TRUE,FALSE,FALSE,FALSE,FALSE,1,FALSE,TRUE,FALSE,FALSE,FALSE,0,4,FALSE,2026-09-15T16:13:25.309663Z
7028,2026_01_NYJ_TEN,2026,1,1155019,3887,L,S,1,6,FALSE,TRUE,FALSE,FALSE,FALSE,FALSE,FALSE,FALSE,FALSE,2,FALSE,FALSE,FALSE,FALSE,FALSE,0,4,FALSE,2026-09-15T16:13:25.309663Z
7028,2026_01_NYJ_TEN,2026,1,1155020,3910,L,S,1,6,FALSE,TRUE,FALSE,FALSE,FALSE,FALSE,FALSE,FALSE,FALSE,1,TRUE,FALSE,FALSE,FALSE,FALSE,0,4,FALSE,2026-09-15T16:13:25.309663Z
7028,2026_01_NYJ_TEN,2026,1,1155021,3936,0,0,0,0,FALSE,FALSE,FALSE,FALSE,FALSE,FALSE,FALSE,FALSE,FALSE,0,FALSE,FALSE,FALSE,FALSE,FALSE,0,0,FALSE,2026-09-15T16:13:25.309663Z
7028,2026_01_NYJ_TEN,2026,1,1155022,3951,0,0,0,0,FALSE,FALSE,FALSE,FALSE,FALSE,FALSE,FALSE,FALSE,FALSE,0,FALSE,FALSE,FALSE,FALSE,FALSE,0,0,FALSE,2026-09-15T16:13:25.309663Z
7028,2026_01_NYJ_TEN,2026,1,1155023,3974,R,U,2,7,FALSE,TRUE,FALSE,FALSE,FALSE,FALSE,FALSE,FALSE,FALSE,0,FALSE,FALSE,FALSE,FALSE,FALSE,0,0,FALSE,2026-09-15T16:13:25.309663Z
7028,2026_01_NYJ_TEN,2026,1,1155024,4008,0,0,0,0,FALSE,FALSE,FALSE,FALSE,FALSE,FALSE,FALSE,FALSE,FALSE,0,FALSE,FALSE,FALSE,FALSE,FALSE,0,0,FALSE,2026-09-15T16:13:25.309663Z
7028,2026_01_NYJ_TEN,2026,1,1155025,3996,R,0,2,0,FALSE,TRUE,FALSE,FALSE,FALSE,FALSE,FALSE,FALSE,FALSE,0,FALSE,FALSE,FALSE,FALSE,FALSE,0,0,FALSE,2026-09-15T16:13:25.309663Z
7028,2026_01_NYJ_TEN,2026,1,1155026,4028,0,0,0,0,FALSE,FALSE,FALSE,FALSE,FALSE,FALSE,FALSE,FALSE,FALSE,0,FALSE,FALSE,FALSE,FALSE,FALSE,0,0,FALSE,2026-09-15T16:13:25.309663Z
7028,2026_01_NYJ_TEN,2026,1,1155027,4060,0,0,0,0,FALSE,FALSE,FALSE,FALSE,FALSE,FALSE,FALSE,FALSE,FALSE,0,FALSE,FALSE,FALSE,FALSE,FALSE,0,0,FALSE,2026-09-15T16:13:25.309663Z
7028,2026_01_NYJ_TEN,2026,1,1155028,4082,0,0,0,0,FALSE,FALSE,FALSE,FALSE,FALSE,FALSE,FALSE,FALSE,FALSE,0,FALSE,FALSE,FALSE,FALSE,FALSE,0,0,FALSE,2026-09-15T16:13:25.309663Z
7029,2026_01_ARI_LAC,2026,1,1155029,39,0,0,0,0,FALSE,FALSE,FALSE,FALSE,FALSE,FALSE,FALSE,FALSE,FALSE,0,FALSE,FALSE,FALSE,FALSE,FALSE,0,0,FALSE,2026-09-15T16:13:25.309663Z
7029,2026_01_ARI_LAC,2026,1,1155030,62,R,U,1,6,FALSE,TRUE,FALSE,FALSE,FALSE,FALSE,FALSE,FALSE,FALSE,1,TRUE,TRUE,FALSE,FALSE,FALSE,0,4,FALSE,2026-09-15T16:13:25.309663Z
7029,2026_01_ARI_LAC,2026,1,1155031,87,R,S,2,6,FALSE,TRUE,FALSE,FALSE,TRUE,FALSE,FALSE,FALSE,FALSE,0,FALSE,FALSE,FALSE,FALSE,FALSE,0,0,FALSE,2026-09-15T16:13:25.309663Z
7029,2026_01_ARI_LAC,2026,1,1155032,109,R,S,1,7,FALSE,FALSE,FALSE,FALSE,FALSE,FALSE,FALSE,FALSE,FALSE,1,TRUE,FALSE,FALSE,TRUE,FALSE,1,5,FALSE,2026-09-15T16:13:25.309663Z
7029,2026_01_ARI_LAC,2026,1,1155033,132,R,S,1,7,FALSE,FALSE,FALSE,FALSE,FALSE,FALSE,TRUE,FALSE,FALSE,SD,FALSE,FALSE,FALSE,FALSE,FALSE,1,5,FALSE,2026-09-15T16:13:25.309663Z
7029,2026_01_ARI_LAC,2026,1,1155034,154,L,U,1,7,FALSE,FALSE,TRUE,FALSE,FALSE,FALSE,FALSE,FALSE,FALSE,CHK,TRUE,FALSE,FALSE,FALSE,FALSE,0,4,FALSE,2026-09-15T16:13:25.309663Z
7029,2026_01_ARI_LAC,2026,1,1155035,181,M,U,1,6,FALSE,TRUE,FALSE,FALSE,FALSE,FALSE,FALSE,FALSE,FALSE,0,FALSE,FALSE,FALSE,FALSE,FALSE,0,0,FALSE,2026-09-15T16:13:25.309663Z
7029,2026_01_ARI_LAC,2026,1,1155036,203,L,U,1,7,FALSE,FALSE,FALSE,FALSE,FALSE,FALSE,FALSE,FALSE,FALSE,0,FALSE,FALSE,FALSE,FALSE,TRUE,0,0,FALSE,2026-09-15T16:13:25.309663Z
7029,2026_01_ARI_LAC,2026,1,1155037,225,L,S,1,6,FALSE,FALSE,FALSE,FALSE,FALSE,FALSE,FALSE,FALSE,FALSE,0,FALSE,FALSE,FALSE,FALSE,FALSE,0,0,FALSE,2026-09-15T16:13:25.309663Z
7029,2026_01_ARI_LAC,2026,1,1155038,247,R,S,1,5,FALSE,TRUE,FALSE,FALSE,FALSE,FALSE,FALSE,FALSE,FALSE,CHK,TRUE,FALSE,FALSE,FALSE,FALSE,1,4,FALSE,2026-09-15T16:13:25.309663Z
7029,2026_01_ARI_LAC,2026,1,1155039,284,0,0,0,0,FALSE,FALSE,FALSE,FALSE,FALSE,FALSE,FALSE,FALSE,FALSE,0,FALSE,FALSE,FALSE,FALSE,FALSE,0,0,FALSE,2026-09-15T16:13:25.309663Z
7029,2026_01_ARI_LAC,2026,1,1155040,272,L,U,2,6,FALSE,TRUE,FALSE,FALSE,FALSE,FALSE,FALSE,FALSE,FALSE,0,FALSE,FALSE,FALSE,FALSE,FALSE,0,0,FALSE,2026-09-15T16:13:25.309663Z
7029,2026_01_ARI_LAC,2026,1,1155041,301,L,S,1,6,FALSE,TRUE,FALSE,FALSE,FALSE,FALSE,FALSE,FALSE,FALSE,0,FALSE,FALSE,FALSE,FALSE,FALSE,0,0,FALSE,2026-09-15T16:13:25.309663Z
7029,2026_01_ARI_LAC,2026,1,1155042,319,0,0,0,0,FALSE,FALSE,FALSE,FALSE,FALSE,FALSE,FALSE,FALSE,FALSE,0,FALSE,FALSE,FALSE,FALSE,FALSE,0,0,FALSE,2026-09-15T16:13:25.309663Z
7029,2026_01_ARI_LAC,2026,1,1155043,334,0,0,0,0,FALSE,FALSE,FALSE,FALSE,FALSE,FALSE,FALSE,FALSE,FALSE,0,FALSE,FALSE,FALSE,FALSE,FALSE,0,0,FALSE,2026-09-15T16:13:25.309663Z
7029,2026_01_ARI_LAC,2026,1,1155044,364,R,U,2,6,FALSE,TRUE,FALSE,FALSE,FALSE,FALSE,FALSE,FALSE,FALSE,0,FALSE,FALSE,FALSE,FALSE,FALSE,0,0,FALSE,2026-09-15T16:13:25.309663Z
7029,2026_01_ARI_LAC,2026,1,1155045,386,L,S,0,6,FALSE,FALSE,FALSE,FALSE,FALSE,FALSE,FALSE,FALSE,FALSE,2,TRUE,FALSE,FALSE,FALSE,FALSE,0,4,FALSE,2026-09-15T16:13:25.309663Z
7029,2026_01_ARI_LAC,2026,1,1155046,411,L,U,2,6,FALSE,TRUE,FALSE,FALSE,FALSE,FALSE,FALSE,FALSE,FALSE,0,FALSE,FALSE,FALSE,FALSE,FALSE,0,0,FALSE,2026-09-15T16:13:25.309663Z
7029,2026_01_ARI_LAC,2026,1,1155047,433,R,S,1,6,FALSE,TRUE,TRUE,FALSE,FALSE,FALSE,FALSE,FALSE,FALSE,1,TRUE,FALSE,FALSE,FALSE,FALSE,0,4,FALSE,2026-09-15T16:13:25.309663Z
7029,2026_01_ARI_LAC,2026,1,1155048,458,L,S,2,6,FALSE,TRUE,TRUE,FALSE,FALSE,FALSE,FALSE,FALSE,FALSE,1,TRUE,FALSE,FALSE,FALSE,FALSE,0,4,FALSE,2026-09-15T16:13:25.309663Z
7029,2026_01_ARI_LAC,2026,1,1155049,483,R,S,1,6,FALSE,TRUE,FALSE,FALSE,FALSE,FALSE,FALSE,FALSE,FALSE,0,FALSE,FALSE,FALSE,FALSE,FALSE,0,0,FALSE,2026-09-15T16:13:25.309663Z
7029,2026_01_ARI_LAC,2026,1,1155050,505,R,S,1,6,FALSE,TRUE,TRUE,FALSE,FALSE,FALSE,TRUE,FALSE,FALSE,SD,FALSE,FALSE,FALSE,FALSE,FALSE,0,4,FALSE,2026-09-15T16:13:25.309663Z
7029,2026_01_ARI_LAC,2026,1,1155051,527,R,S,1,6,FALSE,TRUE,FALSE,FALSE,FALSE,FALSE,FALSE,FALSE,FALSE,0,FALSE,FALSE,FALSE,FALSE,FALSE,0,0,FALSE,2026-09-15T16:13:25.309663Z
7029,2026_01_ARI_LAC,2026,1,1155052,545,0,0,0,0,FALSE,FALSE,FALSE,FALSE,FALSE,FALSE,FALSE,FALSE,FALSE,0,FALSE,FALSE,FALSE,FALSE,FALSE,0,0,FALSE,2026-09-15T16:13:25.309663Z
7029,2026_01_ARI_LAC,2026,1,1155053,560,0,0,0,0,FALSE,FALSE,FALSE,FALSE,FALSE,FALSE,FALSE,FALSE,FALSE,0,FALSE,FALSE,FALSE,FALSE,FALSE,0,0,FALSE,2026-09-15T16:13:25.309663Z
7029,2026_01_ARI_LAC,2026,1,1155054,590,R,S,1,6,FALSE,TRUE,FALSE,FALSE,FALSE,FALSE,FALSE,FALSE,FALSE,0,FALSE,FALSE,FALSE,FALSE,FALSE,0,0,FALSE,2026-09-15T16:13:25.309663Z
7029,2026_01_ARI_LAC,2026,1,1155055,612,L,S,1,6,FALSE,TRUE,FALSE,FALSE,FALSE,FALSE,FALSE,FALSE,FALSE,1,TRUE,FALSE,FALSE,FALSE,FALSE,2,5,FALSE,2026-09-15T16:13:25.309663Z
7029,2026_01_ARI_LAC,2026,1,1155056,637,R,U,1,7,FALSE,TRUE,TRUE,FALSE,FALSE,FALSE,TRUE,FALSE,FALSE,SD,TRUE,FALSE,FALSE,FALSE,FALSE,1,5,FALSE,2026-09-15T16:13:25.309663Z
7029,2026_01_ARI_LAC,2026,1,1155057,678,R,S,0,6,FALSE,TRUE,FALSE,FALSE,FALSE,FALSE,FALSE,FALSE,FALSE,1,TRUE,FALSE,FALSE,FALSE,FALSE,0,4,FALSE,2026-09-15T16:13:25.309663Z
7029,2026_01_ARI_LAC,2026,1,1155058,703,R,U,1,7,FALSE,FALSE,TRUE,FALSE,FALSE,FALSE,FALSE,FALSE,FALSE,CHK,TRUE,FALSE,FALSE,FALSE,FALSE,1,4,FALSE,2026-09-15T16:13:25.309663Z
7029,2026_01_ARI_LAC,2026,1,1155059,728,R,U,1,6,FALSE,FALSE,FALSE,FALSE,FALSE,FALSE,FALSE,FALSE,FALSE,0,FALSE,FALSE,FALSE,FALSE,FALSE,0,0,FALSE,2026-09-15T16:13:25.309663Z
7029,2026_01_ARI_LAC,2026,1,1155060,753,L,S,1,5,FALSE,FALSE,FALSE,FALSE,FALSE,FALSE,FALSE,FALSE,FALSE,1,TRUE,TRUE,FALSE,FALSE,FALSE,0,4,FALSE,2026-09-15T16:13:25.309663Z
7029,2026_01_ARI_LAC,2026,1,1155061,798,M,S,1,6,FALSE,TRUE,FALSE,FALSE,FALSE,FALSE,FALSE,FALSE,FALSE,1,FALSE,TRUE,FALSE,FALSE,FALSE,1,4,FALSE,2026-09-15T16:13:25.309663Z
7029,2026_01_ARI_LAC,2026,1,1155062,821,0,0,0,0,FALSE,FALSE,FALSE,FALSE,FALSE,FALSE,FALSE,FALSE,FALSE,0,FALSE,FALSE,FALSE,FALSE,FALSE,0,0,FALSE,2026-09-15T16:13:25.309663Z
7029,2026_01_ARI_LAC,2026,1,1155063,842,R,U,2,6,FALSE,TRUE,FALSE,FALSE,FALSE,FALSE,FALSE,FALSE,FALSE,0,FALSE,FALSE,FALSE,FALSE,FALSE,0,0,FALSE,2026-09-15T16:13:25.309663Z
7029,2026_01_ARI_LAC,2026,1,1155064,871,R,S,2,6,FALSE,TRUE,TRUE,FALSE,FALSE,FALSE,TRUE,FALSE,FALSE,1,TRUE,FALSE,FALSE,FALSE,FALSE,0,4,FALSE,2026-09-15T16:13:25.309663Z
7029,2026_01_ARI_LAC,2026,1,1155065,901,R,U,2,6,FALSE,FALSE,TRUE,FALSE,FALSE,FALSE,FALSE,FALSE,FALSE,1,FALSE,TRUE,FALSE,FALSE,FALSE,0,4,FALSE,2026-09-15T16:13:25.309663Z
7029,2026_01_ARI_LAC,2026,1,1155066,924,R,P,1,6,FALSE,TRUE,FALSE,FALSE,FALSE,FALSE,FALSE,FALSE,FALSE,0,FALSE,FALSE,FALSE,FALSE,FALSE,0,0,FALSE,2026-09-15T16:13:25.309663Z
7029,2026_01_ARI_LAC,2026,1,1155067,962,R,U,1,6,FALSE,TRUE,FALSE,FALSE,FALSE,FALSE,FALSE,FALSE,FALSE,1,TRUE,FALSE,FALSE,FALSE,FALSE,0,4,FALSE,2026-09-15T16:13:25.309663Z
7029,2026_01_ARI_LAC,2026,1,1155068,994,0,0,0,0,FALSE,FALSE,FALSE,FALSE,FALSE,FALSE,FALSE,FALSE,FALSE,0,FALSE,FALSE,FALSE,FALSE,FALSE,0,0,FALSE,2026-09-15T16:13:25.309663Z
7029,2026_01_ARI_LAC,2026,1,1155069,1018,L,U,1,7,FALSE,TRUE,FALSE,FALSE,FALSE,FALSE,FALSE,FALSE,FALSE,0,FALSE,FALSE,FALSE,FALSE,FALSE,0,0,FALSE,2026-09-15T16:13:25.309663Z
7029,2026_01_ARI_LAC,2026,1,1155070,1045,R,U,1,7,FALSE,TRUE,TRUE,FALSE,FALSE,FALSE,FALSE,FALSE,FALSE,CHK,TRUE,FALSE,FALSE,FALSE,FALSE,0,4,FALSE,2026-09-15T16:13:25.309663Z
7029,2026_01_ARI_LAC,2026,1,1155071,1072,R,U,1,6,FALSE,TRUE,FALSE,FALSE,FALSE,FALSE,FALSE,FALSE,FALSE,0,FALSE,FALSE,FALSE,FALSE,FALSE,0,0,FALSE,2026-09-15T16:13:25.309663Z
7029,2026_01_ARI_LAC,2026,1,1155072,1094,R,U,1,6,TRUE,FALSE,FALSE,FALSE,FALSE,FALSE,FALSE,FALSE,FALSE,0,FALSE,FALSE,FALSE,FALSE,TRUE,0,0,FALSE,2026-09-15T16:13:25.309663Z
7029,2026_01_ARI_LAC,2026,1,1155073,1116,0,0,0,0,FALSE,FALSE,FALSE,FALSE,FALSE,FALSE,FALSE,FALSE,FALSE,0,FALSE,FALSE,FALSE,FALSE,FALSE,0,0,FALSE,2026-09-15T16:13:25.309663Z
7029,2026_01_ARI_LAC,2026,1,1155074,1150,R,S,2,6,FALSE,TRUE,FALSE,FALSE,TRUE,FALSE,FALSE,FALSE,FALSE,0,FALSE,FALSE,FALSE,FALSE,FALSE,0,0,FALSE,2026-09-15T16:13:25.309663Z
7029,2026_01_ARI_LAC,2026,1,1155075,1172,R,S,1,6,FALSE,TRUE,FALSE,FALSE,FALSE,FALSE,FALSE,FALSE,FALSE,1,TRUE,FALSE,FALSE,FALSE,FALSE,2,5,FALSE,2026-09-15T16:13:25.309663Z
7029,2026_01_ARI_LAC,2026,1,1155076,1197,M,S,1,5,FALSE,FALSE,FALSE,FALSE,FALSE,FALSE,FALSE,FALSE,FALSE,1,TRUE,FALSE,FALSE,FALSE,FALSE,0,4,FALSE,2026-09-15T16:13:25.309663Z
7029,2026_01_ARI_LAC,2026,1,1155077,1222,L,U,1,7,FALSE,TRUE,FALSE,FALSE,FALSE,FALSE,FALSE,FALSE,FALSE,0,FALSE,FALSE,FALSE,FALSE,FALSE,0,0,FALSE,2026-09-15T16:13:25.309663Z
7029,2026_01_ARI_LAC,2026,1,1155078,1244,R,S,1,6,FALSE,TRUE,FALSE,TRUE,FALSE,FALSE,FALSE,FALSE,FALSE,DES,TRUE,FALSE,FALSE,FALSE,FALSE,0,4,FALSE,2026-09-15T16:13:25.309663Z
7029,2026_01_ARI_LAC,2026,1,1155079,1269,R,S,0,6,FALSE,TRUE,FALSE,FALSE,FALSE,FALSE,FALSE,FALSE,FALSE,1,TRUE,TRUE,FALSE,FALSE,FALSE,2,6,FALSE,2026-09-15T16:13:25.309663Z
7029,2026_01_ARI_LAC,2026,1,1155080,1299,0,0,0,0,FALSE,FALSE,FALSE,FALSE,FALSE,FALSE,FALSE,FALSE,FALSE,0,FALSE,FALSE,FALSE,FALSE,FALSE,0,0,FALSE,2026-09-15T16:13:25.309663Z
7029,2026_01_ARI_LAC,2026,1,1155081,1322,0,0,0,0,FALSE,FALSE,FALSE,FALSE,FALSE,FALSE,FALSE,FALSE,FALSE,0,FALSE,FALSE,FALSE,FALSE,FALSE,0,0,FALSE,2026-09-15T16:13:25.309663Z
7029,2026_01_ARI_LAC,2026,1,1155082,1363,L,S,1,6,FALSE,TRUE,FALSE,TRUE,FALSE,FALSE,FALSE,FALSE,FALSE,DES,TRUE,FALSE,FALSE,FALSE,FALSE,0,4,FALSE,2026-09-15T16:13:25.309663Z
7029,2026_01_ARI_LAC,2026,1,1155083,1399,L,S,0,6,FALSE,TRUE,FALSE,FALSE,FALSE,FALSE,FALSE,FALSE,FALSE,1,FALSE,TRUE,FALSE,FALSE,FALSE,0,4,FALSE,2026-09-15T16:13:25.309663Z
7029,2026_01_ARI_LAC,2026,1,1155084,1433,R,S,1,7,FALSE,TRUE,FALSE,FALSE,FALSE,FALSE,FALSE,FALSE,FALSE,0,FALSE,FALSE,FALSE,FALSE,FALSE,0,0,FALSE,2026-09-15T16:13:25.309663Z
7029,2026_01_ARI_LAC,2026,1,1155085,1455,L,S,1,6,FALSE,TRUE,TRUE,FALSE,FALSE,FALSE,FALSE,FALSE,FALSE,1,TRUE,FALSE,FALSE,FALSE,FALSE,0,4,FALSE,2026-09-15T16:13:25.309663Z
7029,2026_01_ARI_LAC,2026,1,1155086,1480,R,S,2,7,FALSE,TRUE,FALSE,FALSE,FALSE,FALSE,FALSE,FALSE,FALSE,0,FALSE,FALSE,FALSE,FALSE,FALSE,0,0,FALSE,2026-09-15T16:13:25.309663Z
7029,2026_01_ARI_LAC,2026,1,1155087,1502,L,S,1,6,FALSE,TRUE,TRUE,FALSE,FALSE,FALSE,TRUE,FALSE,FALSE,1,TRUE,FALSE,FALSE,FALSE,FALSE,0,4,FALSE,2026-09-15T16:13:25.309663Z
7029,2026_01_ARI_LAC,2026,1,1155088,1527,L,S,1,6,FALSE,FALSE,FALSE,FALSE,TRUE,FALSE,FALSE,FALSE,FALSE,0,FALSE,FALSE,FALSE,FALSE,FALSE,0,0,FALSE,2026-09-15T16:13:25.309663Z
7029,2026_01_ARI_LAC,2026,1,1155089,1549,L,S,0,6,FALSE,TRUE,FALSE,TRUE,FALSE,FALSE,TRUE,FALSE,FALSE,DES,TRUE,FALSE,FALSE,FALSE,FALSE,0,4,FALSE,2026-09-15T16:13:25.309663Z
7029,2026_01_ARI_LAC,2026,1,1155090,1574,R,U,2,7,FALSE,TRUE,FALSE,FALSE,FALSE,FALSE,FALSE,FALSE,FALSE,0,FALSE,FALSE,FALSE,FALSE,FALSE,0,0,FALSE,2026-09-15T16:13:25.309663Z
7029,2026_01_ARI_LAC,2026,1,1155091,1596,R,S,1,6,FALSE,TRUE,FALSE,FALSE,FALSE,FALSE,FALSE,FALSE,FALSE,1,FALSE,TRUE,FALSE,FALSE,FALSE,0,4,FALSE,2026-09-15T16:13:25.309663Z
7029,2026_01_ARI_LAC,2026,1,1155092,1619,R,S,0,5,FALSE,FALSE,FALSE,FALSE,FALSE,FALSE,TRUE,FALSE,FALSE,SD,FALSE,FALSE,FALSE,FALSE,FALSE,0,4,FALSE,2026-09-15T16:13:25.309663Z
7029,2026_01_ARI_LAC,2026,1,1155093,1641,R,S,0,6,FALSE,TRUE,FALSE,FALSE,FALSE,FALSE,FALSE,FALSE,FALSE,0,FALSE,FALSE,FALSE,FALSE,FALSE,0,4,FALSE,2026-09-15T16:13:25.309663Z
7029,2026_01_ARI_LAC,2026,1,1155094,1668,L,S,1,6,FALSE,TRUE,FALSE,FALSE,FALSE,FALSE,FALSE,FALSE,FALSE,0,FALSE,FALSE,FALSE,FALSE,FALSE,0,0,FALSE,2026-09-15T16:13:25.309663Z
7029,2026_01_ARI_LAC,2026,1,1155095,1697,M,S,1,6,FALSE,FALSE,FALSE,FALSE,FALSE,FALSE,FALSE,FALSE,FALSE,1,TRUE,FALSE,FALSE,FALSE,FALSE,1,4,FALSE,2026-09-15T16:13:25.309663Z
7029,2026_01_ARI_LAC,2026,1,1155096,1722,M,S,1,6,TRUE,FALSE,FALSE,FALSE,FALSE,FALSE,FALSE,FALSE,FALSE,1,TRUE,FALSE,FALSE,FALSE,FALSE,0,4,FALSE,2026-09-15T16:13:25.309663Z
7029,2026_01_ARI_LAC,2026,1,1155097,1747,R,S,1,6,TRUE,FALSE,FALSE,FALSE,FALSE,FALSE,FALSE,FALSE,FALSE,1,FALSE,TRUE,FALSE,FALSE,FALSE,0,4,FALSE,2026-09-15T16:13:25.309663Z
7029,2026_01_ARI_LAC,2026,1,1155098,1781,R,S,1,5,FALSE,FALSE,FALSE,FALSE,FALSE,FALSE,FALSE,FALSE,FALSE,1,TRUE,TRUE,FALSE,FALSE,FALSE,0,4,FALSE,2026-09-15T16:13:25.309663Z
7029,2026_01_ARI_LAC,2026,1,1155099,1818,0,0,0,0,FALSE,FALSE,FALSE,FALSE,FALSE,FALSE,FALSE,FALSE,FALSE,0,FALSE,FALSE,FALSE,FALSE,FALSE,0,0,FALSE,2026-09-15T16:13:25.309663Z
7029,2026_01_ARI_LAC,2026,1,1155100,1806,R,S,1,7,FALSE,TRUE,TRUE,FALSE,FALSE,FALSE,TRUE,FALSE,FALSE,1,TRUE,FALSE,FALSE,TRUE,FALSE,0,4,FALSE,2026-09-15T16:13:25.309663Z
7029,2026_01_ARI_LAC,2026,1,1155101,1836,R,S,1,5,FALSE,FALSE,FALSE,FALSE,FALSE,FALSE,FALSE,FALSE,FALSE,1,TRUE,FALSE,FALSE,FALSE,FALSE,0,4,FALSE,2026-09-15T16:13:25.309663Z
7029,2026_01_ARI_LAC,2026,1,1155102,1873,0,0,0,0,FALSE,FALSE,FALSE,FALSE,FALSE,FALSE,FALSE,FALSE,FALSE,0,FALSE,FALSE,FALSE,FALSE,FALSE,0,0,FALSE,2026-09-15T16:13:25.309663Z
7029,2026_01_ARI_LAC,2026,1,1155103,1861,L,S,1,5,FALSE,TRUE,FALSE,FALSE,FALSE,FALSE,FALSE,TRUE,FALSE,SD,FALSE,FALSE,FALSE,FALSE,FALSE,0,4,FALSE,2026-09-15T16:13:25.309663Z
7029,2026_01_ARI_LAC,2026,1,1155104,1903,0,0,0,0,FALSE,FALSE,FALSE,FALSE,FALSE,FALSE,FALSE,FALSE,FALSE,0,FALSE,FALSE,FALSE,FALSE,FALSE,0,0,FALSE,2026-09-15T16:13:25.309663Z
7029,2026_01_ARI_LAC,2026,1,1155105,1891,L,S,1,4,FALSE,FALSE,FALSE,FALSE,FALSE,FALSE,FALSE,FALSE,FALSE,1,FALSE,FALSE,FALSE,FALSE,FALSE,0,3,FALSE,2026-09-15T16:13:25.309663Z
7029,2026_01_ARI_LAC,2026,1,1155106,1932,0,0,0,0,FALSE,FALSE,FALSE,FALSE,FALSE,FALSE,FALSE,FALSE,FALSE,0,FALSE,FALSE,FALSE,FALSE,FALSE,0,0,FALSE,2026-09-15T16:13:25.309663Z
7029,2026_01_ARI_LAC,2026,1,1155107,1970,0,0,0,0,FALSE,FALSE,FALSE,FALSE,FALSE,FALSE,FALSE,FALSE,FALSE,0,FALSE,FALSE,FALSE,FALSE,FALSE,0,0,FALSE,2026-09-15T16:13:25.309663Z
7029,2026_01_ARI_LAC,2026,1,1155108,1993,R,U,2,6,FALSE,TRUE,FALSE,FALSE,FALSE,FALSE,FALSE,FALSE,FALSE,2,TRUE,FALSE,FALSE,FALSE,FALSE,0,4,FALSE,2026-09-15T16:13:25.309663Z
7029,2026_01_ARI_LAC,2026,1,1155109,2018,L,U,2,6,FALSE,TRUE,FALSE,FALSE,FALSE,FALSE,FALSE,FALSE,FALSE,0,FALSE,FALSE,FALSE,FALSE,FALSE,0,0,FALSE,2026-09-15T16:13:25.309663Z
7029,2026_01_ARI_LAC,2026,1,1155110,2063,0,0,0,0,FALSE,FALSE,FALSE,FALSE,FALSE,FALSE,FALSE,FALSE,FALSE,0,FALSE,FALSE,FALSE,FALSE,FALSE,0,0,FALSE,2026-09-15T16:13:25.309663Z
7029,2026_01_ARI_LAC,2026,1,1155111,2040,R,S,3,6,FALSE,TRUE,FALSE,FALSE,FALSE,FALSE,FALSE,FALSE,FALSE,0,FALSE,FALSE,FALSE,FALSE,FALSE,0,0,FALSE,2026-09-15T16:13:25.309663Z
7029,2026_01_ARI_LAC,2026,1,1155112,2080,0,0,0,0,FALSE,FALSE,FALSE,FALSE,FALSE,FALSE,FALSE,FALSE,FALSE,0,FALSE,FALSE,FALSE,FALSE,FALSE,0,0,FALSE,2026-09-15T16:13:25.309663Z
7029,2026_01_ARI_LAC,2026,1,1155113,2109,R,S,2,7,FALSE,TRUE,TRUE,FALSE,FALSE,FALSE,TRUE,FALSE,FALSE,SD,FALSE,FALSE,FALSE,FALSE,FALSE,0,4,FALSE,2026-09-15T16:13:25.309663Z
7029,2026_01_ARI_LAC,2026,1,1155114,2131,M,S,1,6,FALSE,TRUE,FALSE,FALSE,FALSE,FALSE,FALSE,FALSE,FALSE,1,FALSE,TRUE,FALSE,FALSE,FALSE,0,4,FALSE,2026-09-15T16:13:25.309663Z
7029,2026_01_ARI_LAC,2026,1,1155115,2154,0,0,0,0,FALSE,FALSE,FALSE,FALSE,FALSE,FALSE,FALSE,FALSE,FALSE,0,FALSE,FALSE,FALSE,FALSE,FALSE,0,0,FALSE,2026-09-15T16:13:25.309663Z
7029,2026_01_ARI_LAC,2026,1,1155116,2174,L,U,1,6,FALSE,TRUE,FALSE,FALSE,FALSE,FALSE,FALSE,FALSE,FALSE,0,FALSE,FALSE,FALSE,FALSE,FALSE,0,0,FALSE,2026-09-15T16:13:25.309663Z
7029,2026_01_ARI_LAC,2026,1,1155117,2203,M,S,1,6,FALSE,FALSE,FALSE,FALSE,FALSE,FALSE,FALSE,FALSE,FALSE,1,TRUE,FALSE,TRUE,FALSE,FALSE,2,6,FALSE,2026-09-15T16:13:25.309663Z
7029,2026_01_ARI_LAC,2026,1,1155118,2228,L,S,1,7,FALSE,FALSE,FALSE,FALSE,FALSE,FALSE,FALSE,FALSE,FALSE,0,FALSE,FALSE,FALSE,FALSE,FALSE,0,0,FALSE,2026-09-15T16:13:25.309663Z
7029,2026_01_ARI_LAC,2026,1,1155119,2252,R,S,0,5,FALSE,TRUE,FALSE,FALSE,FALSE,FALSE,FALSE,FALSE,FALSE,1,TRUE,FALSE,FALSE,FALSE,FALSE,0,4,FALSE,2026-09-15T16:13:25.309663Z
7029,2026_01_ARI_LAC,2026,1,1155120,2277,L,S,1,5,FALSE,TRUE,FALSE,FALSE,FALSE,FALSE,FALSE,FALSE,FALSE,1,TRUE,FALSE,FALSE,FALSE,FALSE,0,4,FALSE,2026-09-15T16:13:25.309663Z
7029,2026_01_ARI_LAC,2026,1,1155121,2302,R,U,1,7,FALSE,TRUE,FALSE,FALSE,FALSE,FALSE,FALSE,FALSE,FALSE,0,FALSE,FALSE,FALSE,FALSE,FALSE,0,0,FALSE,2026-09-15T16:13:25.309663Z
7029,2026_01_ARI_LAC,2026,1,1155122,2324,R,U,1,7,FALSE,TRUE,FALSE,FALSE,FALSE,FALSE,FALSE,FALSE,FALSE,0,FALSE,FALSE,FALSE,FALSE,FALSE,0,0,FALSE,2026-09-15T16:13:25.309663Z
7029,2026_01_ARI_LAC,2026,1,1155123,2346,R,S,1,6,FALSE,FALSE,FALSE,FALSE,FALSE,FALSE,FALSE,FALSE,TRUE,1,FALSE,FALSE,FALSE,FALSE,FALSE,1,4,FALSE,2026-09-15T16:13:25.309663Z
7029,2026_01_ARI_LAC,2026,1,1155124,2369,R,S,1,5,FALSE,TRUE,FALSE,FALSE,FALSE,FALSE,FALSE,FALSE,FALSE,1,FALSE,TRUE,FALSE,FALSE,FALSE,0,4,FALSE,2026-09-15T16:13:25.309663Z
7029,2026_01_ARI_LAC,2026,1,1155125,2392,0,0,0,0,FALSE,FALSE,FALSE,FALSE,FALSE,FALSE,FALSE,FALSE,FALSE,0,FALSE,FALSE,FALSE,FALSE,FALSE,0,0,FALSE,2026-09-15T16:13:25.309663Z
7029,2026_01_ARI_LAC,2026,1,1155126,2412,0,0,0,0,FALSE,FALSE,FALSE,FALSE,FALSE,FALSE,FALSE,FALSE,FALSE,0,FALSE,FALSE,FALSE,FALSE,FALSE,0,0,FALSE,2026-09-15T16:13:25.309663Z
7029,2026_01_ARI_LAC,2026,1,1155127,2435,L,U,2,7,FALSE,TRUE,TRUE,FALSE,FALSE,FALSE,FALSE,FALSE,FALSE,1,FALSE,TRUE,FALSE,FALSE,FALSE,0,4,FALSE,2026-09-15T16:13:25.309663Z
7029,2026_01_ARI_LAC,2026,1,1155128,2481,L,U,2,7,FALSE,TRUE,FALSE,FALSE,FALSE,FALSE,FALSE,FALSE,FALSE,0,FALSE,FALSE,FALSE,FALSE,FALSE,0,0,FALSE,2026-09-15T16:13:25.309663Z
7029,2026_01_ARI_LAC,2026,1,1155129,2503,R,U,2,7,FALSE,TRUE,TRUE,FALSE,FALSE,FALSE,TRUE,FALSE,FALSE,SD,FALSE,FALSE,FALSE,FALSE,FALSE,0,5,FALSE,2026-09-15T16:13:25.309663Z
7029,2026_01_ARI_LAC,2026,1,1155130,2530,R,S,0,6,FALSE,FALSE,FALSE,FALSE,FALSE,FALSE,FALSE,FALSE,FALSE,1,TRUE,FALSE,FALSE,FALSE,FALSE,0,4,FALSE,2026-09-15T16:13:25.309663Z
7029,2026_01_ARI_LAC,2026,1,1155131,2551,0,0,0,0,FALSE,FALSE,FALSE,FALSE,FALSE,FALSE,FALSE,FALSE,FALSE,0,FALSE,FALSE,FALSE,FALSE,FALSE,0,0,FALSE,2026-09-15T16:13:25.309663Z
7029,2026_01_ARI_LAC,2026,1,1155132,2566,0,0,0,0,FALSE,FALSE,FALSE,FALSE,FALSE,FALSE,FALSE,FALSE,FALSE,0,FALSE,FALSE,FALSE,FALSE,FALSE,0,0,FALSE,2026-09-15T16:13:25.309663Z
7029,2026_01_ARI_LAC,2026,1,1155133,2596,R,U,1,7,FALSE,TRUE,FALSE,FALSE,FALSE,FALSE,FALSE,FALSE,FALSE,1,FALSE,FALSE,FALSE,FALSE,FALSE,0,4,FALSE,2026-09-15T16:13:25.309663Z
7029,2026_01_ARI_LAC,2026,1,1155134,2619,R,S,1,5,FALSE,FALSE,FALSE,FALSE,FALSE,FALSE,FALSE,FALSE,FALSE,1,TRUE,FALSE,FALSE,FALSE,FALSE,0,4,FALSE,2026-09-15T16:13:25.309663Z
7029,2026_01_ARI_LAC,2026,1,1155135,2644,R,S,1,6,TRUE,FALSE,FALSE,FALSE,FALSE,FALSE,FALSE,FALSE,FALSE,1,TRUE,FALSE,FALSE,FALSE,FALSE,0,4,FALSE,2026-09-15T16:13:25.309663Z
7029,2026_01_ARI_LAC,2026,1,1155136,2680,R,U,1,6,FALSE,TRUE,FALSE,FALSE,FALSE,FALSE,FALSE,FALSE,FALSE,0,FALSE,FALSE,FALSE,FALSE,FALSE,0,0,FALSE,2026-09-15T16:13:25.309663Z
7029,2026_01_ARI_LAC,2026,1,1155137,2702,R,S,0,6,FALSE,TRUE,FALSE,TRUE,FALSE,FALSE,FALSE,FALSE,FALSE,DES,TRUE,FALSE,FALSE,FALSE,FALSE,0,4,FALSE,2026-09-15T16:13:25.309663Z
7029,2026_01_ARI_LAC,2026,1,1155138,2727,0,0,0,0,FALSE,FALSE,FALSE,FALSE,FALSE,FALSE,FALSE,FALSE,FALSE,0,FALSE,FALSE,FALSE,FALSE,FALSE,0,0,FALSE,2026-09-15T16:13:25.309663Z
7029,2026_01_ARI_LAC,2026,1,1155139,2751,R,U,1,6,FALSE,TRUE,FALSE,FALSE,FALSE,FALSE,FALSE,FALSE,FALSE,1,TRUE,FALSE,FALSE,TRUE,FALSE,1,5,FALSE,2026-09-15T16:13:25.309663Z
7029,2026_01_ARI_LAC,2026,1,1155140,2781,R,S,1,6,TRUE,FALSE,FALSE,FALSE,FALSE,FALSE,FALSE,FALSE,TRUE,0,FALSE,FALSE,FALSE,FALSE,FALSE,0,4,FALSE,2026-09-15T16:13:25.309663Z
7029,2026_01_ARI_LAC,2026,1,1155141,2804,R,S,1,5,FALSE,FALSE,FALSE,FALSE,FALSE,FALSE,FALSE,FALSE,FALSE,1,TRUE,FALSE,FALSE,FALSE,FALSE,0,4,FALSE,2026-09-15T16:13:25.309663Z
7029,2026_01_ARI_LAC,2026,1,1155142,2829,0,0,0,0,FALSE,FALSE,FALSE,FALSE,FALSE,FALSE,FALSE,FALSE,FALSE,0,FALSE,FALSE,FALSE,FALSE,FALSE,0,0,FALSE,2026-09-15T16:13:25.309663Z
7029,2026_01_ARI_LAC,2026,1,1155143,2849,L,U,2,6,FALSE,TRUE,TRUE,FALSE,FALSE,FALSE,TRUE,FALSE,FALSE,1,TRUE,FALSE,FALSE,FALSE,FALSE,0,4,FALSE,2026-09-15T16:13:25.309663Z
7029,2026_01_ARI_LAC,2026,1,1155144,2886,R,U,2,6,FALSE,TRUE,FALSE,FALSE,FALSE,FALSE,FALSE,FALSE,FALSE,0,FALSE,FALSE,FALSE,FALSE,FALSE,0,0,FALSE,2026-09-15T16:13:25.309663Z
7029,2026_01_ARI_LAC,2026,1,1155145,2908,0,0,0,0,FALSE,FALSE,FALSE,FALSE,FALSE,FALSE,FALSE,FALSE,FALSE,0,FALSE,FALSE,FALSE,FALSE,FALSE,0,0,FALSE,2026-09-15T16:13:25.309663Z
7029,2026_01_ARI_LAC,2026,1,1155146,2932,R,S,0,6,FALSE,TRUE,FALSE,FALSE,FALSE,FALSE,FALSE,FALSE,FALSE,1,FALSE,FALSE,FALSE,FALSE,FALSE,3,5,FALSE,2026-09-15T16:13:25.309663Z
7029,2026_01_ARI_LAC,2026,1,1155147,2955,R,U,1,5,FALSE,TRUE,FALSE,FALSE,FALSE,FALSE,FALSE,FALSE,FALSE,0,FALSE,FALSE,FALSE,FALSE,FALSE,0,0,FALSE,2026-09-15T16:13:25.309663Z
7029,2026_01_ARI_LAC,2026,1,1155148,2977,R,S,0,6,FALSE,TRUE,FALSE,FALSE,FALSE,FALSE,FALSE,FALSE,FALSE,1,TRUE,TRUE,FALSE,FALSE,FALSE,0,4,FALSE,2026-09-15T16:13:25.309663Z
7029,2026_01_ARI_LAC,2026,1,1155149,3000,0,0,0,0,FALSE,FALSE,FALSE,FALSE,FALSE,FALSE,FALSE,FALSE,FALSE,0,FALSE,FALSE,FALSE,FALSE,FALSE,0,0,FALSE,2026-09-15T16:13:25.309663Z
7029,2026_01_ARI_LAC,2026,1,1155150,3035,M,U,1,6,FALSE,TRUE,FALSE,FALSE,FALSE,FALSE,FALSE,FALSE,FALSE,0,FALSE,FALSE,FALSE,FALSE,FALSE,0,0,FALSE,2026-09-15T16:13:25.309663Z
7029,2026_01_ARI_LAC,2026,1,1155151,3077,L,S,1,6,FALSE,TRUE,FALSE,FALSE,FALSE,FALSE,FALSE,FALSE,FALSE,1,TRUE,FALSE,FALSE,FALSE,FALSE,0,4,FALSE,2026-09-15T16:13:25.309663Z
7029,2026_01_ARI_LAC,2026,1,1155152,3102,M,S,1,5,FALSE,TRUE,FALSE,FALSE,FALSE,FALSE,FALSE,FALSE,FALSE,1,TRUE,FALSE,FALSE,FALSE,FALSE,1,5,FALSE,2026-09-15T16:13:25.309663Z
7029,2026_01_ARI_LAC,2026,1,1155153,3127,0,0,0,0,FALSE,FALSE,FALSE,FALSE,FALSE,FALSE,FALSE,FALSE,FALSE,0,FALSE,FALSE,FALSE,FALSE,FALSE,0,0,FALSE,2026-09-15T16:13:25.309663Z
7029,2026_01_ARI_LAC,2026,1,1155154,3155,L,S,2,6,FALSE,TRUE,TRUE,FALSE,FALSE,FALSE,FALSE,FALSE,FALSE,0,FALSE,FALSE,FALSE,FALSE,FALSE,0,5,FALSE,2026-09-15T16:13:25.309663Z
7029,2026_01_ARI_LAC,2026,1,1155155,3175,L,S,0,5,FALSE,TRUE,FALSE,TRUE,FALSE,FALSE,FALSE,FALSE,FALSE,DES,TRUE,FALSE,FALSE,FALSE,FALSE,0,4,FALSE,2026-09-15T16:13:25.309663Z
7029,2026_01_ARI_LAC,2026,1,1155156,3200,L,S,0,6,FALSE,TRUE,FALSE,FALSE,FALSE,FALSE,FALSE,FALSE,FALSE,1,FALSE,FALSE,FALSE,FALSE,FALSE,0,5,FALSE,2026-09-15T16:13:25.309663Z
7029,2026_01_ARI_LAC,2026,1,1155157,3223,0,0,0,0,FALSE,FALSE,FALSE,FALSE,FALSE,FALSE,FALSE,FALSE,FALSE,0,FALSE,FALSE,FALSE,FALSE,FALSE,0,0,FALSE,2026-09-15T16:13:25.309663Z
7029,2026_01_ARI_LAC,2026,1,1155158,3261,R,U,1,7,FALSE,TRUE,FALSE,FALSE,FALSE,FALSE,FALSE,FALSE,FALSE,0,FALSE,FALSE,FALSE,FALSE,FALSE,0,0,FALSE,2026-09-15T16:13:25.309663Z
7029,2026_01_ARI_LAC,2026,1,1155159,3285,R,S,1,8,FALSE,FALSE,FALSE,FALSE,FALSE,FALSE,FALSE,FALSE,FALSE,1,TRUE,FALSE,FALSE,FALSE,FALSE,0,4,FALSE,2026-09-15T16:13:25.309663Z
7029,2026_01_ARI_LAC,2026,1,1155160,3309,0,0,0,0,FALSE,FALSE,FALSE,FALSE,FALSE,FALSE,FALSE,FALSE,FALSE,0,FALSE,FALSE,FALSE,FALSE,FALSE,0,0,FALSE,2026-09-15T16:13:25.309663Z
7029,2026_01_ARI_LAC,2026,1,1155161,3324,0,0,0,0,FALSE,FALSE,FALSE,FALSE,FALSE,FALSE,FALSE,FALSE,FALSE,0,FALSE,FALSE,FALSE,FALSE,FALSE,0,0,FALSE,2026-09-15T16:13:25.309663Z
7029,2026_01_ARI_LAC,2026,1,1155162,3347,R,S,1,7,FALSE,TRUE,FALSE,FALSE,FALSE,FALSE,FALSE,FALSE,FALSE,1,TRUE,FALSE,FALSE,FALSE,FALSE,0,4,FALSE,2026-09-15T16:13:25.309663Z
7029,2026_01_ARI_LAC,2026,1,1155163,3372,L,S,1,7,FALSE,FALSE,FALSE,FALSE,FALSE,FALSE,FALSE,FALSE,FALSE,0,FALSE,FALSE,FALSE,FALSE,FALSE,0,0,FALSE,2026-09-15T16:13:25.309663Z
7029,2026_01_ARI_LAC,2026,1,1155164,3394,L,S,1,6,FALSE,TRUE,FALSE,FALSE,FALSE,FALSE,FALSE,FALSE,FALSE,2,TRUE,FALSE,FALSE,FALSE,FALSE,1,4,FALSE,2026-09-15T16:13:25.309663Z
7029,2026_01_ARI_LAC,2026,1,1155165,3419,L,S,2,6,FALSE,TRUE,FALSE,FALSE,FALSE,FALSE,TRUE,TRUE,FALSE,1,FALSE,FALSE,FALSE,FALSE,FALSE,0,4,FALSE,2026-09-15T16:13:25.309663Z
7029,2026_01_ARI_LAC,2026,1,1155166,3467,L,U,1,6,FALSE,TRUE,FALSE,FALSE,FALSE,FALSE,FALSE,FALSE,FALSE,0,FALSE,FALSE,FALSE,FALSE,FALSE,0,0,FALSE,2026-09-15T16:13:25.309663Z
7029,2026_01_ARI_LAC,2026,1,1155167,3496,R,U,1,7,FALSE,TRUE,FALSE,FALSE,FALSE,FALSE,FALSE,FALSE,FALSE,0,FALSE,FALSE,FALSE,FALSE,FALSE,0,0,FALSE,2026-09-15T16:13:25.309663Z
7029,2026_01_ARI_LAC,2026,1,1155168,3518,R,S,1,5,FALSE,TRUE,FALSE,FALSE,FALSE,FALSE,FALSE,FALSE,FALSE,1,TRUE,FALSE,FALSE,FALSE,FALSE,0,4,FALSE,2026-09-15T16:13:25.309663Z
7029,2026_01_ARI_LAC,2026,1,1155169,3543,R,U,1,7,FALSE,TRUE,FALSE,FALSE,FALSE,FALSE,FALSE,FALSE,FALSE,0,FALSE,FALSE,FALSE,FALSE,FALSE,0,0,FALSE,2026-09-15T16:13:25.309663Z
7029,2026_01_ARI_LAC,2026,1,1155170,3565,L,U,1,7,FALSE,TRUE,FALSE,FALSE,FALSE,FALSE,FALSE,FALSE,FALSE,0,FALSE,FALSE,FALSE,FALSE,FALSE,0,0,FALSE,2026-09-15T16:13:25.309663Z
7029,2026_01_ARI_LAC,2026,1,1155171,3587,R,U,2,6,FALSE,TRUE,FALSE,FALSE,FALSE,FALSE,FALSE,FALSE,FALSE,0,FALSE,FALSE,FALSE,FALSE,FALSE,0,0,FALSE,2026-09-15T16:13:25.309663Z
7029,2026_01_ARI_LAC,2026,1,1155172,3609,R,U,1,7,FALSE,TRUE,FALSE,FALSE,FALSE,FALSE,FALSE,FALSE,FALSE,0,FALSE,FALSE,FALSE,FALSE,FALSE,0,0,FALSE,2026-09-15T16:13:25.309663Z
7029,2026_01_ARI_LAC,2026,1,1155173,3631,R,U,1,6,FALSE,TRUE,TRUE,FALSE,FALSE,FALSE,TRUE,FALSE,FALSE,0,FALSE,FALSE,FALSE,FALSE,FALSE,1,5,FALSE,2026-09-15T16:13:25.309663Z
7029,2026_01_ARI_LAC,2026,1,1155174,3660,0,0,0,0,FALSE,FALSE,FALSE,FALSE,FALSE,FALSE,FALSE,FALSE,FALSE,0,FALSE,FALSE,FALSE,FALSE,FALSE,0,0,FALSE,2026-09-15T16:13:25.309663Z
7029,2026_01_ARI_LAC,2026,1,1155175,3686,L,S,1,6,FALSE,TRUE,FALSE,FALSE,FALSE,FALSE,TRUE,FALSE,FALSE,SD,FALSE,FALSE,FALSE,FALSE,FALSE,0,4,FALSE,2026-09-15T16:13:25.309663Z
7029,2026_01_ARI_LAC,2026,1,1155176,3713,L,S,0,5,FALSE,FALSE,FALSE,FALSE,FALSE,FALSE,FALSE,FALSE,FALSE,1,FALSE,FALSE,FALSE,FALSE,FALSE,0,4,FALSE,2026-09-15T16:13:25.309663Z
7029,2026_01_ARI_LAC,2026,1,1155177,3736,0,0,0,0,FALSE,FALSE,FALSE,FALSE,FALSE,FALSE,FALSE,FALSE,FALSE,0,FALSE,FALSE,FALSE,FALSE,FALSE,0,0,FALSE,2026-09-15T16:13:25.309663Z
7029,2026_01_ARI_LAC,2026,1,1155178,3760,0,0,0,0,FALSE,FALSE,FALSE,FALSE,FALSE,FALSE,FALSE,FALSE,FALSE,0,FALSE,FALSE,FALSE,FALSE,FALSE,0,0,FALSE,2026-09-15T16:13:25.309663Z
7029,2026_01_ARI_LAC,2026,1,1155179,3784,L,S,1,6,FALSE,TRUE,FALSE,TRUE,FALSE,FALSE,FALSE,FALSE,FALSE,DES,TRUE,FALSE,FALSE,FALSE,FALSE,0,5,FALSE,2026-09-15T16:13:25.309663Z
7029,2026_01_ARI_LAC,2026,1,1155180,3821,L,S,1,5,FALSE,FALSE,FALSE,FALSE,FALSE,FALSE,FALSE,FALSE,FALSE,1,TRUE,TRUE,FALSE,FALSE,FALSE,0,4,FALSE,2026-09-15T16:13:25.309663Z
7029,2026_01_ARI_LAC,2026,1,1155181,3861,0,0,0,0,FALSE,FALSE,FALSE,FALSE,FALSE,FALSE,FALSE,FALSE,FALSE,0,FALSE,FALSE,FALSE,FALSE,FALSE,0,0,FALSE,2026-09-15T16:13:25.309663Z
7029,2026_01_ARI_LAC,2026,1,1155182,3849,L,S,1,4,FALSE,TRUE,FALSE,FALSE,FALSE,FALSE,TRUE,FALSE,FALSE,SD,TRUE,FALSE,FALSE,FALSE,FALSE,0,4,FALSE,2026-09-15T16:13:25.309663Z
7029,2026_01_ARI_LAC,2026,1,1155183,3881,R,S,0,4,FALSE,TRUE,FALSE,FALSE,FALSE,FALSE,TRUE,FALSE,FALSE,SD,TRUE,FALSE,FALSE,FALSE,FALSE,0,4,FALSE,2026-09-15T16:13:25.309663Z
7029,2026_01_ARI_LAC,2026,1,1155184,3917,L,U,1,6,FALSE,TRUE,FALSE,FALSE,FALSE,FALSE,FALSE,FALSE,FALSE,0,FALSE,FALSE,FALSE,FALSE,FALSE,0,0,FALSE,2026-09-15T16:13:25.309663Z
7029,2026_01_ARI_LAC,2026,1,1155185,3951,0,0,0,0,FALSE,FALSE,FALSE,FALSE,FALSE,FALSE,FALSE,FALSE,FALSE,0,FALSE,FALSE,FALSE,FALSE,FALSE,0,0,FALSE,2026-09-15T16:13:25.309663Z
7029,2026_01_ARI_LAC,2026,1,1155186,3939,M,U,1,7,FALSE,FALSE,FALSE,FALSE,FALSE,FALSE,FALSE,FALSE,FALSE,0,FALSE,FALSE,FALSE,FALSE,FALSE,0,0,FALSE,2026-09-15T16:13:25.309663Z
7029,2026_01_ARI_LAC,2026,1,1155187,3968,L,U,1,7,FALSE,FALSE,FALSE,FALSE,FALSE,FALSE,FALSE,FALSE,FALSE,0,FALSE,FALSE,FALSE,FALSE,FALSE,0,0,FALSE,2026-09-15T16:13:25.309663Z
7029,2026_01_ARI_LAC,2026,1,1155188,3990,0,0,0,0,FALSE,FALSE,FALSE,FALSE,FALSE,FALSE,FALSE,FALSE,FALSE,0,FALSE,FALSE,FALSE,FALSE,FALSE,0,0,FALSE,2026-09-15T16:13:25.309663Z
7029,2026_01_ARI_LAC,2026,1,1155189,4010,0,0,0,0,FALSE,FALSE,FALSE,FALSE,FALSE,FALSE,FALSE,FALSE,FALSE,0,FALSE,FALSE,FALSE,FALSE,FALSE,0,0,FALSE,2026-09-15T16:13:25.309663Z
7029,2026_01_ARI_LAC,2026,1,1155190,4027,L,S,0,6,FALSE,TRUE,FALSE,FALSE,FALSE,FALSE,FALSE,FALSE,FALSE,0,FALSE,FALSE,FALSE,FALSE,FALSE,3,5,FALSE,2026-09-15T16:13:25.309663Z
7029,2026_01_ARI_LAC,2026,1,1155191,4047,M,S,1,6,TRUE,TRUE,FALSE,FALSE,FALSE,FALSE,FALSE,FALSE,FALSE,1,FALSE,FALSE,FALSE,FALSE,FALSE,0,4,FALSE,2026-09-15T16:13:25.309663Z
7029,2026_01_ARI_LAC,2026,1,1155192,4070,M,S,1,6,FALSE,TRUE,FALSE,FALSE,FALSE,FALSE,FALSE,FALSE,FALSE,1,TRUE,TRUE,FALSE,FALSE,FALSE,0,4,FALSE,2026-09-15T16:13:25.309663Z
7029,2026_01_ARI_LAC,2026,1,1155193,4095,M,S,1,7,FALSE,TRUE,FALSE,FALSE,FALSE,FALSE,FALSE,FALSE,FALSE,1,TRUE,TRUE,FALSE,FALSE,FALSE,2,5,FALSE,2026-09-15T16:13:25.309663Z
7029,2026_01_ARI_LAC,2026,1,1155194,4127,0,0,0,0,FALSE,FALSE,FALSE,FALSE,FALSE,FALSE,FALSE,FALSE,FALSE,0,FALSE,FALSE,FALSE,FALSE,FALSE,0,0,FALSE,2026-09-15T16:13:25.309663Z
7029,2026_01_ARI_LAC,2026,1,1155195,4149,0,0,0,0,FALSE,FALSE,FALSE,FALSE,FALSE,FALSE,FALSE,FALSE,FALSE,0,FALSE,FALSE,FALSE,FALSE,FALSE,0,0,FALSE,2026-09-15T16:13:25.309663Z
7029,2026_01_ARI_LAC,2026,1,1155196,4171,0,0,0,0,FALSE,FALSE,FALSE,FALSE,FALSE,FALSE,FALSE,FALSE,FALSE,0,FALSE,FALSE,FALSE,FALSE,FALSE,0,0,FALSE,2026-09-15T16:13:25.309663Z
7030,2026_01_MIA_LV,2026,1,1155197,39,0,0,0,0,FALSE,FALSE,FALSE,FALSE,FALSE,FALSE,FALSE,FALSE,FALSE,0,FALSE,FALSE,FALSE,FALSE,FALSE,0,0,FALSE,2026-09-15T16:13:25.309663Z
7030,2026_01_MIA_LV,2026,1,1155198,62,L,P,1,8,FALSE,FALSE,FALSE,FALSE,FALSE,FALSE,FALSE,FALSE,FALSE,0,FALSE,FALSE,FALSE,FALSE,FALSE,0,0,FALSE,2026-09-15T16:13:25.309663Z
7030,2026_01_MIA_LV,2026,1,1155199,84,M,U,2,8,FALSE,TRUE,FALSE,FALSE,FALSE,FALSE,TRUE,FALSE,FALSE,SD,FALSE,FALSE,FALSE,FALSE,FALSE,0,5,FALSE,2026-09-15T16:13:25.309663Z
7030,2026_01_MIA_LV,2026,1,1155200,111,L,P,2,7,FALSE,FALSE,FALSE,FALSE,FALSE,FALSE,FALSE,FALSE,FALSE,0,FALSE,FALSE,FALSE,FALSE,FALSE,0,0,FALSE,2026-09-15T16:13:25.309663Z
7030,2026_01_MIA_LV,2026,1,1155201,133,L,S,1,7,FALSE,TRUE,FALSE,TRUE,FALSE,FALSE,FALSE,FALSE,FALSE,DES,TRUE,FALSE,FALSE,FALSE,FALSE,0,4,FALSE,2026-09-15T16:13:25.309663Z
7030,2026_01_MIA_LV,2026,1,1155202,158,L,S,0,8,FALSE,TRUE,FALSE,FALSE,FALSE,FALSE,FALSE,FALSE,FALSE,1,TRUE,TRUE,FALSE,FALSE,FALSE,0,3,FALSE,2026-09-15T16:13:25.309663Z
7030,2026_01_MIA_LV,2026,1,1155203,183,L,P,2,7,FALSE,TRUE,FALSE,FALSE,FALSE,FALSE,FALSE,FALSE,FALSE,0,FALSE,FALSE,FALSE,FALSE,FALSE,0,0,FALSE,2026-09-15T16:13:25.309663Z
7030,2026_01_MIA_LV,2026,1,1155204,205,L,P,1,6,FALSE,TRUE,FALSE,FALSE,FALSE,FALSE,FALSE,FALSE,FALSE,1,FALSE,FALSE,FALSE,FALSE,FALSE,1,5,FALSE,2026-09-15T16:13:25.309663Z
7030,2026_01_MIA_LV,2026,1,1155205,228,0,0,0,0,FALSE,FALSE,FALSE,FALSE,FALSE,FALSE,FALSE,FALSE,FALSE,0,FALSE,FALSE,FALSE,FALSE,FALSE,0,0,FALSE,2026-09-15T16:13:25.309663Z
7030,2026_01_MIA_LV,2026,1,1155206,252,L,S,1,5,FALSE,TRUE,FALSE,FALSE,FALSE,FALSE,FALSE,FALSE,FALSE,SD,FALSE,FALSE,FALSE,FALSE,FALSE,0,4,FALSE,2026-09-15T16:13:25.309663Z
7030,2026_01_MIA_LV,2026,1,1155207,295,0,0,0,0,FALSE,FALSE,FALSE,FALSE,FALSE,FALSE,FALSE,FALSE,FALSE,0,FALSE,FALSE,FALSE,FALSE,FALSE,0,0,FALSE,2026-09-15T16:13:25.309663Z
7030,2026_01_MIA_LV,2026,1,1155208,315,L,U,2,7,FALSE,FALSE,FALSE,FALSE,FALSE,FALSE,FALSE,FALSE,FALSE,0,FALSE,FALSE,FALSE,FALSE,FALSE,0,0,FALSE,2026-09-15T16:13:25.309663Z
7030,2026_01_MIA_LV,2026,1,1155209,337,R,U,2,7,FALSE,FALSE,FALSE,FALSE,FALSE,FALSE,FALSE,FALSE,FALSE,0,FALSE,FALSE,FALSE,FALSE,FALSE,0,0,FALSE,2026-09-15T16:13:25.309663Z
7030,2026_01_MIA_LV,2026,1,1155210,359,R,U,2,8,FALSE,FALSE,FALSE,FALSE,FALSE,FALSE,FALSE,FALSE,FALSE,0,FALSE,FALSE,FALSE,FALSE,FALSE,0,0,FALSE,2026-09-15T16:13:25.309663Z
7030,2026_01_MIA_LV,2026,1,1155211,381,L,S,1,6,FALSE,TRUE,FALSE,FALSE,FALSE,FALSE,FALSE,FALSE,FALSE,1,TRUE,FALSE,FALSE,FALSE,FALSE,2,5,FALSE,2026-09-15T16:13:25.309663Z
7030,2026_01_MIA_LV,2026,1,1155212,411,L,U,2,8,FALSE,FALSE,FALSE,TRUE,FALSE,FALSE,FALSE,FALSE,FALSE,DES,TRUE,FALSE,FALSE,FALSE,FALSE,0,5,FALSE,2026-09-15T16:13:25.309663Z
7030,2026_01_MIA_LV,2026,1,1155213,436,R,S,0,5,FALSE,FALSE,FALSE,FALSE,FALSE,FALSE,FALSE,FALSE,FALSE,1,TRUE,FALSE,FALSE,FALSE,FALSE,0,4,FALSE,2026-09-15T16:13:25.309663Z
7030,2026_01_MIA_LV,2026,1,1155214,461,R,U,2,8,FALSE,TRUE,FALSE,FALSE,FALSE,FALSE,FALSE,FALSE,FALSE,2,TRUE,FALSE,FALSE,FALSE,FALSE,0,5,FALSE,2026-09-15T16:13:25.309663Z
7030,2026_01_MIA_LV,2026,1,1155215,486,M,U,1,7,FALSE,TRUE,TRUE,FALSE,FALSE,FALSE,FALSE,FALSE,FALSE,CHK,TRUE,FALSE,FALSE,FALSE,FALSE,0,5,FALSE,2026-09-15T16:13:25.309663Z
7030,2026_01_MIA_LV,2026,1,1155216,516,R,S,1,6,FALSE,TRUE,FALSE,FALSE,FALSE,FALSE,FALSE,FALSE,FALSE,1,TRUE,FALSE,FALSE,FALSE,FALSE,1,4,FALSE,2026-09-15T16:13:25.309663Z
7030,2026_01_MIA_LV,2026,1,1155217,546,R,S,1,7,FALSE,TRUE,FALSE,FALSE,FALSE,FALSE,FALSE,FALSE,FALSE,0,FALSE,FALSE,FALSE,FALSE,FALSE,0,0,FALSE,2026-09-15T16:13:25.309663Z
7030,2026_01_MIA_LV,2026,1,1155218,568,R,U,3,9,FALSE,FALSE,FALSE,FALSE,FALSE,FALSE,FALSE,FALSE,FALSE,0,FALSE,FALSE,FALSE,FALSE,TRUE,0,0,FALSE,2026-09-15T16:13:25.309663Z
7030,2026_01_MIA_LV,2026,1,1155219,590,R,U,1,7,FALSE,TRUE,TRUE,TRUE,FALSE,FALSE,FALSE,FALSE,FALSE,DES,TRUE,FALSE,FALSE,FALSE,FALSE,0,4,FALSE,2026-09-15T16:13:25.309663Z
7030,2026_01_MIA_LV,2026,1,1155220,647,R,U,1,8,FALSE,TRUE,FALSE,FALSE,FALSE,FALSE,FALSE,FALSE,FALSE,0,FALSE,FALSE,FALSE,FALSE,FALSE,0,0,FALSE,2026-09-15T16:13:25.309663Z
7030,2026_01_MIA_LV,2026,1,1155221,669,R,U,2,7,FALSE,TRUE,TRUE,FALSE,FALSE,FALSE,FALSE,FALSE,FALSE,SD,FALSE,FALSE,FALSE,FALSE,FALSE,0,4,FALSE,2026-09-15T16:13:25.309663Z
7030,2026_01_MIA_LV,2026,1,1155222,696,R,S,1,6,FALSE,TRUE,FALSE,FALSE,FALSE,FALSE,FALSE,FALSE,FALSE,1,TRUE,FALSE,FALSE,FALSE,FALSE,0,4,FALSE,2026-09-15T16:13:25.309663Z
7030,2026_01_MIA_LV,2026,1,1155223,721,R,U,0,6,FALSE,TRUE,FALSE,FALSE,FALSE,FALSE,FALSE,FALSE,FALSE,1,TRUE,FALSE,FALSE,FALSE,FALSE,0,4,FALSE,2026-09-15T16:13:25.309663Z
7030,2026_01_MIA_LV,2026,1,1155224,747,0,0,0,0,FALSE,FALSE,FALSE,FALSE,FALSE,FALSE,FALSE,FALSE,FALSE,0,FALSE,FALSE,FALSE,FALSE,FALSE,0,0,FALSE,2026-09-15T16:13:25.309663Z
7030,2026_01_MIA_LV,2026,1,1155225,762,0,0,0,0,FALSE,FALSE,FALSE,FALSE,FALSE,FALSE,FALSE,FALSE,FALSE,0,FALSE,FALSE,FALSE,FALSE,FALSE,0,0,FALSE,2026-09-15T16:13:25.309663Z
7030,2026_01_MIA_LV,2026,1,1155226,792,R,U,2,7,FALSE,FALSE,FALSE,FALSE,FALSE,FALSE,FALSE,FALSE,FALSE,0,FALSE,FALSE,FALSE,FALSE,FALSE,0,0,FALSE,2026-09-15T16:13:25.309663Z
7030,2026_01_MIA_LV,2026,1,1155227,814,L,S,0,6,FALSE,TRUE,FALSE,FALSE,FALSE,FALSE,FALSE,FALSE,FALSE,0,FALSE,FALSE,FALSE,FALSE,FALSE,0,4,TRUE,2026-09-15T16:13:25.309663Z
7030,2026_01_MIA_LV,2026,1,1155228,854,L,S,0,4,FALSE,TRUE,FALSE,FALSE,FALSE,FALSE,FALSE,FALSE,FALSE,1,TRUE,FALSE,FALSE,FALSE,FALSE,0,4,FALSE,2026-09-15T16:13:25.309663Z
7030,2026_01_MIA_LV,2026,1,1155229,879,0,0,0,0,FALSE,FALSE,FALSE,FALSE,FALSE,FALSE,FALSE,FALSE,FALSE,0,FALSE,FALSE,FALSE,FALSE,FALSE,0,0,FALSE,2026-09-15T16:13:25.309663Z
7030,2026_01_MIA_LV,2026,1,1155230,905,R,U,2,7,FALSE,TRUE,FALSE,FALSE,FALSE,TRUE,FALSE,FALSE,FALSE,0,FALSE,FALSE,FALSE,FALSE,FALSE,0,0,FALSE,2026-09-15T16:13:25.309663Z
7030,2026_01_MIA_LV,2026,1,1155231,934,L,S,1,6,FALSE,TRUE,FALSE,FALSE,FALSE,FALSE,FALSE,FALSE,FALSE,1,TRUE,FALSE,FALSE,FALSE,FALSE,0,4,FALSE,2026-09-15T16:13:25.309663Z
7030,2026_01_MIA_LV,2026,1,1155232,959,L,S,1,6,FALSE,TRUE,FALSE,FALSE,FALSE,FALSE,FALSE,FALSE,FALSE,1,FALSE,TRUE,FALSE,FALSE,FALSE,0,4,FALSE,2026-09-15T16:13:25.309663Z
7030,2026_01_MIA_LV,2026,1,1155233,998,L,P,2,7,FALSE,TRUE,FALSE,FALSE,FALSE,FALSE,FALSE,FALSE,FALSE,0,FALSE,FALSE,FALSE,FALSE,FALSE,0,0,FALSE,2026-09-15T16:13:25.309663Z
7030,2026_01_MIA_LV,2026,1,1155234,1020,L,U,1,8,FALSE,FALSE,FALSE,FALSE,FALSE,FALSE,FALSE,FALSE,FALSE,0,FALSE,FALSE,FALSE,FALSE,FALSE,0,0,FALSE,2026-09-15T16:13:25.309663Z
7030,2026_01_MIA_LV,2026,1,1155235,1042,L,U,2,7,FALSE,TRUE,FALSE,FALSE,FALSE,FALSE,FALSE,FALSE,FALSE,0,FALSE,FALSE,FALSE,FALSE,FALSE,0,0,FALSE,2026-09-15T16:13:25.309663Z
7030,2026_01_MIA_LV,2026,1,1155236,1064,L,U,2,7,FALSE,FALSE,FALSE,FALSE,FALSE,FALSE,FALSE,FALSE,FALSE,1,TRUE,TRUE,FALSE,TRUE,FALSE,0,4,FALSE,2026-09-15T16:13:25.309663Z
7030,2026_01_MIA_LV,2026,1,1155237,1087,R,S,1,6,FALSE,TRUE,FALSE,FALSE,FALSE,FALSE,FALSE,FALSE,FALSE,1,TRUE,FALSE,FALSE,FALSE,FALSE,0,4,FALSE,2026-09-15T16:13:25.309663Z
7030,2026_01_MIA_LV,2026,1,1155238,1173,0,0,0,0,FALSE,FALSE,FALSE,FALSE,FALSE,FALSE,FALSE,FALSE,FALSE,0,FALSE,FALSE,FALSE,FALSE,FALSE,0,0,FALSE,2026-09-15T16:13:25.309663Z
7030,2026_01_MIA_LV,2026,1,1155239,1193,0,0,0,0,FALSE,FALSE,FALSE,FALSE,FALSE,FALSE,FALSE,FALSE,FALSE,0,FALSE,FALSE,FALSE,FALSE,FALSE,0,0,FALSE,2026-09-15T16:13:25.309663Z
7030,2026_01_MIA_LV,2026,1,1155240,1217,R,U,2,7,FALSE,TRUE,TRUE,FALSE,FALSE,FALSE,FALSE,FALSE,FALSE,2,FALSE,FALSE,FALSE,FALSE,FALSE,0,4,FALSE,2026-09-15T16:13:25.309663Z
7030,2026_01_MIA_LV,2026,1,1155241,1240,L,U,1,7,FALSE,FALSE,FALSE,FALSE,FALSE,FALSE,FALSE,FALSE,FALSE,0,FALSE,FALSE,FALSE,FALSE,FALSE,0,0,FALSE,2026-09-15T16:13:25.309663Z
7030,2026_01_MIA_LV,2026,1,1155242,1262,R,U,2,7,FALSE,TRUE,TRUE,FALSE,FALSE,FALSE,FALSE,FALSE,FALSE,1,TRUE,FALSE,FALSE,FALSE,FALSE,0,4,FALSE,2026-09-15T16:13:25.309663Z
7030,2026_01_MIA_LV,2026,1,1155243,1287,R,U,2,8,FALSE,TRUE,FALSE,FALSE,FALSE,FALSE,FALSE,FALSE,FALSE,0,FALSE,FALSE,FALSE,FALSE,FALSE,0,0,FALSE,2026-09-15T16:13:25.309663Z
7030,2026_01_MIA_LV,2026,1,1155244,1309,L,U,2,7,FALSE,TRUE,FALSE,FALSE,FALSE,FALSE,FALSE,FALSE,FALSE,0,FALSE,FALSE,FALSE,FALSE,FALSE,0,0,FALSE,2026-09-15T16:13:25.309663Z
7030,2026_01_MIA_LV,2026,1,1155245,1331,L,U,1,7,FALSE,FALSE,TRUE,TRUE,FALSE,FALSE,FALSE,FALSE,FALSE,DES,TRUE,FALSE,FALSE,FALSE,FALSE,0,4,FALSE,2026-09-15T16:13:25.309663Z
7030,2026_01_MIA_LV,2026,1,1155246,1367,0,0,0,0,FALSE,FALSE,FALSE,FALSE,FALSE,FALSE,FALSE,FALSE,FALSE,0,FALSE,FALSE,FALSE,FALSE,FALSE,0,0,FALSE,2026-09-15T16:13:25.309663Z
7030,2026_01_MIA_LV,2026,1,1155247,1391,L,S,1,6,FALSE,FALSE,FALSE,FALSE,TRUE,FALSE,FALSE,FALSE,FALSE,0,FALSE,FALSE,FALSE,FALSE,FALSE,0,0,FALSE,2026-09-15T16:13:25.309663Z
7030,2026_01_MIA_LV,2026,1,1155248,1424,L,S,1,6,FALSE,FALSE,FALSE,FALSE,TRUE,FALSE,FALSE,FALSE,FALSE,0,FALSE,FALSE,FALSE,FALSE,FALSE,0,0,FALSE,2026-09-15T16:13:25.309663Z
7030,2026_01_MIA_LV,2026,1,1155249,1457,L,S,2,8,FALSE,TRUE,FALSE,FALSE,FALSE,FALSE,FALSE,FALSE,FALSE,CHK,TRUE,FALSE,FALSE,FALSE,FALSE,0,4,FALSE,2026-09-15T16:13:25.309663Z
7030,2026_01_MIA_LV,2026,1,1155250,1489,R,S,1,7,FALSE,TRUE,FALSE,FALSE,FALSE,FALSE,FALSE,FALSE,FALSE,1,TRUE,FALSE,FALSE,FALSE,FALSE,0,4,FALSE,2026-09-15T16:13:25.309663Z
7030,2026_01_MIA_LV,2026,1,1155251,1519,R,U,2,8,FALSE,FALSE,FALSE,FALSE,FALSE,FALSE,FALSE,FALSE,FALSE,0,FALSE,FALSE,FALSE,FALSE,FALSE,0,0,FALSE,2026-09-15T16:13:25.309663Z
7030,2026_01_MIA_LV,2026,1,1155252,1543,0,0,0,0,FALSE,FALSE,FALSE,FALSE,FALSE,FALSE,FALSE,FALSE,FALSE,0,FALSE,FALSE,FALSE,FALSE,FALSE,0,0,FALSE,2026-09-15T16:13:25.309663Z
7030,2026_01_MIA_LV,2026,1,1155253,1563,0,0,0,0,FALSE,FALSE,FALSE,FALSE,FALSE,FALSE,FALSE,FALSE,FALSE,0,FALSE,FALSE,FALSE,FALSE,FALSE,0,0,FALSE,2026-09-15T16:13:25.309663Z
7030,2026_01_MIA_LV,2026,1,1155254,1606,L,U,2,7,FALSE,TRUE,FALSE,FALSE,FALSE,FALSE,FALSE,FALSE,FALSE,0,FALSE,FALSE,FALSE,FALSE,FALSE,0,0,FALSE,2026-09-15T16:13:25.309663Z
7030,2026_01_MIA_LV,2026,1,1155255,1628,L,U,2,8,FALSE,FALSE,FALSE,FALSE,FALSE,FALSE,FALSE,FALSE,FALSE,0,FALSE,FALSE,FALSE,FALSE,FALSE,0,0,FALSE,2026-09-15T16:13:25.309663Z
7030,2026_01_MIA_LV,2026,1,1155256,1650,L,U,1,7,FALSE,FALSE,FALSE,FALSE,FALSE,FALSE,FALSE,FALSE,FALSE,0,FALSE,FALSE,FALSE,FALSE,FALSE,0,0,FALSE,2026-09-15T16:13:25.309663Z
7030,2026_01_MIA_LV,2026,1,1155257,1672,R,U,2,8,FALSE,TRUE,FALSE,FALSE,FALSE,FALSE,FALSE,FALSE,FALSE,1,TRUE,FALSE,FALSE,FALSE,FALSE,0,4,FALSE,2026-09-15T16:13:25.309663Z
7030,2026_01_MIA_LV,2026,1,1155258,1704,R,U,2,8,FALSE,FALSE,FALSE,FALSE,FALSE,FALSE,FALSE,FALSE,FALSE,2,FALSE,FALSE,FALSE,FALSE,FALSE,0,5,FALSE,2026-09-15T16:13:25.309663Z
7030,2026_01_MIA_LV,2026,1,1155259,1727,R,S,2,8,FALSE,FALSE,FALSE,TRUE,FALSE,FALSE,FALSE,FALSE,FALSE,DES,TRUE,FALSE,FALSE,FALSE,FALSE,0,4,FALSE,2026-09-15T16:13:25.309663Z
7030,2026_01_MIA_LV,2026,1,1155260,1764,0,0,0,0,FALSE,FALSE,FALSE,FALSE,FALSE,FALSE,FALSE,FALSE,FALSE,0,FALSE,FALSE,FALSE,FALSE,FALSE,0,0,FALSE,2026-09-15T16:13:25.309663Z
7030,2026_01_MIA_LV,2026,1,1155261,1752,L,S,2,7,FALSE,TRUE,FALSE,FALSE,FALSE,FALSE,FALSE,FALSE,FALSE,1,TRUE,FALSE,FALSE,FALSE,FALSE,0,4,FALSE,2026-09-15T16:13:25.309663Z
7030,2026_01_MIA_LV,2026,1,1155262,1785,0,0,0,0,FALSE,FALSE,FALSE,FALSE,FALSE,FALSE,FALSE,FALSE,FALSE,0,FALSE,FALSE,FALSE,FALSE,FALSE,0,0,FALSE,2026-09-15T16:13:25.309663Z
7030,2026_01_MIA_LV,2026,1,1155263,1800,0,0,0,0,FALSE,FALSE,FALSE,FALSE,FALSE,FALSE,FALSE,FALSE,FALSE,0,FALSE,FALSE,FALSE,FALSE,FALSE,0,0,FALSE,2026-09-15T16:13:25.309663Z
7030,2026_01_MIA_LV,2026,1,1155264,1830,R,S,2,6,FALSE,TRUE,FALSE,FALSE,FALSE,FALSE,TRUE,FALSE,FALSE,SD,FALSE,TRUE,FALSE,FALSE,FALSE,0,3,FALSE,2026-09-15T16:13:25.309663Z
7030,2026_01_MIA_LV,2026,1,1155265,1853,R,S,1,6,FALSE,FALSE,FALSE,FALSE,TRUE,FALSE,FALSE,FALSE,FALSE,0,FALSE,FALSE,FALSE,FALSE,FALSE,0,0,FALSE,2026-09-15T16:13:25.309663Z
7030,2026_01_MIA_LV,2026,1,1155266,1887,0,0,0,0,FALSE,FALSE,FALSE,FALSE,FALSE,FALSE,FALSE,FALSE,FALSE,0,FALSE,FALSE,FALSE,FALSE,FALSE,0,0,FALSE,2026-09-15T16:13:25.309663Z
7030,2026_01_MIA_LV,2026,1,1155267,1875,R,S,0,7,FALSE,TRUE,FALSE,FALSE,FALSE,FALSE,FALSE,FALSE,FALSE,1,TRUE,FALSE,FALSE,FALSE,FALSE,0,4,FALSE,2026-09-15T16:13:25.309663Z
7030,2026_01_MIA_LV,2026,1,1155268,1912,R,S,0,6,FALSE,TRUE,FALSE,FALSE,FALSE,FALSE,TRUE,FALSE,FALSE,SD,FALSE,FALSE,FALSE,FALSE,FALSE,0,4,FALSE,2026-09-15T16:13:25.309663Z
7030,2026_01_MIA_LV,2026,1,1155269,1947,0,0,0,0,FALSE,FALSE,FALSE,FALSE,FALSE,FALSE,FALSE,FALSE,FALSE,0,FALSE,FALSE,FALSE,FALSE,FALSE,0,0,FALSE,2026-09-15T16:13:25.309663Z
7030,2026_01_MIA_LV,2026,1,1155270,1935,R,S,1,6,FALSE,FALSE,FALSE,FALSE,FALSE,FALSE,FALSE,FALSE,FALSE,1,TRUE,FALSE,FALSE,FALSE,FALSE,0,4,FALSE,2026-09-15T16:13:25.309663Z
7030,2026_01_MIA_LV,2026,1,1155271,1979,0,0,0,0,FALSE,FALSE,FALSE,FALSE,FALSE,FALSE,FALSE,FALSE,FALSE,0,FALSE,FALSE,FALSE,FALSE,FALSE,0,0,FALSE,2026-09-15T16:13:25.309663Z
7030,2026_01_MIA_LV,2026,1,1155272,1967,0,0,0,0,FALSE,FALSE,FALSE,FALSE,FALSE,FALSE,FALSE,FALSE,FALSE,0,FALSE,FALSE,FALSE,FALSE,FALSE,0,0,FALSE,2026-09-15T16:13:25.309663Z
7030,2026_01_MIA_LV,2026,1,1155273,2012,0,0,0,0,FALSE,FALSE,FALSE,FALSE,FALSE,FALSE,FALSE,FALSE,FALSE,0,FALSE,FALSE,FALSE,FALSE,FALSE,0,0,FALSE,2026-09-15T16:13:25.309663Z
7030,2026_01_MIA_LV,2026,1,1155274,2029,L,U,1,6,FALSE,FALSE,FALSE,FALSE,TRUE,FALSE,FALSE,FALSE,FALSE,0,FALSE,FALSE,FALSE,FALSE,FALSE,0,0,FALSE,2026-09-15T16:13:25.309663Z
7030,2026_01_MIA_LV,2026,1,1155275,2051,L,S,1,6,TRUE,FALSE,FALSE,FALSE,FALSE,FALSE,FALSE,TRUE,FALSE,1,FALSE,FALSE,FALSE,FALSE,FALSE,1,5,FALSE,2026-09-15T16:13:25.309663Z
7030,2026_01_MIA_LV,2026,1,1155276,2078,R,P,1,8,FALSE,TRUE,FALSE,FALSE,FALSE,FALSE,FALSE,FALSE,FALSE,1,TRUE,FALSE,FALSE,FALSE,FALSE,0,4,FALSE,2026-09-15T16:13:25.309663Z
7030,2026_01_MIA_LV,2026,1,1155277,2108,R,S,1,6,TRUE,FALSE,FALSE,FALSE,FALSE,FALSE,FALSE,FALSE,FALSE,1,TRUE,FALSE,FALSE,FALSE,FALSE,0,4,FALSE,2026-09-15T16:13:25.309663Z
7030,2026_01_MIA_LV,2026,1,1155278,2131,0,0,0,0,FALSE,FALSE,FALSE,FALSE,FALSE,FALSE,FALSE,FALSE,FALSE,0,FALSE,FALSE,FALSE,FALSE,FALSE,0,0,FALSE,2026-09-15T16:13:25.309663Z
7030,2026_01_MIA_LV,2026,1,1155279,2205,R,U,3,8,FALSE,TRUE,FALSE,FALSE,FALSE,FALSE,FALSE,FALSE,FALSE,0,FALSE,FALSE,FALSE,FALSE,FALSE,0,0,FALSE,2026-09-15T16:13:25.309663Z
7030,2026_01_MIA_LV,2026,1,1155280,2227,M,U,2,7,FALSE,FALSE,FALSE,FALSE,FALSE,FALSE,FALSE,FALSE,FALSE,SD,FALSE,FALSE,FALSE,FALSE,FALSE,0,4,FALSE,2026-09-15T16:13:25.309663Z
7030,2026_01_MIA_LV,2026,1,1155281,2250,0,0,0,0,FALSE,FALSE,FALSE,FALSE,FALSE,FALSE,FALSE,FALSE,FALSE,0,FALSE,FALSE,FALSE,FALSE,FALSE,0,0,FALSE,2026-09-15T16:13:25.309663Z
7030,2026_01_MIA_LV,2026,1,1155282,2265,0,0,0,0,FALSE,FALSE,FALSE,FALSE,FALSE,FALSE,FALSE,FALSE,FALSE,0,FALSE,FALSE,FALSE,FALSE,FALSE,0,0,FALSE,2026-09-15T16:13:25.309663Z
7030,2026_01_MIA_LV,2026,1,1155283,2310,L,U,2,7,FALSE,FALSE,FALSE,FALSE,FALSE,FALSE,FALSE,FALSE,FALSE,0,FALSE,FALSE,FALSE,FALSE,FALSE,0,0,FALSE,2026-09-15T16:13:25.309663Z
7030,2026_01_MIA_LV,2026,1,1155284,2332,M,U,2,7,FALSE,FALSE,TRUE,FALSE,FALSE,FALSE,FALSE,FALSE,FALSE,2,TRUE,FALSE,FALSE,FALSE,FALSE,0,4,FALSE,2026-09-15T16:13:25.309663Z
7030,2026_01_MIA_LV,2026,1,1155285,2357,L,U,1,8,FALSE,FALSE,FALSE,FALSE,FALSE,FALSE,FALSE,FALSE,FALSE,0,FALSE,FALSE,FALSE,FALSE,FALSE,0,0,FALSE,2026-09-15T16:13:25.309663Z
7030,2026_01_MIA_LV,2026,1,1155286,2384,M,S,2,8,FALSE,TRUE,FALSE,FALSE,FALSE,FALSE,FALSE,FALSE,FALSE,0,FALSE,FALSE,FALSE,FALSE,FALSE,0,0,FALSE,2026-09-15T16:13:25.309663Z
7030,2026_01_MIA_LV,2026,1,1155287,2406,R,U,1,8,FALSE,TRUE,TRUE,FALSE,FALSE,FALSE,FALSE,FALSE,FALSE,CHK,TRUE,FALSE,FALSE,FALSE,FALSE,0,4,FALSE,2026-09-15T16:13:25.309663Z
7030,2026_01_MIA_LV,2026,1,1155288,2432,0,0,0,0,FALSE,FALSE,FALSE,FALSE,FALSE,FALSE,FALSE,FALSE,FALSE,0,FALSE,FALSE,FALSE,FALSE,FALSE,0,0,FALSE,2026-09-15T16:13:25.309663Z
7030,2026_01_MIA_LV,2026,1,1155289,2447,0,0,0,0,FALSE,FALSE,FALSE,FALSE,FALSE,FALSE,FALSE,FALSE,FALSE,0,FALSE,FALSE,FALSE,FALSE,FALSE,0,0,FALSE,2026-09-15T16:13:25.309663Z
7030,2026_01_MIA_LV,2026,1,1155290,2477,L,S,1,5,FALSE,TRUE,FALSE,FALSE,FALSE,FALSE,FALSE,FALSE,FALSE,1,FALSE,FALSE,FALSE,FALSE,FALSE,0,4,FALSE,2026-09-15T16:13:25.309663Z
7030,2026_01_MIA_LV,2026,1,1155291,2500,R,S,1,7,FALSE,TRUE,TRUE,FALSE,FALSE,FALSE,FALSE,TRUE,FALSE,1,FALSE,FALSE,FALSE,FALSE,FALSE,0,4,FALSE,2026-09-15T16:13:25.309663Z
7030,2026_01_MIA_LV,2026,1,1155292,2527,R,U,1,7,FALSE,TRUE,FALSE,FALSE,FALSE,FALSE,FALSE,FALSE,FALSE,0,FALSE,FALSE,FALSE,FALSE,FALSE,0,0,FALSE,2026-09-15T16:13:25.309663Z
7030,2026_01_MIA_LV,2026,1,1155293,2556,R,U,1,8,FALSE,FALSE,FALSE,FALSE,FALSE,FALSE,FALSE,FALSE,FALSE,0,FALSE,FALSE,FALSE,FALSE,FALSE,0,0,FALSE,2026-09-15T16:13:25.309663Z
7030,2026_01_MIA_LV,2026,1,1155294,2578,R,U,2,7,FALSE,FALSE,TRUE,FALSE,FALSE,FALSE,FALSE,FALSE,FALSE,CHK,FALSE,FALSE,FALSE,FALSE,FALSE,1,6,FALSE,2026-09-15T16:13:25.309663Z
7030,2026_01_MIA_LV,2026,1,1155295,2601,R,S,1,6,FALSE,TRUE,FALSE,FALSE,TRUE,FALSE,FALSE,FALSE,FALSE,0,FALSE,FALSE,FALSE,FALSE,FALSE,0,0,FALSE,2026-09-15T16:13:25.309663Z
7030,2026_01_MIA_LV,2026,1,1155296,2623,R,S,1,7,FALSE,TRUE,FALSE,FALSE,FALSE,FALSE,FALSE,FALSE,FALSE,0,FALSE,FALSE,FALSE,FALSE,FALSE,0,0,FALSE,2026-09-15T16:13:25.309663Z
7030,2026_01_MIA_LV,2026,1,1155297,2645,L,U,2,7,FALSE,TRUE,TRUE,FALSE,FALSE,FALSE,FALSE,FALSE,FALSE,1,TRUE,FALSE,FALSE,FALSE,FALSE,0,5,FALSE,2026-09-15T16:13:25.309663Z
7030,2026_01_MIA_LV,2026,1,1155298,2670,R,U,2,7,FALSE,FALSE,FALSE,FALSE,FALSE,FALSE,FALSE,FALSE,FALSE,0,FALSE,FALSE,FALSE,FALSE,FALSE,0,0,FALSE,2026-09-15T16:13:25.309663Z
7030,2026_01_MIA_LV,2026,1,1155299,2692,L,U,1,8,FALSE,FALSE,FALSE,FALSE,FALSE,FALSE,FALSE,FALSE,FALSE,0,FALSE,FALSE,FALSE,FALSE,FALSE,0,0,FALSE,2026-09-15T16:13:25.309663Z
7030,2026_01_MIA_LV,2026,1,1155300,2714,L,S,2,7,FALSE,TRUE,FALSE,FALSE,FALSE,FALSE,FALSE,FALSE,FALSE,0,FALSE,FALSE,FALSE,FALSE,FALSE,0,0,FALSE,2026-09-15T16:13:25.309663Z
7030,2026_01_MIA_LV,2026,1,1155301,2736,L,U,1,8,FALSE,FALSE,FALSE,FALSE,FALSE,FALSE,FALSE,FALSE,FALSE,1,FALSE,FALSE,FALSE,FALSE,FALSE,0,4,FALSE,2026-09-15T16:13:25.309663Z
7030,2026_01_MIA_LV,2026,1,1155302,2759,L,U,1,7,FALSE,TRUE,FALSE,FALSE,FALSE,FALSE,FALSE,FALSE,FALSE,0,FALSE,FALSE,FALSE,FALSE,FALSE,0,0,FALSE,2026-09-15T16:13:25.309663Z
7030,2026_01_MIA_LV,2026,1,1155303,2781,L,S,0,5,FALSE,TRUE,FALSE,FALSE,FALSE,FALSE,FALSE,FALSE,FALSE,CHK,TRUE,FALSE,FALSE,FALSE,FALSE,0,4,FALSE,2026-09-15T16:13:25.309663Z
7030,2026_01_MIA_LV,2026,1,1155304,2806,0,0,0,0,FALSE,FALSE,FALSE,FALSE,FALSE,FALSE,FALSE,FALSE,FALSE,0,FALSE,FALSE,FALSE,FALSE,FALSE,0,0,FALSE,2026-09-15T16:13:25.309663Z
7030,2026_01_MIA_LV,2026,1,1155305,2842,0,0,0,0,FALSE,FALSE,FALSE,FALSE,FALSE,FALSE,FALSE,FALSE,FALSE,0,FALSE,FALSE,FALSE,FALSE,FALSE,0,0,FALSE,2026-09-15T16:13:25.309663Z
7030,2026_01_MIA_LV,2026,1,1155306,2862,0,0,0,0,FALSE,FALSE,FALSE,FALSE,FALSE,FALSE,FALSE,FALSE,FALSE,0,FALSE,FALSE,FALSE,FALSE,FALSE,0,0,FALSE,2026-09-15T16:13:25.309663Z
7030,2026_01_MIA_LV,2026,1,1155307,2897,L,P,2,7,FALSE,TRUE,FALSE,FALSE,FALSE,FALSE,FALSE,FALSE,FALSE,0,FALSE,FALSE,FALSE,FALSE,FALSE,0,0,FALSE,2026-09-15T16:13:25.309663Z
7030,2026_01_MIA_LV,2026,1,1155308,2919,L,U,2,7,FALSE,TRUE,FALSE,FALSE,FALSE,FALSE,FALSE,FALSE,FALSE,0,FALSE,FALSE,FALSE,FALSE,FALSE,0,0,FALSE,2026-09-15T16:13:25.309663Z
7030,2026_01_MIA_LV,2026,1,1155309,2941,L,S,1,7,FALSE,TRUE,FALSE,FALSE,FALSE,FALSE,TRUE,FALSE,FALSE,0,FALSE,FALSE,FALSE,FALSE,FALSE,1,5,TRUE,2026-09-15T16:13:25.309663Z
7030,2026_01_MIA_LV,2026,1,1155310,2961,0,0,0,0,FALSE,FALSE,FALSE,FALSE,FALSE,FALSE,FALSE,FALSE,FALSE,0,FALSE,FALSE,FALSE,FALSE,FALSE,0,0,FALSE,2026-09-15T16:13:25.309663Z
7030,2026_01_MIA_LV,2026,1,1155311,2982,L,U,2,8,FALSE,TRUE,TRUE,FALSE,FALSE,FALSE,FALSE,FALSE,FALSE,2,FALSE,FALSE,FALSE,FALSE,FALSE,0,5,FALSE,2026-09-15T16:13:25.309663Z
7030,2026_01_MIA_LV,2026,1,1155312,3032,L,S,1,6,FALSE,TRUE,FALSE,FALSE,FALSE,FALSE,FALSE,FALSE,FALSE,1,FALSE,FALSE,FALSE,FALSE,FALSE,0,5,FALSE,2026-09-15T16:13:25.309663Z
7030,2026_01_MIA_LV,2026,1,1155313,3055,L,S,1,7,FALSE,TRUE,FALSE,FALSE,FALSE,FALSE,FALSE,FALSE,FALSE,2,TRUE,FALSE,FALSE,FALSE,FALSE,0,4,FALSE,2026-09-15T16:13:25.309663Z
7030,2026_01_MIA_LV,2026,1,1155314,3080,0,0,0,0,FALSE,FALSE,FALSE,FALSE,FALSE,FALSE,FALSE,FALSE,FALSE,0,FALSE,FALSE,FALSE,FALSE,FALSE,0,0,FALSE,2026-09-15T16:13:25.309663Z
7030,2026_01_MIA_LV,2026,1,1155315,3098,R,S,1,6,FALSE,FALSE,FALSE,FALSE,FALSE,FALSE,FALSE,FALSE,FALSE,CHK,TRUE,FALSE,FALSE,FALSE,FALSE,0,4,FALSE,2026-09-15T16:13:25.309663Z
7030,2026_01_MIA_LV,2026,1,1155316,3123,R,S,0,5,FALSE,TRUE,FALSE,FALSE,FALSE,FALSE,FALSE,FALSE,FALSE,SD,FALSE,FALSE,FALSE,FALSE,FALSE,0,4,FALSE,2026-09-15T16:13:25.309663Z
7030,2026_01_MIA_LV,2026,1,1155317,3146,R,S,1,6,FALSE,TRUE,FALSE,FALSE,FALSE,FALSE,FALSE,FALSE,FALSE,0,FALSE,FALSE,FALSE,FALSE,FALSE,0,4,FALSE,2026-09-15T16:13:25.309663Z
7030,2026_01_MIA_LV,2026,1,1155318,3166,0,0,0,0,FALSE,FALSE,FALSE,FALSE,FALSE,FALSE,FALSE,FALSE,FALSE,0,FALSE,FALSE,FALSE,FALSE,FALSE,0,0,FALSE,2026-09-15T16:13:25.309663Z
7030,2026_01_MIA_LV,2026,1,1155319,3192,0,0,0,0,FALSE,FALSE,FALSE,FALSE,FALSE,FALSE,FALSE,FALSE,FALSE,0,FALSE,FALSE,FALSE,FALSE,FALSE,0,0,FALSE,2026-09-15T16:13:25.309663Z
7030,2026_01_MIA_LV,2026,1,1155320,3223,R,U,1,7,FALSE,FALSE,TRUE,FALSE,FALSE,FALSE,FALSE,FALSE,FALSE,CHK,FALSE,FALSE,FALSE,FALSE,FALSE,0,4,FALSE,2026-09-15T16:13:25.309663Z
7030,2026_01_MIA_LV,2026,1,1155321,3257,R,U,2,7,FALSE,FALSE,FALSE,FALSE,FALSE,FALSE,FALSE,FALSE,FALSE,0,FALSE,FALSE,FALSE,FALSE,FALSE,0,0,FALSE,2026-09-15T16:13:25.309663Z
7030,2026_01_MIA_LV,2026,1,1155322,3291,0,0,0,0,FALSE,FALSE,FALSE,FALSE,FALSE,FALSE,FALSE,FALSE,FALSE,0,FALSE,FALSE,FALSE,FALSE,FALSE,0,0,FALSE,2026-09-15T16:13:25.309663Z
7030,2026_01_MIA_LV,2026,1,1155323,3279,R,S,1,6,FALSE,TRUE,FALSE,FALSE,FALSE,FALSE,FALSE,TRUE,FALSE,1,FALSE,FALSE,FALSE,FALSE,FALSE,0,4,FALSE,2026-09-15T16:13:25.309663Z
7030,2026_01_MIA_LV,2026,1,1155324,3318,L,S,1,6,FALSE,TRUE,FALSE,TRUE,FALSE,FALSE,FALSE,FALSE,FALSE,DES,FALSE,FALSE,FALSE,FALSE,FALSE,0,4,FALSE,2026-09-15T16:13:25.309663Z
7030,2026_01_MIA_LV,2026,1,1155325,3348,L,S,2,7,FALSE,TRUE,TRUE,FALSE,FALSE,FALSE,FALSE,FALSE,FALSE,2,FALSE,FALSE,FALSE,FALSE,FALSE,0,4,FALSE,2026-09-15T16:13:25.309663Z
7030,2026_01_MIA_LV,2026,1,1155326,3371,L,S,1,6,FALSE,TRUE,FALSE,FALSE,FALSE,FALSE,FALSE,FALSE,FALSE,0,FALSE,FALSE,FALSE,FALSE,FALSE,1,5,FALSE,2026-09-15T16:13:25.309663Z
7030,2026_01_MIA_LV,2026,1,1155327,3391,0,0,0,0,FALSE,FALSE,FALSE,FALSE,FALSE,FALSE,FALSE,FALSE,FALSE,0,FALSE,FALSE,FALSE,FALSE,FALSE,0,0,FALSE,2026-09-15T16:13:25.309663Z
7030,2026_01_MIA_LV,2026,1,1155328,3411,R,U,2,8,FALSE,TRUE,FALSE,FALSE,FALSE,FALSE,FALSE,FALSE,FALSE,0,FALSE,FALSE,FALSE,FALSE,FALSE,0,0,FALSE,2026-09-15T16:13:25.309663Z
7030,2026_01_MIA_LV,2026,1,1155329,3440,R,S,1,6,FALSE,TRUE,FALSE,FALSE,FALSE,FALSE,FALSE,FALSE,FALSE,0,FALSE,FALSE,FALSE,FALSE,FALSE,0,0,FALSE,2026-09-15T16:13:25.309663Z
7030,2026_01_MIA_LV,2026,1,1155330,3484,0,0,0,0,FALSE,FALSE,FALSE,FALSE,FALSE,FALSE,FALSE,FALSE,FALSE,0,FALSE,FALSE,FALSE,FALSE,FALSE,0,0,FALSE,2026-09-15T16:13:25.309663Z
7030,2026_01_MIA_LV,2026,1,1155331,3467,R,S,1,7,FALSE,TRUE,FALSE,FALSE,FALSE,FALSE,FALSE,FALSE,FALSE,2,TRUE,FALSE,FALSE,FALSE,FALSE,0,4,FALSE,2026-09-15T16:13:25.309663Z
7030,2026_01_MIA_LV,2026,1,1155332,3504,L,U,2,8,FALSE,FALSE,FALSE,FALSE,FALSE,FALSE,FALSE,FALSE,FALSE,0,FALSE,FALSE,FALSE,FALSE,FALSE,0,0,FALSE,2026-09-15T16:13:25.309663Z
7030,2026_01_MIA_LV,2026,1,1155333,3526,L,U,2,9,FALSE,TRUE,TRUE,FALSE,FALSE,FALSE,FALSE,FALSE,FALSE,1,TRUE,FALSE,FALSE,FALSE,FALSE,0,4,FALSE,2026-09-15T16:13:25.309663Z
7030,2026_01_MIA_LV,2026,1,1155334,3551,L,S,1,7,FALSE,FALSE,FALSE,FALSE,FALSE,FALSE,FALSE,FALSE,FALSE,0,FALSE,FALSE,FALSE,FALSE,FALSE,0,0,FALSE,2026-09-15T16:13:25.309663Z
7030,2026_01_MIA_LV,2026,1,1155335,3580,0,0,0,0,FALSE,FALSE,FALSE,FALSE,FALSE,FALSE,FALSE,FALSE,FALSE,0,FALSE,FALSE,FALSE,FALSE,FALSE,0,0,FALSE,2026-09-15T16:13:25.309663Z
7030,2026_01_MIA_LV,2026,1,1155336,3606,M,S,1,5,FALSE,TRUE,FALSE,FALSE,FALSE,FALSE,FALSE,FALSE,FALSE,1,FALSE,TRUE,FALSE,FALSE,FALSE,0,4,FALSE,2026-09-15T16:13:25.309663Z
7030,2026_01_MIA_LV,2026,1,1155337,3645,R,S,1,6,FALSE,FALSE,FALSE,FALSE,FALSE,FALSE,FALSE,FALSE,FALSE,0,FALSE,FALSE,FALSE,FALSE,FALSE,0,0,FALSE,2026-09-15T16:13:25.309663Z
7030,2026_01_MIA_LV,2026,1,1155338,3667,R,S,1,6,FALSE,FALSE,FALSE,FALSE,FALSE,FALSE,FALSE,FALSE,FALSE,2,TRUE,FALSE,FALSE,FALSE,FALSE,1,5,FALSE,2026-09-15T16:13:25.309663Z
7030,2026_01_MIA_LV,2026,1,1155339,3692,L,S,1,6,FALSE,TRUE,FALSE,FALSE,FALSE,FALSE,FALSE,FALSE,FALSE,1,FALSE,TRUE,FALSE,FALSE,FALSE,0,4,FALSE,2026-09-15T16:13:25.309663Z
7030,2026_01_MIA_LV,2026,1,1155340,3718,L,S,1,6,FALSE,FALSE,FALSE,FALSE,FALSE,FALSE,TRUE,FALSE,FALSE,SD,FALSE,FALSE,FALSE,FALSE,FALSE,1,4,FALSE,2026-09-15T16:13:25.309663Z
7030,2026_01_MIA_LV,2026,1,1155341,3740,L,S,1,6,FALSE,FALSE,FALSE,FALSE,FALSE,FALSE,FALSE,FALSE,FALSE,SD,FALSE,FALSE,FALSE,FALSE,FALSE,0,4,FALSE,2026-09-15T16:13:25.309663Z
7030,2026_01_MIA_LV,2026,1,1155342,3763,0,0,0,0,FALSE,FALSE,FALSE,FALSE,FALSE,FALSE,FALSE,FALSE,FALSE,0,FALSE,FALSE,FALSE,FALSE,FALSE,0,0,FALSE,2026-09-15T16:13:25.309663Z
7030,2026_01_MIA_LV,2026,1,1155343,3787,L,S,0,6,FALSE,TRUE,FALSE,FALSE,FALSE,FALSE,FALSE,FALSE,FALSE,1,FALSE,FALSE,FALSE,FALSE,FALSE,0,5,FALSE,2026-09-15T16:13:25.309663Z
7030,2026_01_MIA_LV,2026,1,1155344,3810,R,U,2,8,FALSE,FALSE,FALSE,FALSE,FALSE,FALSE,FALSE,FALSE,FALSE,0,FALSE,FALSE,FALSE,FALSE,FALSE,0,0,FALSE,2026-09-15T16:13:25.309663Z
7030,2026_01_MIA_LV,2026,1,1155345,3844,0,0,0,0,FALSE,FALSE,FALSE,FALSE,FALSE,FALSE,FALSE,FALSE,FALSE,0,FALSE,FALSE,FALSE,FALSE,FALSE,0,0,FALSE,2026-09-15T16:13:25.309663Z
7030,2026_01_MIA_LV,2026,1,1155346,3832,L,U,1,9,FALSE,FALSE,FALSE,FALSE,FALSE,FALSE,FALSE,FALSE,FALSE,0,FALSE,FALSE,FALSE,FALSE,FALSE,0,0,FALSE,2026-09-15T16:13:25.309663Z
7030,2026_01_MIA_LV,2026,1,1155347,3873,0,0,0,0,FALSE,FALSE,FALSE,FALSE,FALSE,FALSE,FALSE,FALSE,FALSE,0,FALSE,FALSE,FALSE,FALSE,FALSE,0,0,FALSE,2026-09-15T16:13:25.309663Z
7030,2026_01_MIA_LV,2026,1,1155348,3861,M,U,2,7,FALSE,TRUE,FALSE,FALSE,FALSE,FALSE,FALSE,FALSE,FALSE,0,FALSE,FALSE,FALSE,FALSE,FALSE,0,0,FALSE,2026-09-15T16:13:25.309663Z
7030,2026_01_MIA_LV,2026,1,1155349,3907,0,0,0,0,FALSE,FALSE,FALSE,FALSE,FALSE,FALSE,FALSE,FALSE,FALSE,0,FALSE,FALSE,FALSE,FALSE,FALSE,0,0,FALSE,2026-09-15T16:13:25.309663Z
7030,2026_01_MIA_LV,2026,1,1155350,3895,0,0,0,0,FALSE,FALSE,FALSE,FALSE,FALSE,FALSE,FALSE,FALSE,FALSE,0,FALSE,FALSE,FALSE,FALSE,FALSE,0,0,FALSE,2026-09-15T16:13:25.309663Z
7030,2026_01_MIA_LV,2026,1,1155351,3930,0,0,0,0,FALSE,FALSE,FALSE,FALSE,FALSE,FALSE,FALSE,FALSE,FALSE,0,FALSE,FALSE,FALSE,FALSE,FALSE,0,0,FALSE,2026-09-15T16:13:25.309663Z
7030,2026_01_MIA_LV,2026,1,1155352,3950,L,S,1,6,FALSE,TRUE,FALSE,FALSE,FALSE,FALSE,FALSE,FALSE,FALSE,CHK,TRUE,TRUE,FALSE,FALSE,FALSE,0,4,FALSE,2026-09-15T16:13:25.309663Z
7030,2026_01_MIA_LV,2026,1,1155353,3975,L,S,1,6,TRUE,TRUE,FALSE,FALSE,FALSE,FALSE,FALSE,FALSE,FALSE,1,FALSE,FALSE,FALSE,FALSE,FALSE,0,4,FALSE,2026-09-15T16:13:25.309663Z
7030,2026_01_MIA_LV,2026,1,1155354,4009,L,S,1,6,FALSE,FALSE,FALSE,FALSE,FALSE,FALSE,FALSE,FALSE,FALSE,1,TRUE,FALSE,FALSE,FALSE,FALSE,0,4,FALSE,2026-09-15T16:13:25.309663Z
7030,2026_01_MIA_LV,2026,1,1155355,4050,L,S,1,6,FALSE,TRUE,FALSE,FALSE,FALSE,FALSE,FALSE,FALSE,FALSE,0,FALSE,FALSE,FALSE,FALSE,FALSE,0,4,FALSE,2026-09-15T16:13:25.309663Z
7030,2026_01_MIA_LV,2026,1,1155356,4070,L,S,1,6,FALSE,FALSE,FALSE,FALSE,FALSE,FALSE,TRUE,FALSE,FALSE,SD,FALSE,FALSE,FALSE,FALSE,FALSE,0,4,FALSE,2026-09-15T16:13:25.309663Z
7030,2026_01_MIA_LV,2026,1,1155357,4097,L,S,1,6,FALSE,FALSE,FALSE,FALSE,FALSE,FALSE,FALSE,FALSE,FALSE,1,TRUE,FALSE,FALSE,FALSE,FALSE,0,4,FALSE,2026-09-15T16:13:25.309663Z
7030,2026_01_MIA_LV,2026,1,1155358,4148,0,0,0,0,FALSE,FALSE,FALSE,FALSE,FALSE,FALSE,FALSE,FALSE,FALSE,0,FALSE,FALSE,FALSE,FALSE,FALSE,0,0,FALSE,2026-09-15T16:13:25.309663Z
7030,2026_01_MIA_LV,2026,1,1155359,4170,0,0,0,0,FALSE,FALSE,FALSE,FALSE,FALSE,FALSE,FALSE,FALSE,FALSE,0,FALSE,FALSE,FALSE,FALSE,FALSE,0,0,FALSE,2026-09-15T16:13:25.309663Z
7030,2026_01_MIA_LV,2026,1,1155360,4192,0,0,0,0,FALSE,FALSE,FALSE,FALSE,FALSE,FALSE,FALSE,FALSE,FALSE,0,FALSE,FALSE,FALSE,FALSE,FALSE,0,0,FALSE,2026-09-15T16:13:25.309663Z
7031,2026_01_GB_MIN,2026,1,1155361,39,0,0,0,0,FALSE,FALSE,FALSE,FALSE,FALSE,FALSE,FALSE,FALSE,FALSE,0,FALSE,FALSE,FALSE,FALSE,FALSE,0,0,FALSE,2026-09-15T16:13:25.309663Z
7031,2026_01_GB_MIN,2026,1,1155362,56,L,P,2,7,FALSE,TRUE,FALSE,FALSE,FALSE,FALSE,FALSE,FALSE,FALSE,0,FALSE,FALSE,FALSE,FALSE,FALSE,0,0,FALSE,2026-09-15T16:13:25.309663Z
7031,2026_01_GB_MIN,2026,1,1155363,78,L,S,0,6,FALSE,FALSE,FALSE,FALSE,FALSE,FALSE,FALSE,TRUE,FALSE,1,FALSE,FALSE,FALSE,FALSE,FALSE,0,6,FALSE,2026-09-15T16:13:25.309663Z
7031,2026_01_GB_MIN,2026,1,1155364,105,L,U,1,7,FALSE,FALSE,FALSE,FALSE,FALSE,FALSE,FALSE,FALSE,FALSE,1,FALSE,FALSE,FALSE,FALSE,FALSE,0,5,FALSE,2026-09-15T16:13:25.309663Z
7031,2026_01_GB_MIN,2026,1,1155365,128,L,U,2,6,FALSE,TRUE,FALSE,FALSE,FALSE,FALSE,FALSE,FALSE,FALSE,0,FALSE,FALSE,FALSE,FALSE,FALSE,0,0,FALSE,2026-09-15T16:13:25.309663Z
7031,2026_01_GB_MIN,2026,1,1155366,150,0,0,0,0,FALSE,FALSE,FALSE,FALSE,FALSE,FALSE,FALSE,FALSE,FALSE,0,FALSE,FALSE,FALSE,FALSE,FALSE,0,0,FALSE,2026-09-15T16:13:25.309663Z
7031,2026_01_GB_MIN,2026,1,1155367,174,L,U,2,5,FALSE,TRUE,FALSE,FALSE,FALSE,FALSE,FALSE,FALSE,FALSE,0,FALSE,FALSE,FALSE,FALSE,FALSE,0,0,FALSE,2026-09-15T16:13:25.309663Z
7031,2026_01_GB_MIN,2026,1,1155368,196,L,S,1,5,FALSE,TRUE,FALSE,FALSE,FALSE,FALSE,FALSE,FALSE,FALSE,1,FALSE,FALSE,FALSE,FALSE,FALSE,1,5,FALSE,2026-09-15T16:13:25.309663Z
7031,2026_01_GB_MIN,2026,1,1155369,219,L,S,1,8,FALSE,FALSE,FALSE,FALSE,FALSE,FALSE,TRUE,FALSE,FALSE,SD,FALSE,FALSE,FALSE,FALSE,FALSE,0,6,FALSE,2026-09-15T16:13:25.309663Z
7031,2026_01_GB_MIN,2026,1,1155370,242,0,0,0,0,FALSE,FALSE,FALSE,FALSE,FALSE,FALSE,FALSE,FALSE,FALSE,0,FALSE,FALSE,FALSE,FALSE,FALSE,0,0,FALSE,2026-09-15T16:13:25.309663Z
7031,2026_01_GB_MIN,2026,1,1155371,262,0,0,0,0,FALSE,FALSE,FALSE,FALSE,FALSE,FALSE,FALSE,FALSE,FALSE,0,FALSE,FALSE,FALSE,FALSE,FALSE,0,0,FALSE,2026-09-15T16:13:25.309663Z
7031,2026_01_GB_MIN,2026,1,1155372,292,L,U,1,7,FALSE,TRUE,TRUE,FALSE,FALSE,FALSE,TRUE,FALSE,TRUE,SD,FALSE,FALSE,FALSE,FALSE,FALSE,0,5,FALSE,2026-09-15T16:13:25.309663Z
7031,2026_01_GB_MIN,2026,1,1155373,315,R,U,1,5,FALSE,FALSE,FALSE,FALSE,FALSE,FALSE,FALSE,FALSE,FALSE,0,FALSE,FALSE,FALSE,FALSE,FALSE,0,0,FALSE,2026-09-15T16:13:25.309663Z
7031,2026_01_GB_MIN,2026,1,1155374,337,L,S,1,6,FALSE,TRUE,FALSE,FALSE,FALSE,FALSE,FALSE,FALSE,FALSE,1,TRUE,TRUE,FALSE,FALSE,FALSE,0,5,FALSE,2026-09-15T16:13:25.309663Z
7031,2026_01_GB_MIN,2026,1,1155375,362,R,U,2,6,FALSE,TRUE,FALSE,FALSE,FALSE,FALSE,FALSE,FALSE,FALSE,0,FALSE,FALSE,FALSE,FALSE,FALSE,0,0,FALSE,2026-09-15T16:13:25.309663Z
7031,2026_01_GB_MIN,2026,1,1155376,384,L,S,1,5,FALSE,TRUE,FALSE,FALSE,FALSE,FALSE,TRUE,FALSE,FALSE,SD,FALSE,FALSE,FALSE,FALSE,FALSE,0,5,FALSE,2026-09-15T16:13:25.309663Z
7031,2026_01_GB_MIN,2026,1,1155377,406,0,0,0,0,FALSE,FALSE,FALSE,FALSE,FALSE,FALSE,FALSE,FALSE,FALSE,0,FALSE,FALSE,FALSE,FALSE,FALSE,0,0,FALSE,2026-09-15T16:13:25.309663Z
7031,2026_01_GB_MIN,2026,1,1155378,430,0,0,0,0,FALSE,FALSE,FALSE,FALSE,FALSE,FALSE,FALSE,FALSE,FALSE,0,FALSE,FALSE,FALSE,FALSE,FALSE,0,0,FALSE,2026-09-15T16:13:25.309663Z
7031,2026_01_GB_MIN,2026,1,1155379,454,L,S,1,6,FALSE,TRUE,FALSE,TRUE,FALSE,FALSE,FALSE,FALSE,FALSE,DES,TRUE,FALSE,FALSE,FALSE,FALSE,0,4,FALSE,2026-09-15T16:13:25.309663Z
7031,2026_01_GB_MIN,2026,1,1155380,479,0,0,0,0,FALSE,FALSE,FALSE,FALSE,FALSE,FALSE,FALSE,FALSE,FALSE,0,FALSE,FALSE,FALSE,FALSE,FALSE,0,0,FALSE,2026-09-15T16:13:25.309663Z
7031,2026_01_GB_MIN,2026,1,1155381,499,R,S,1,7,FALSE,TRUE,FALSE,FALSE,FALSE,FALSE,FALSE,FALSE,FALSE,1,FALSE,TRUE,FALSE,FALSE,FALSE,1,5,FALSE,2026-09-15T16:13:25.309663Z
7031,2026_01_GB_MIN,2026,1,1155382,531,R,S,2,7,FALSE,TRUE,FALSE,FALSE,FALSE,FALSE,FALSE,FALSE,FALSE,1,TRUE,FALSE,FALSE,FALSE,FALSE,0,5,FALSE,2026-09-15T16:13:25.309663Z
7031,2026_01_GB_MIN,2026,1,1155383,613,0,0,0,0,FALSE,FALSE,FALSE,FALSE,FALSE,FALSE,FALSE,FALSE,FALSE,0,FALSE,FALSE,FALSE,FALSE,FALSE,0,0,FALSE,2026-09-15T16:13:25.309663Z
7031,2026_01_GB_MIN,2026,1,1155384,628,0,0,0,0,FALSE,FALSE,FALSE,FALSE,FALSE,FALSE,FALSE,FALSE,FALSE,0,FALSE,FALSE,FALSE,FALSE,FALSE,0,0,FALSE,2026-09-15T16:13:25.309663Z
7031,2026_01_GB_MIN,2026,1,1155385,658,L,U,1,7,FALSE,TRUE,FALSE,FALSE,FALSE,FALSE,FALSE,FALSE,FALSE,0,FALSE,FALSE,FALSE,FALSE,FALSE,0,0,FALSE,2026-09-15T16:13:25.309663Z
7031,2026_01_GB_MIN,2026,1,1155386,680,R,S,1,6,FALSE,TRUE,FALSE,TRUE,FALSE,FALSE,FALSE,FALSE,FALSE,DES,TRUE,FALSE,FALSE,FALSE,FALSE,0,3,FALSE,2026-09-15T16:13:25.309663Z
7031,2026_01_GB_MIN,2026,1,1155387,705,L,S,1,7,FALSE,TRUE,FALSE,FALSE,FALSE,FALSE,TRUE,FALSE,FALSE,0,FALSE,FALSE,FALSE,FALSE,FALSE,0,4,FALSE,2026-09-15T16:13:25.309663Z
7031,2026_01_GB_MIN,2026,1,1155388,741,R,U,2,6,FALSE,FALSE,FALSE,FALSE,FALSE,FALSE,FALSE,FALSE,FALSE,0,FALSE,FALSE,FALSE,FALSE,FALSE,0,0,FALSE,2026-09-15T16:13:25.309663Z
7031,2026_01_GB_MIN,2026,1,1155389,770,R,U,1,7,FALSE,TRUE,TRUE,FALSE,FALSE,FALSE,TRUE,FALSE,FALSE,1,FALSE,FALSE,FALSE,FALSE,FALSE,1,5,FALSE,2026-09-15T16:13:25.309663Z
7031,2026_01_GB_MIN,2026,1,1155390,793,R,S,1,6,FALSE,FALSE,FALSE,FALSE,FALSE,FALSE,FALSE,FALSE,FALSE,1,TRUE,FALSE,FALSE,FALSE,FALSE,0,4,FALSE,2026-09-15T16:13:25.309663Z
7031,2026_01_GB_MIN,2026,1,1155391,818,R,S,1,6,FALSE,TRUE,FALSE,FALSE,FALSE,FALSE,FALSE,FALSE,FALSE,0,FALSE,FALSE,FALSE,FALSE,FALSE,0,0,FALSE,2026-09-15T16:13:25.309663Z
7031,2026_01_GB_MIN,2026,1,1155392,845,R,U,2,6,FALSE,TRUE,FALSE,FALSE,FALSE,FALSE,FALSE,FALSE,FALSE,0,FALSE,FALSE,FALSE,FALSE,FALSE,0,0,FALSE,2026-09-15T16:13:25.309663Z
7031,2026_01_GB_MIN,2026,1,1155393,867,M,U,2,6,FALSE,TRUE,FALSE,FALSE,FALSE,FALSE,FALSE,FALSE,FALSE,0,FALSE,FALSE,FALSE,FALSE,FALSE,0,0,FALSE,2026-09-15T16:13:25.309663Z
7031,2026_01_GB_MIN,2026,1,1155394,889,L,S,1,6,FALSE,TRUE,TRUE,FALSE,FALSE,FALSE,TRUE,FALSE,FALSE,0,FALSE,FALSE,FALSE,FALSE,FALSE,0,4,FALSE,2026-09-15T16:13:25.309663Z
7031,2026_01_GB_MIN,2026,1,1155395,911,M,S,1,6,FALSE,TRUE,FALSE,FALSE,FALSE,FALSE,FALSE,FALSE,FALSE,2,FALSE,FALSE,FALSE,FALSE,FALSE,0,4,FALSE,2026-09-15T16:13:25.309663Z
7031,2026_01_GB_MIN,2026,1,1155396,934,0,0,0,0,FALSE,FALSE,FALSE,FALSE,FALSE,FALSE,FALSE,FALSE,FALSE,0,FALSE,FALSE,FALSE,FALSE,FALSE,0,0,FALSE,2026-09-15T16:13:25.309663Z
7031,2026_01_GB_MIN,2026,1,1155397,954,0,0,0,0,FALSE,FALSE,FALSE,FALSE,FALSE,FALSE,FALSE,FALSE,FALSE,0,FALSE,FALSE,FALSE,FALSE,FALSE,0,0,FALSE,2026-09-15T16:13:25.309663Z
7031,2026_01_GB_MIN,2026,1,1155398,977,L,U,1,6,FALSE,FALSE,FALSE,FALSE,FALSE,FALSE,FALSE,FALSE,FALSE,0,FALSE,FALSE,FALSE,FALSE,FALSE,0,0,FALSE,2026-09-15T16:13:25.309663Z
7031,2026_01_GB_MIN,2026,1,1155399,1001,L,U,1,6,FALSE,FALSE,FALSE,FALSE,FALSE,FALSE,FALSE,FALSE,FALSE,0,FALSE,FALSE,FALSE,FALSE,FALSE,0,0,FALSE,2026-09-15T16:13:25.309663Z
7031,2026_01_GB_MIN,2026,1,1155400,1026,L,S,0,8,TRUE,FALSE,FALSE,FALSE,FALSE,FALSE,FALSE,FALSE,FALSE,1,TRUE,FALSE,FALSE,FALSE,FALSE,0,4,FALSE,2026-09-15T16:13:25.309663Z
7031,2026_01_GB_MIN,2026,1,1155401,1051,L,U,1,7,TRUE,FALSE,FALSE,FALSE,FALSE,FALSE,FALSE,FALSE,FALSE,1,FALSE,FALSE,FALSE,FALSE,FALSE,0,4,FALSE,2026-09-15T16:13:25.309663Z
7031,2026_01_GB_MIN,2026,1,1155402,1074,L,P,1,6,FALSE,FALSE,FALSE,FALSE,FALSE,FALSE,FALSE,FALSE,FALSE,0,FALSE,FALSE,FALSE,FALSE,FALSE,0,0,FALSE,2026-09-15T16:13:25.309663Z
7031,2026_01_GB_MIN,2026,1,1155403,1116,L,S,1,6,FALSE,TRUE,FALSE,FALSE,FALSE,FALSE,FALSE,FALSE,FALSE,1,TRUE,TRUE,FALSE,FALSE,FALSE,0,5,FALSE,2026-09-15T16:13:25.309663Z
7031,2026_01_GB_MIN,2026,1,1155404,1141,0,0,0,0,FALSE,FALSE,FALSE,FALSE,FALSE,FALSE,FALSE,FALSE,FALSE,0,FALSE,FALSE,FALSE,FALSE,FALSE,0,0,FALSE,2026-09-15T16:13:25.309663Z
7031,2026_01_GB_MIN,2026,1,1155405,1170,0,0,0,0,FALSE,FALSE,FALSE,FALSE,FALSE,FALSE,FALSE,FALSE,FALSE,0,FALSE,FALSE,FALSE,FALSE,FALSE,0,0,FALSE,2026-09-15T16:13:25.309663Z
7031,2026_01_GB_MIN,2026,1,1155406,1190,0,0,0,0,FALSE,FALSE,FALSE,FALSE,FALSE,FALSE,FALSE,FALSE,FALSE,0,FALSE,FALSE,FALSE,FALSE,FALSE,0,0,FALSE,2026-09-15T16:13:25.309663Z
7031,2026_01_GB_MIN,2026,1,1155407,1213,L,U,1,6,FALSE,TRUE,FALSE,FALSE,FALSE,FALSE,FALSE,FALSE,FALSE,0,FALSE,FALSE,FALSE,FALSE,FALSE,0,0,FALSE,2026-09-15T16:13:25.309663Z
7031,2026_01_GB_MIN,2026,1,1155408,1235,L,S,1,6,FALSE,TRUE,FALSE,FALSE,FALSE,FALSE,FALSE,FALSE,FALSE,0,FALSE,FALSE,FALSE,FALSE,FALSE,0,0,FALSE,2026-09-15T16:13:25.309663Z
7031,2026_01_GB_MIN,2026,1,1155409,1257,L,U,1,6,TRUE,FALSE,FALSE,FALSE,FALSE,FALSE,FALSE,FALSE,FALSE,0,FALSE,FALSE,FALSE,FALSE,TRUE,0,0,FALSE,2026-09-15T16:13:25.309663Z
7031,2026_01_GB_MIN,2026,1,1155410,1279,M,S,1,6,TRUE,FALSE,FALSE,FALSE,FALSE,FALSE,FALSE,FALSE,FALSE,0,FALSE,FALSE,FALSE,FALSE,FALSE,0,0,FALSE,2026-09-15T16:13:25.309663Z
7031,2026_01_GB_MIN,2026,1,1155411,1301,R,S,1,7,FALSE,TRUE,FALSE,FALSE,FALSE,FALSE,FALSE,FALSE,FALSE,CHK,FALSE,FALSE,FALSE,FALSE,FALSE,0,4,FALSE,2026-09-15T16:13:25.309663Z
7031,2026_01_GB_MIN,2026,1,1155412,1324,R,S,1,5,FALSE,FALSE,FALSE,FALSE,FALSE,FALSE,FALSE,FALSE,FALSE,CHK,TRUE,FALSE,FALSE,FALSE,FALSE,0,4,FALSE,2026-09-15T16:13:25.309663Z
7031,2026_01_GB_MIN,2026,1,1155413,1349,0,0,0,0,FALSE,FALSE,FALSE,FALSE,FALSE,FALSE,FALSE,FALSE,FALSE,0,FALSE,FALSE,FALSE,FALSE,FALSE,0,0,FALSE,2026-09-15T16:13:25.309663Z
7031,2026_01_GB_MIN,2026,1,1155414,1369,L,U,2,7,FALSE,TRUE,TRUE,FALSE,FALSE,FALSE,FALSE,FALSE,FALSE,1,TRUE,FALSE,FALSE,FALSE,FALSE,0,6,FALSE,2026-09-15T16:13:25.309663Z
7031,2026_01_GB_MIN,2026,1,1155415,1401,L,U,1,5,FALSE,TRUE,FALSE,FALSE,FALSE,FALSE,FALSE,FALSE,FALSE,0,FALSE,FALSE,FALSE,FALSE,FALSE,0,0,FALSE,2026-09-15T16:13:25.309663Z
7031,2026_01_GB_MIN,2026,1,1155416,1423,R,U,1,7,FALSE,FALSE,TRUE,FALSE,FALSE,FALSE,FALSE,FALSE,FALSE,1,FALSE,FALSE,FALSE,FALSE,FALSE,0,5,FALSE,2026-09-15T16:13:25.309663Z
7031,2026_01_GB_MIN,2026,1,1155417,1446,R,S,1,8,FALSE,TRUE,FALSE,FALSE,FALSE,FALSE,FALSE,FALSE,FALSE,1,TRUE,FALSE,FALSE,FALSE,FALSE,0,6,FALSE,2026-09-15T16:13:25.309663Z
7031,2026_01_GB_MIN,2026,1,1155418,1471,0,0,0,0,FALSE,FALSE,FALSE,FALSE,FALSE,FALSE,FALSE,FALSE,FALSE,0,FALSE,FALSE,FALSE,FALSE,FALSE,0,0,FALSE,2026-09-15T16:13:25.309663Z
7031,2026_01_GB_MIN,2026,1,1155419,1491,L,U,2,7,FALSE,TRUE,FALSE,FALSE,FALSE,FALSE,FALSE,FALSE,FALSE,0,FALSE,FALSE,FALSE,FALSE,FALSE,0,0,FALSE,2026-09-15T16:13:25.309663Z
7031,2026_01_GB_MIN,2026,1,1155420,1522,R,U,1,7,FALSE,TRUE,FALSE,FALSE,FALSE,FALSE,FALSE,FALSE,FALSE,0,FALSE,FALSE,FALSE,FALSE,FALSE,0,0,FALSE,2026-09-15T16:13:25.309663Z
7031,2026_01_GB_MIN,2026,1,1155421,1544,L,S,1,6,FALSE,TRUE,FALSE,FALSE,FALSE,FALSE,FALSE,FALSE,FALSE,0,FALSE,FALSE,FALSE,FALSE,FALSE,0,4,FALSE,2026-09-15T16:13:25.309663Z
7031,2026_01_GB_MIN,2026,1,1155422,1564,0,0,0,0,FALSE,FALSE,FALSE,FALSE,FALSE,FALSE,FALSE,FALSE,FALSE,0,FALSE,FALSE,FALSE,FALSE,FALSE,0,0,FALSE,2026-09-15T16:13:25.309663Z
7031,2026_01_GB_MIN,2026,1,1155423,1590,0,0,0,0,FALSE,FALSE,FALSE,FALSE,FALSE,FALSE,FALSE,FALSE,FALSE,0,FALSE,FALSE,FALSE,FALSE,FALSE,0,0,FALSE,2026-09-15T16:13:25.309663Z
7031,2026_01_GB_MIN,2026,1,1155424,1618,R,U,1,8,FALSE,TRUE,TRUE,TRUE,FALSE,FALSE,TRUE,FALSE,TRUE,SD,FALSE,FALSE,FALSE,FALSE,FALSE,1,6,FALSE,2026-09-15T16:13:25.309663Z
7031,2026_01_GB_MIN,2026,1,1155425,1641,R,S,2,6,FALSE,TRUE,FALSE,FALSE,FALSE,FALSE,FALSE,FALSE,FALSE,0,FALSE,FALSE,FALSE,FALSE,FALSE,0,0,FALSE,2026-09-15T16:13:25.309663Z
7031,2026_01_GB_MIN,2026,1,1155426,1674,R,S,1,7,FALSE,TRUE,FALSE,FALSE,FALSE,FALSE,FALSE,FALSE,FALSE,CHK,FALSE,FALSE,FALSE,FALSE,FALSE,0,6,FALSE,2026-09-15T16:13:25.309663Z
7031,2026_01_GB_MIN,2026,1,1155427,1697,R,S,1,7,FALSE,FALSE,FALSE,FALSE,FALSE,FALSE,FALSE,FALSE,FALSE,1,FALSE,FALSE,FALSE,FALSE,FALSE,1,8,FALSE,2026-09-15T16:13:25.309663Z
7031,2026_01_GB_MIN,2026,1,1155428,1720,0,0,0,0,FALSE,FALSE,FALSE,FALSE,FALSE,FALSE,FALSE,FALSE,FALSE,0,FALSE,FALSE,FALSE,FALSE,FALSE,0,0,FALSE,2026-09-15T16:13:25.309663Z
7031,2026_01_GB_MIN,2026,1,1155429,1751,R,U,2,8,FALSE,TRUE,TRUE,FALSE,FALSE,FALSE,TRUE,FALSE,FALSE,0,FALSE,FALSE,FALSE,FALSE,FALSE,0,5,FALSE,2026-09-15T16:13:25.309663Z
7031,2026_01_GB_MIN,2026,1,1155430,1778,0,0,0,0,FALSE,FALSE,FALSE,FALSE,FALSE,FALSE,FALSE,FALSE,FALSE,0,FALSE,FALSE,FALSE,FALSE,FALSE,0,0,FALSE,2026-09-15T16:13:25.309663Z
7031,2026_01_GB_MIN,2026,1,1155431,1802,R,S,1,6,FALSE,TRUE,FALSE,FALSE,FALSE,FALSE,FALSE,FALSE,FALSE,1,TRUE,FALSE,FALSE,FALSE,FALSE,0,4,FALSE,2026-09-15T16:13:25.309663Z
7031,2026_01_GB_MIN,2026,1,1155432,1827,R,S,1,7,TRUE,FALSE,FALSE,FALSE,FALSE,FALSE,FALSE,FALSE,FALSE,1,TRUE,FALSE,FALSE,FALSE,FALSE,2,6,FALSE,2026-09-15T16:13:25.309663Z
7031,2026_01_GB_MIN,2026,1,1155433,1863,R,U,2,7,FALSE,TRUE,FALSE,FALSE,FALSE,FALSE,FALSE,FALSE,FALSE,0,FALSE,FALSE,FALSE,FALSE,FALSE,0,0,FALSE,2026-09-15T16:13:25.309663Z
7031,2026_01_GB_MIN,2026,1,1155434,1885,R,S,1,6,FALSE,FALSE,FALSE,TRUE,FALSE,FALSE,FALSE,FALSE,FALSE,DES,FALSE,FALSE,FALSE,FALSE,FALSE,0,4,FALSE,2026-09-15T16:13:25.309663Z
7031,2026_01_GB_MIN,2026,1,1155435,1908,R,S,1,7,FALSE,FALSE,FALSE,FALSE,FALSE,FALSE,FALSE,FALSE,FALSE,1,FALSE,TRUE,FALSE,FALSE,FALSE,0,4,FALSE,2026-09-15T16:13:25.309663Z
7031,2026_01_GB_MIN,2026,1,1155436,1933,R,S,1,7,TRUE,FALSE,FALSE,FALSE,FALSE,FALSE,FALSE,FALSE,FALSE,2,TRUE,TRUE,TRUE,FALSE,FALSE,0,4,FALSE,2026-09-15T16:13:25.309663Z
7031,2026_01_GB_MIN,2026,1,1155437,1976,0,0,0,0,FALSE,FALSE,FALSE,FALSE,FALSE,FALSE,FALSE,FALSE,FALSE,0,FALSE,FALSE,FALSE,FALSE,FALSE,0,0,FALSE,2026-09-15T16:13:25.309663Z
7031,2026_01_GB_MIN,2026,1,1155438,1991,0,0,0,0,FALSE,FALSE,FALSE,FALSE,FALSE,FALSE,FALSE,FALSE,FALSE,0,FALSE,FALSE,FALSE,FALSE,FALSE,0,0,FALSE,2026-09-15T16:13:25.309663Z
7031,2026_01_GB_MIN,2026,1,1155439,2026,L,S,2,6,FALSE,TRUE,FALSE,FALSE,FALSE,FALSE,FALSE,FALSE,FALSE,0,FALSE,FALSE,FALSE,FALSE,FALSE,0,0,FALSE,2026-09-15T16:13:25.309663Z
7031,2026_01_GB_MIN,2026,1,1155440,2048,L,S,1,7,TRUE,FALSE,FALSE,FALSE,FALSE,FALSE,FALSE,FALSE,FALSE,1,TRUE,FALSE,FALSE,FALSE,FALSE,0,6,FALSE,2026-09-15T16:13:25.309663Z
7031,2026_01_GB_MIN,2026,1,1155441,2073,L,S,1,8,TRUE,FALSE,FALSE,FALSE,FALSE,FALSE,FALSE,TRUE,FALSE,1,FALSE,FALSE,FALSE,FALSE,FALSE,0,7,FALSE,2026-09-15T16:13:25.309663Z
7031,2026_01_GB_MIN,2026,1,1155442,2096,L,S,1,6,FALSE,FALSE,FALSE,FALSE,FALSE,FALSE,FALSE,FALSE,FALSE,1,TRUE,FALSE,FALSE,FALSE,FALSE,0,5,FALSE,2026-09-15T16:13:25.309663Z
7031,2026_01_GB_MIN,2026,1,1155443,2121,L,S,1,8,FALSE,TRUE,FALSE,FALSE,FALSE,FALSE,FALSE,FALSE,FALSE,1,TRUE,TRUE,TRUE,FALSE,FALSE,0,6,FALSE,2026-09-15T16:13:25.309663Z
7031,2026_01_GB_MIN,2026,1,1155444,2162,L,S,1,6,FALSE,TRUE,FALSE,FALSE,FALSE,FALSE,FALSE,FALSE,FALSE,0,FALSE,FALSE,FALSE,FALSE,FALSE,0,0,FALSE,2026-09-15T16:13:25.309663Z
7031,2026_01_GB_MIN,2026,1,1155445,2196,0,0,0,0,FALSE,FALSE,FALSE,FALSE,FALSE,FALSE,FALSE,FALSE,FALSE,0,FALSE,FALSE,FALSE,FALSE,FALSE,0,0,FALSE,2026-09-15T16:13:25.309663Z
7031,2026_01_GB_MIN,2026,1,1155446,2184,M,U,1,8,FALSE,TRUE,TRUE,FALSE,FALSE,FALSE,TRUE,FALSE,FALSE,1,TRUE,FALSE,FALSE,FALSE,FALSE,0,6,FALSE,2026-09-15T16:13:25.309663Z
7031,2026_01_GB_MIN,2026,1,1155447,2212,0,0,0,0,FALSE,FALSE,FALSE,FALSE,FALSE,FALSE,FALSE,FALSE,FALSE,0,FALSE,FALSE,FALSE,FALSE,FALSE,0,0,FALSE,2026-09-15T16:13:25.309663Z
7031,2026_01_GB_MIN,2026,1,1155448,2227,0,0,0,0,FALSE,FALSE,FALSE,FALSE,FALSE,FALSE,FALSE,FALSE,FALSE,0,FALSE,FALSE,FALSE,FALSE,FALSE,0,0,FALSE,2026-09-15T16:13:25.309663Z
7031,2026_01_GB_MIN,2026,1,1155449,2250,0,0,0,0,FALSE,FALSE,FALSE,FALSE,FALSE,FALSE,FALSE,FALSE,FALSE,0,FALSE,FALSE,FALSE,FALSE,FALSE,0,0,FALSE,2026-09-15T16:13:25.309663Z
7031,2026_01_GB_MIN,2026,1,1155450,2292,0,0,0,0,FALSE,FALSE,FALSE,FALSE,FALSE,FALSE,FALSE,FALSE,FALSE,0,FALSE,FALSE,FALSE,FALSE,FALSE,0,0,FALSE,2026-09-15T16:13:25.309663Z
7031,2026_01_GB_MIN,2026,1,1155451,2326,L,S,2,6,FALSE,TRUE,FALSE,FALSE,FALSE,FALSE,FALSE,FALSE,FALSE,0,FALSE,FALSE,FALSE,FALSE,FALSE,0,0,FALSE,2026-09-15T16:13:25.309663Z
7031,2026_01_GB_MIN,2026,1,1155452,2348,L,U,1,7,FALSE,FALSE,TRUE,FALSE,FALSE,FALSE,FALSE,FALSE,FALSE,SD,TRUE,FALSE,FALSE,FALSE,FALSE,1,6,FALSE,2026-09-15T16:13:25.309663Z
7031,2026_01_GB_MIN,2026,1,1155453,2373,L,U,1,6,FALSE,TRUE,FALSE,FALSE,FALSE,FALSE,FALSE,FALSE,FALSE,0,FALSE,FALSE,FALSE,FALSE,FALSE,0,0,FALSE,2026-09-15T16:13:25.309663Z
7031,2026_01_GB_MIN,2026,1,1155454,2395,M,U,1,7,FALSE,TRUE,FALSE,FALSE,FALSE,FALSE,FALSE,FALSE,FALSE,2,FALSE,FALSE,FALSE,FALSE,FALSE,1,4,FALSE,2026-09-15T16:13:25.309663Z
7031,2026_01_GB_MIN,2026,1,1155455,2418,L,S,2,5,FALSE,TRUE,FALSE,FALSE,FALSE,FALSE,FALSE,FALSE,FALSE,0,FALSE,FALSE,FALSE,FALSE,FALSE,0,0,FALSE,2026-09-15T16:13:25.309663Z
7031,2026_01_GB_MIN,2026,1,1155456,2440,0,0,0,0,FALSE,FALSE,FALSE,FALSE,FALSE,FALSE,FALSE,FALSE,FALSE,0,FALSE,FALSE,FALSE,FALSE,FALSE,0,0,FALSE,2026-09-15T16:13:25.309663Z
7031,2026_01_GB_MIN,2026,1,1155457,2459,R,U,1,7,FALSE,TRUE,TRUE,FALSE,FALSE,FALSE,TRUE,FALSE,FALSE,1,FALSE,FALSE,FALSE,FALSE,FALSE,1,6,FALSE,2026-09-15T16:13:25.309663Z
7031,2026_01_GB_MIN,2026,1,1155458,2499,R,U,1,7,FALSE,FALSE,FALSE,FALSE,FALSE,FALSE,FALSE,FALSE,FALSE,0,FALSE,FALSE,FALSE,FALSE,FALSE,0,0,FALSE,2026-09-15T16:13:25.309663Z
7031,2026_01_GB_MIN,2026,1,1155459,2521,M,S,1,6,FALSE,TRUE,FALSE,FALSE,FALSE,FALSE,FALSE,FALSE,FALSE,2,FALSE,FALSE,FALSE,FALSE,FALSE,0,4,FALSE,2026-09-15T16:13:25.309663Z
7031,2026_01_GB_MIN,2026,1,1155460,2544,0,0,0,0,FALSE,FALSE,FALSE,FALSE,FALSE,FALSE,FALSE,FALSE,FALSE,0,FALSE,FALSE,FALSE,FALSE,FALSE,0,0,FALSE,2026-09-15T16:13:25.309663Z
7031,2026_01_GB_MIN,2026,1,1155461,2570,L,U,1,7,FALSE,TRUE,TRUE,FALSE,FALSE,FALSE,TRUE,FALSE,FALSE,SD,TRUE,FALSE,FALSE,FALSE,FALSE,0,5,FALSE,2026-09-15T16:13:25.309663Z
7031,2026_01_GB_MIN,2026,1,1155462,2607,R,S,1,6,FALSE,TRUE,FALSE,FALSE,TRUE,FALSE,FALSE,FALSE,FALSE,0,FALSE,FALSE,FALSE,FALSE,FALSE,0,0,FALSE,2026-09-15T16:13:25.309663Z
7031,2026_01_GB_MIN,2026,1,1155463,2629,R,U,1,6,FALSE,FALSE,FALSE,FALSE,FALSE,FALSE,FALSE,FALSE,FALSE,0,FALSE,FALSE,FALSE,FALSE,FALSE,0,0,FALSE,2026-09-15T16:13:25.309663Z
7031,2026_01_GB_MIN,2026,1,1155464,2651,R,U,1,6,FALSE,FALSE,FALSE,FALSE,FALSE,FALSE,FALSE,FALSE,FALSE,0,FALSE,FALSE,FALSE,FALSE,FALSE,0,0,FALSE,2026-09-15T16:13:25.309663Z
7031,2026_01_GB_MIN,2026,1,1155465,2673,L,U,2,7,FALSE,TRUE,FALSE,FALSE,FALSE,FALSE,FALSE,FALSE,FALSE,0,FALSE,FALSE,FALSE,FALSE,FALSE,0,0,FALSE,2026-09-15T16:13:25.309663Z
7031,2026_01_GB_MIN,2026,1,1155466,2695,L,S,0,8,TRUE,FALSE,FALSE,FALSE,FALSE,FALSE,FALSE,FALSE,FALSE,1,TRUE,FALSE,FALSE,FALSE,FALSE,0,5,FALSE,2026-09-15T16:13:25.309663Z
7031,2026_01_GB_MIN,2026,1,1155467,2720,L,U,2,6,FALSE,TRUE,FALSE,FALSE,FALSE,FALSE,FALSE,FALSE,FALSE,0,FALSE,FALSE,FALSE,FALSE,FALSE,0,0,FALSE,2026-09-15T16:13:25.309663Z
7031,2026_01_GB_MIN,2026,1,1155468,2742,L,U,1,7,FALSE,TRUE,FALSE,FALSE,FALSE,FALSE,FALSE,FALSE,FALSE,2,TRUE,FALSE,FALSE,FALSE,FALSE,1,6,FALSE,2026-09-15T16:13:25.309663Z
7031,2026_01_GB_MIN,2026,1,1155469,2767,M,U,1,6,FALSE,FALSE,FALSE,FALSE,FALSE,FALSE,FALSE,FALSE,FALSE,0,FALSE,FALSE,FALSE,FALSE,FALSE,0,0,FALSE,2026-09-15T16:13:25.309663Z
7031,2026_01_GB_MIN,2026,1,1155470,2789,L,S,1,7,FALSE,FALSE,FALSE,FALSE,FALSE,FALSE,FALSE,FALSE,FALSE,2,FALSE,FALSE,FALSE,FALSE,FALSE,0,4,FALSE,2026-09-15T16:13:25.309663Z
7031,2026_01_GB_MIN,2026,1,1155471,2824,0,0,0,0,FALSE,FALSE,FALSE,FALSE,FALSE,FALSE,FALSE,FALSE,FALSE,0,FALSE,FALSE,FALSE,FALSE,FALSE,0,0,FALSE,2026-09-15T16:13:25.309663Z
7031,2026_01_GB_MIN,2026,1,1155472,2812,L,S,1,6,FALSE,TRUE,FALSE,FALSE,FALSE,FALSE,FALSE,FALSE,FALSE,1,FALSE,FALSE,FALSE,FALSE,FALSE,0,5,FALSE,2026-09-15T16:13:25.309663Z
7031,2026_01_GB_MIN,2026,1,1155473,2842,0,0,0,0,FALSE,FALSE,FALSE,FALSE,FALSE,FALSE,FALSE,FALSE,FALSE,0,FALSE,FALSE,FALSE,FALSE,FALSE,0,0,FALSE,2026-09-15T16:13:25.309663Z
7031,2026_01_GB_MIN,2026,1,1155474,2862,0,0,0,0,FALSE,FALSE,FALSE,FALSE,FALSE,FALSE,FALSE,FALSE,FALSE,0,FALSE,FALSE,FALSE,FALSE,FALSE,0,0,FALSE,2026-09-15T16:13:25.309663Z
7031,2026_01_GB_MIN,2026,1,1155475,2892,L,S,2,7,FALSE,TRUE,FALSE,FALSE,FALSE,FALSE,FALSE,FALSE,FALSE,2,TRUE,FALSE,FALSE,FALSE,FALSE,1,5,FALSE,2026-09-15T16:13:25.309663Z
7031,2026_01_GB_MIN,2026,1,1155476,2917,L,U,2,7,FALSE,FALSE,FALSE,FALSE,FALSE,FALSE,FALSE,FALSE,FALSE,0,FALSE,FALSE,FALSE,FALSE,FALSE,0,0,FALSE,2026-09-15T16:13:25.309663Z
7031,2026_01_GB_MIN,2026,1,1155477,2939,L,U,2,7,FALSE,FALSE,FALSE,FALSE,FALSE,FALSE,FALSE,FALSE,FALSE,0,FALSE,FALSE,FALSE,FALSE,FALSE,0,0,FALSE,2026-09-15T16:13:25.309663Z
7031,2026_01_GB_MIN,2026,1,1155478,2961,L,S,1,6,FALSE,TRUE,TRUE,FALSE,FALSE,FALSE,FALSE,FALSE,FALSE,1,FALSE,FALSE,FALSE,FALSE,FALSE,1,5,FALSE,2026-09-15T16:13:25.309663Z
7031,2026_01_GB_MIN,2026,1,1155479,2984,L,U,2,6,FALSE,TRUE,FALSE,FALSE,FALSE,FALSE,FALSE,FALSE,FALSE,0,FALSE,FALSE,FALSE,FALSE,FALSE,0,0,FALSE,2026-09-15T16:13:25.309663Z
7031,2026_01_GB_MIN,2026,1,1155480,3006,R,S,1,6,FALSE,FALSE,FALSE,FALSE,FALSE,FALSE,FALSE,FALSE,FALSE,1,TRUE,FALSE,FALSE,FALSE,FALSE,0,4,FALSE,2026-09-15T16:13:25.309663Z
7031,2026_01_GB_MIN,2026,1,1155481,3027,0,0,0,0,FALSE,FALSE,FALSE,FALSE,FALSE,FALSE,FALSE,FALSE,FALSE,0,FALSE,FALSE,FALSE,FALSE,FALSE,0,0,FALSE,2026-09-15T16:13:25.309663Z
7031,2026_01_GB_MIN,2026,1,1155482,3042,0,0,0,0,FALSE,FALSE,FALSE,FALSE,FALSE,FALSE,FALSE,FALSE,FALSE,0,FALSE,FALSE,FALSE,FALSE,FALSE,0,0,FALSE,2026-09-15T16:13:25.309663Z
7031,2026_01_GB_MIN,2026,1,1155483,3072,L,P,1,6,FALSE,FALSE,FALSE,FALSE,FALSE,FALSE,FALSE,FALSE,FALSE,0,FALSE,FALSE,FALSE,FALSE,FALSE,0,0,FALSE,2026-09-15T16:13:25.309663Z
7031,2026_01_GB_MIN,2026,1,1155484,3094,L,U,2,7,FALSE,TRUE,FALSE,FALSE,FALSE,FALSE,FALSE,FALSE,FALSE,1,TRUE,FALSE,FALSE,FALSE,FALSE,0,4,FALSE,2026-09-15T16:13:25.309663Z
7031,2026_01_GB_MIN,2026,1,1155485,3119,R,U,1,7,FALSE,FALSE,TRUE,FALSE,FALSE,FALSE,FALSE,FALSE,FALSE,0,FALSE,FALSE,FALSE,FALSE,FALSE,1,5,FALSE,2026-09-15T16:13:25.309663Z
7031,2026_01_GB_MIN,2026,1,1155486,3164,R,S,1,6,FALSE,TRUE,FALSE,FALSE,FALSE,FALSE,FALSE,FALSE,FALSE,1,TRUE,FALSE,FALSE,FALSE,FALSE,0,4,FALSE,2026-09-15T16:13:25.309663Z
7031,2026_01_GB_MIN,2026,1,1155487,3189,R,U,1,6,FALSE,FALSE,FALSE,FALSE,FALSE,FALSE,FALSE,FALSE,FALSE,0,FALSE,FALSE,FALSE,FALSE,FALSE,0,0,FALSE,2026-09-15T16:13:25.309663Z
7031,2026_01_GB_MIN,2026,1,1155488,3213,L,U,1,7,FALSE,TRUE,TRUE,FALSE,FALSE,FALSE,TRUE,FALSE,FALSE,SD,FALSE,FALSE,FALSE,FALSE,FALSE,0,6,FALSE,2026-09-15T16:13:25.309663Z
7031,2026_01_GB_MIN,2026,1,1155489,3236,L,S,0,7,FALSE,TRUE,FALSE,FALSE,FALSE,FALSE,FALSE,FALSE,FALSE,1,FALSE,TRUE,FALSE,FALSE,FALSE,0,5,FALSE,2026-09-15T16:13:25.309663Z
7031,2026_01_GB_MIN,2026,1,1155490,3259,0,0,0,0,FALSE,FALSE,FALSE,FALSE,FALSE,FALSE,FALSE,FALSE,FALSE,0,FALSE,FALSE,FALSE,FALSE,FALSE,0,0,FALSE,2026-09-15T16:13:25.309663Z
7031,2026_01_GB_MIN,2026,1,1155491,3290,L,U,1,5,FALSE,FALSE,FALSE,FALSE,FALSE,FALSE,FALSE,FALSE,FALSE,0,FALSE,FALSE,FALSE,FALSE,TRUE,0,0,FALSE,2026-09-15T16:13:25.309663Z
7031,2026_01_GB_MIN,2026,1,1155492,3313,0,0,0,0,FALSE,FALSE,FALSE,FALSE,FALSE,FALSE,FALSE,FALSE,FALSE,0,FALSE,FALSE,FALSE,FALSE,FALSE,0,0,FALSE,2026-09-15T16:13:25.309663Z
7031,2026_01_GB_MIN,2026,1,1155493,3344,M,S,1,7,FALSE,TRUE,TRUE,FALSE,FALSE,FALSE,FALSE,FALSE,FALSE,2,TRUE,FALSE,FALSE,FALSE,FALSE,0,5,FALSE,2026-09-15T16:13:25.309663Z
7031,2026_01_GB_MIN,2026,1,1155494,3369,L,U,2,6,FALSE,TRUE,FALSE,FALSE,FALSE,FALSE,FALSE,FALSE,FALSE,0,FALSE,FALSE,FALSE,FALSE,FALSE,0,0,FALSE,2026-09-15T16:13:25.309663Z
7031,2026_01_GB_MIN,2026,1,1155495,3391,L,U,2,7,FALSE,TRUE,FALSE,FALSE,FALSE,FALSE,FALSE,FALSE,FALSE,0,FALSE,FALSE,FALSE,FALSE,FALSE,1,5,FALSE,2026-09-15T16:13:25.309663Z
7031,2026_01_GB_MIN,2026,1,1155496,3411,L,S,1,6,FALSE,FALSE,FALSE,FALSE,FALSE,FALSE,FALSE,FALSE,FALSE,0,FALSE,FALSE,FALSE,FALSE,FALSE,0,5,FALSE,2026-09-15T16:13:25.309663Z
7031,2026_01_GB_MIN,2026,1,1155497,3442,L,S,2,6,FALSE,TRUE,FALSE,FALSE,FALSE,FALSE,FALSE,FALSE,FALSE,0,FALSE,FALSE,FALSE,FALSE,FALSE,0,0,FALSE,2026-09-15T16:13:25.309663Z
7031,2026_01_GB_MIN,2026,1,1155498,3464,L,S,1,6,FALSE,TRUE,FALSE,TRUE,FALSE,FALSE,FALSE,FALSE,FALSE,DES,TRUE,FALSE,FALSE,FALSE,FALSE,0,4,FALSE,2026-09-15T16:13:25.309663Z
7031,2026_01_GB_MIN,2026,1,1155499,3489,R,S,0,5,FALSE,TRUE,FALSE,FALSE,FALSE,FALSE,FALSE,FALSE,FALSE,CHK,FALSE,FALSE,FALSE,FALSE,FALSE,0,4,FALSE,2026-09-15T16:13:25.309663Z
7031,2026_01_GB_MIN,2026,1,1155500,3523,R,U,2,6,FALSE,TRUE,FALSE,FALSE,FALSE,FALSE,FALSE,FALSE,FALSE,0,FALSE,FALSE,FALSE,FALSE,FALSE,0,0,FALSE,2026-09-15T16:13:25.309663Z
7031,2026_01_GB_MIN,2026,1,1155501,3545,L,U,2,7,FALSE,FALSE,TRUE,FALSE,FALSE,FALSE,FALSE,FALSE,FALSE,1,TRUE,FALSE,FALSE,FALSE,FALSE,0,5,FALSE,2026-09-15T16:13:25.309663Z
7031,2026_01_GB_MIN,2026,1,1155502,3570,R,U,2,7,FALSE,TRUE,FALSE,FALSE,FALSE,FALSE,FALSE,FALSE,FALSE,0,FALSE,FALSE,FALSE,FALSE,FALSE,0,0,FALSE,2026-09-15T16:13:25.309663Z
7031,2026_01_GB_MIN,2026,1,1155503,3592,R,S,1,6,FALSE,TRUE,FALSE,FALSE,FALSE,FALSE,FALSE,TRUE,FALSE,SD,FALSE,FALSE,FALSE,FALSE,FALSE,0,4,FALSE,2026-09-15T16:13:25.309663Z
7031,2026_01_GB_MIN,2026,1,1155504,3630,R,U,2,8,FALSE,TRUE,FALSE,FALSE,FALSE,FALSE,FALSE,FALSE,FALSE,0,FALSE,FALSE,FALSE,FALSE,FALSE,0,0,FALSE,2026-09-15T16:13:25.309663Z
7031,2026_01_GB_MIN,2026,1,1155505,3648,L,S,1,6,FALSE,TRUE,FALSE,FALSE,FALSE,FALSE,FALSE,FALSE,FALSE,1,TRUE,FALSE,FALSE,FALSE,FALSE,0,4,FALSE,2026-09-15T16:13:25.309663Z
7031,2026_01_GB_MIN,2026,1,1155506,3667,0,0,0,0,FALSE,FALSE,FALSE,FALSE,FALSE,FALSE,FALSE,FALSE,FALSE,0,FALSE,FALSE,FALSE,FALSE,FALSE,0,0,FALSE,2026-09-15T16:13:25.309663Z
7031,2026_01_GB_MIN,2026,1,1155507,3697,M,U,1,6,FALSE,FALSE,FALSE,FALSE,FALSE,FALSE,FALSE,FALSE,FALSE,0,FALSE,FALSE,FALSE,FALSE,FALSE,0,0,FALSE,2026-09-15T16:13:25.309663Z
7031,2026_01_GB_MIN,2026,1,1155508,3724,R,S,2,7,FALSE,TRUE,TRUE,FALSE,FALSE,FALSE,FALSE,FALSE,FALSE,0,FALSE,FALSE,FALSE,FALSE,FALSE,0,5,FALSE,2026-09-15T16:13:25.309663Z
7031,2026_01_GB_MIN,2026,1,1155509,3754,M,S,1,6,FALSE,FALSE,FALSE,FALSE,FALSE,FALSE,FALSE,FALSE,FALSE,0,FALSE,FALSE,FALSE,FALSE,FALSE,0,6,FALSE,2026-09-15T16:13:25.309663Z
7031,2026_01_GB_MIN,2026,1,1155510,3784,L,U,2,8,FALSE,TRUE,FALSE,FALSE,FALSE,FALSE,FALSE,FALSE,FALSE,0,FALSE,FALSE,FALSE,FALSE,FALSE,0,0,FALSE,2026-09-15T16:13:25.309663Z
7031,2026_01_GB_MIN,2026,1,1155511,3813,0,0,0,0,FALSE,FALSE,FALSE,FALSE,FALSE,FALSE,FALSE,FALSE,FALSE,0,FALSE,FALSE,FALSE,FALSE,FALSE,0,0,FALSE,2026-09-15T16:13:25.309663Z
7031,2026_01_GB_MIN,2026,1,1155512,3828,0,0,0,0,FALSE,FALSE,FALSE,FALSE,FALSE,FALSE,FALSE,FALSE,FALSE,0,FALSE,FALSE,FALSE,FALSE,FALSE,0,0,FALSE,2026-09-15T16:13:25.309663Z
7031,2026_01_GB_MIN,2026,1,1155513,3852,L,S,1,6,FALSE,TRUE,FALSE,FALSE,FALSE,FALSE,FALSE,FALSE,FALSE,1,TRUE,FALSE,FALSE,FALSE,FALSE,0,5,FALSE,2026-09-15T16:13:25.309663Z
7031,2026_01_GB_MIN,2026,1,1155514,3877,L,S,1,7,TRUE,FALSE,FALSE,FALSE,FALSE,FALSE,FALSE,TRUE,FALSE,1,FALSE,FALSE,FALSE,FALSE,FALSE,0,5,FALSE,2026-09-15T16:13:25.309663Z
7031,2026_01_GB_MIN,2026,1,1155515,3909,R,U,2,6,FALSE,FALSE,FALSE,FALSE,FALSE,FALSE,FALSE,FALSE,FALSE,0,FALSE,FALSE,FALSE,FALSE,FALSE,0,0,FALSE,2026-09-15T16:13:25.309663Z
7031,2026_01_GB_MIN,2026,1,1155516,3946,0,0,0,0,FALSE,FALSE,FALSE,FALSE,FALSE,FALSE,FALSE,FALSE,FALSE,0,FALSE,FALSE,FALSE,FALSE,FALSE,0,0,FALSE,2026-09-15T16:13:25.309663Z
7031,2026_01_GB_MIN,2026,1,1155517,3934,L,U,2,6,FALSE,TRUE,FALSE,FALSE,FALSE,FALSE,FALSE,FALSE,FALSE,0,FALSE,FALSE,FALSE,FALSE,FALSE,0,0,FALSE,2026-09-15T16:13:25.309663Z
7031,2026_01_GB_MIN,2026,1,1155518,3975,0,0,0,0,FALSE,FALSE,FALSE,FALSE,FALSE,FALSE,FALSE,FALSE,FALSE,0,FALSE,FALSE,FALSE,FALSE,FALSE,0,0,FALSE,2026-09-15T16:13:25.309663Z
7031,2026_01_GB_MIN,2026,1,1155519,3963,L,U,2,8,FALSE,FALSE,TRUE,FALSE,FALSE,FALSE,FALSE,FALSE,FALSE,1,TRUE,FALSE,FALSE,FALSE,FALSE,0,6,FALSE,2026-09-15T16:13:25.309663Z
7031,2026_01_GB_MIN,2026,1,1155520,3991,0,0,0,0,FALSE,FALSE,FALSE,FALSE,FALSE,FALSE,FALSE,FALSE,FALSE,0,FALSE,FALSE,FALSE,FALSE,FALSE,0,0,FALSE,2026-09-15T16:13:25.309663Z
7031,2026_01_GB_MIN,2026,1,1155521,4006,0,0,0,0,FALSE,FALSE,FALSE,FALSE,FALSE,FALSE,FALSE,FALSE,FALSE,0,FALSE,FALSE,FALSE,FALSE,FALSE,0,0,FALSE,2026-09-15T16:13:25.309663Z
7031,2026_01_GB_MIN,2026,1,1155522,4023,L,S,2,6,FALSE,FALSE,FALSE,FALSE,FALSE,FALSE,FALSE,FALSE,FALSE,1,FALSE,FALSE,FALSE,FALSE,FALSE,0,5,FALSE,2026-09-15T16:13:25.309663Z
7031,2026_01_GB_MIN,2026,1,1155523,4046,L,S,1,6,FALSE,TRUE,FALSE,FALSE,FALSE,FALSE,FALSE,FALSE,FALSE,1,TRUE,FALSE,FALSE,FALSE,FALSE,0,4,FALSE,2026-09-15T16:13:25.309663Z
7031,2026_01_GB_MIN,2026,1,1155524,4071,L,S,1,6,TRUE,TRUE,FALSE,FALSE,FALSE,FALSE,FALSE,FALSE,FALSE,0,FALSE,FALSE,FALSE,FALSE,FALSE,0,5,FALSE,2026-09-15T16:13:25.309663Z
7031,2026_01_GB_MIN,2026,1,1155525,4110,R,S,1,7,FALSE,TRUE,FALSE,FALSE,FALSE,FALSE,FALSE,FALSE,FALSE,1,TRUE,FALSE,FALSE,FALSE,FALSE,0,5,FALSE,2026-09-15T16:13:25.309663Z
7031,2026_01_GB_MIN,2026,1,1155526,4135,L,S,1,8,TRUE,TRUE,FALSE,FALSE,FALSE,FALSE,FALSE,FALSE,FALSE,1,FALSE,FALSE,FALSE,FALSE,FALSE,0,8,FALSE,2026-09-15T16:13:25.309663Z
7031,2026_01_GB_MIN,2026,1,1155527,4158,L,S,2,7,FALSE,FALSE,FALSE,FALSE,FALSE,FALSE,FALSE,FALSE,FALSE,1,TRUE,FALSE,FALSE,FALSE,FALSE,0,6,FALSE,2026-09-15T16:13:25.309663Z
7031,2026_01_GB_MIN,2026,1,1155528,4183,M,S,1,6,TRUE,FALSE,FALSE,FALSE,FALSE,FALSE,FALSE,FALSE,FALSE,1,TRUE,FALSE,FALSE,FALSE,FALSE,0,6,FALSE,2026-09-15T16:13:25.309663Z
7031,2026_01_GB_MIN,2026,1,1155529,4208,L,S,1,6,FALSE,FALSE,FALSE,FALSE,FALSE,FALSE,FALSE,FALSE,FALSE,1,FALSE,TRUE,FALSE,FALSE,FALSE,0,4,FALSE,2026-09-15T16:13:25.309663Z
7031,2026_01_GB_MIN,2026,1,1155530,4238,L,S,1,6,FALSE,TRUE,FALSE,FALSE,FALSE,FALSE,FALSE,FALSE,FALSE,1,TRUE,FALSE,FALSE,FALSE,FALSE,0,5,FALSE,2026-09-15T16:13:25.309663Z
7031,2026_01_GB_MIN,2026,1,1155531,4263,R,S,1,6,TRUE,FALSE,FALSE,FALSE,FALSE,FALSE,FALSE,FALSE,FALSE,1,FALSE,TRUE,FALSE,FALSE,FALSE,0,5,FALSE,2026-09-15T16:13:25.309663Z
7031,2026_01_GB_MIN,2026,1,1155532,4286,R,S,1,6,FALSE,FALSE,FALSE,FALSE,FALSE,FALSE,FALSE,FALSE,FALSE,1,FALSE,FALSE,FALSE,FALSE,FALSE,0,4,FALSE,2026-09-15T16:13:25.309663Z
7031,2026_01_GB_MIN,2026,1,1155533,4309,L,U,2,6,FALSE,TRUE,FALSE,FALSE,FALSE,FALSE,FALSE,FALSE,FALSE,0,FALSE,FALSE,FALSE,FALSE,FALSE,0,0,FALSE,2026-09-15T16:13:25.309663Z
7031,2026_01_GB_MIN,2026,1,1155534,4331,0,0,0,0,FALSE,FALSE,FALSE,FALSE,FALSE,FALSE,FALSE,FALSE,FALSE,0,FALSE,FALSE,FALSE,FALSE,FALSE,0,0,FALSE,2026-09-15T16:13:25.309663Z
7031,2026_01_GB_MIN,2026,1,1155535,4353,0,0,0,0,FALSE,FALSE,FALSE,FALSE,FALSE,FALSE,FALSE,FALSE,FALSE,0,FALSE,FALSE,FALSE,FALSE,FALSE,0,0,FALSE,2026-09-15T16:13:25.309663Z
7032,2026_01_WAS_PHI,2026,1,1155536,39,0,0,0,0,FALSE,FALSE,FALSE,FALSE,FALSE,FALSE,FALSE,FALSE,FALSE,0,FALSE,FALSE,FALSE,FALSE,FALSE,0,0,FALSE,2026-09-15T16:13:25.309663Z
7032,2026_01_WAS_PHI,2026,1,1155537,62,R,U,1,6,FALSE,TRUE,FALSE,FALSE,FALSE,FALSE,FALSE,FALSE,FALSE,0,FALSE,FALSE,FALSE,FALSE,FALSE,0,0,FALSE,2026-09-15T16:13:25.309663Z
7032,2026_01_WAS_PHI,2026,1,1155538,84,L,U,1,7,FALSE,TRUE,FALSE,FALSE,FALSE,FALSE,FALSE,FALSE,FALSE,0,FALSE,FALSE,FALSE,FALSE,FALSE,0,0,FALSE,2026-09-15T16:13:25.309663Z
7032,2026_01_WAS_PHI,2026,1,1155539,106,L,S,1,6,FALSE,TRUE,FALSE,FALSE,FALSE,FALSE,FALSE,FALSE,FALSE,1,TRUE,FALSE,FALSE,FALSE,FALSE,0,4,FALSE,2026-09-15T16:13:25.309663Z
7032,2026_01_WAS_PHI,2026,1,1155540,131,L,S,1,6,FALSE,TRUE,FALSE,FALSE,FALSE,FALSE,FALSE,FALSE,FALSE,1,TRUE,FALSE,FALSE,FALSE,FALSE,0,0,FALSE,2026-09-15T16:13:25.309663Z
7032,2026_01_WAS_PHI,2026,1,1155541,180,R,U,1,7,FALSE,TRUE,TRUE,FALSE,FALSE,TRUE,TRUE,FALSE,TRUE,0,FALSE,FALSE,FALSE,FALSE,FALSE,0,5,FALSE,2026-09-15T16:13:25.309663Z
7032,2026_01_WAS_PHI,2026,1,1155542,203,R,S,1,6,FALSE,TRUE,FALSE,FALSE,TRUE,FALSE,FALSE,FALSE,FALSE,0,FALSE,FALSE,FALSE,FALSE,FALSE,0,0,FALSE,2026-09-15T16:13:25.309663Z
7032,2026_01_WAS_PHI,2026,1,1155543,225,R,S,1,6,FALSE,TRUE,FALSE,FALSE,FALSE,FALSE,FALSE,FALSE,FALSE,0,FALSE,FALSE,FALSE,FALSE,FALSE,0,0,FALSE,2026-09-15T16:13:25.309663Z
7032,2026_01_WAS_PHI,2026,1,1155544,247,0,0,0,0,FALSE,FALSE,FALSE,FALSE,FALSE,FALSE,FALSE,FALSE,FALSE,0,FALSE,FALSE,FALSE,FALSE,FALSE,0,0,FALSE,2026-09-15T16:13:25.309663Z
7032,2026_01_WAS_PHI,2026,1,1155545,267,0,0,0,0,FALSE,FALSE,FALSE,FALSE,FALSE,FALSE,FALSE,FALSE,FALSE,0,FALSE,FALSE,FALSE,FALSE,FALSE,0,0,FALSE,2026-09-15T16:13:25.309663Z
7032,2026_01_WAS_PHI,2026,1,1155546,286,L,U,1,7,FALSE,TRUE,TRUE,FALSE,FALSE,FALSE,FALSE,FALSE,FALSE,CHK,TRUE,FALSE,FALSE,FALSE,FALSE,0,5,FALSE,2026-09-15T16:13:25.309663Z
7032,2026_01_WAS_PHI,2026,1,1155547,309,L,U,1,7,FALSE,TRUE,FALSE,FALSE,FALSE,FALSE,FALSE,FALSE,FALSE,0,FALSE,FALSE,FALSE,FALSE,FALSE,0,0,FALSE,2026-09-15T16:13:25.309663Z
7032,2026_01_WAS_PHI,2026,1,1155548,331,R,S,1,7,FALSE,TRUE,FALSE,FALSE,FALSE,FALSE,TRUE,FALSE,FALSE,SD,FALSE,FALSE,FALSE,FALSE,FALSE,0,4,FALSE,2026-09-15T16:13:25.309663Z
7032,2026_01_WAS_PHI,2026,1,1155549,358,L,U,1,6,FALSE,TRUE,FALSE,FALSE,FALSE,FALSE,FALSE,FALSE,FALSE,0,FALSE,FALSE,FALSE,FALSE,FALSE,0,0,FALSE,2026-09-15T16:13:25.309663Z
7032,2026_01_WAS_PHI,2026,1,1155550,380,L,S,1,6,FALSE,FALSE,FALSE,FALSE,FALSE,FALSE,FALSE,FALSE,FALSE,1,TRUE,FALSE,FALSE,FALSE,FALSE,0,4,FALSE,2026-09-15T16:13:25.309663Z
7032,2026_01_WAS_PHI,2026,1,1155551,410,L,S,1,6,FALSE,TRUE,FALSE,FALSE,FALSE,FALSE,FALSE,FALSE,FALSE,1,TRUE,TRUE,FALSE,FALSE,FALSE,0,5,FALSE,2026-09-15T16:13:25.309663Z
7032,2026_01_WAS_PHI,2026,1,1155552,433,0,0,0,0,FALSE,FALSE,FALSE,FALSE,FALSE,FALSE,FALSE,FALSE,FALSE,0,FALSE,FALSE,FALSE,FALSE,FALSE,0,0,FALSE,2026-09-15T16:13:25.309663Z
7032,2026_01_WAS_PHI,2026,1,1155553,452,R,S,1,6,FALSE,TRUE,FALSE,FALSE,TRUE,FALSE,FALSE,FALSE,FALSE,0,FALSE,FALSE,FALSE,FALSE,FALSE,0,0,FALSE,2026-09-15T16:13:25.309663Z
7032,2026_01_WAS_PHI,2026,1,1155554,474,M,S,1,6,FALSE,TRUE,FALSE,FALSE,FALSE,FALSE,FALSE,FALSE,FALSE,CHK,TRUE,FALSE,FALSE,TRUE,FALSE,0,4,FALSE,2026-09-15T16:13:25.309663Z
7032,2026_01_WAS_PHI,2026,1,1155555,497,M,S,1,6,FALSE,FALSE,FALSE,FALSE,FALSE,FALSE,FALSE,FALSE,FALSE,1,FALSE,TRUE,FALSE,FALSE,FALSE,0,4,FALSE,2026-09-15T16:13:25.309663Z
7032,2026_01_WAS_PHI,2026,1,1155556,520,0,0,0,0,FALSE,FALSE,FALSE,FALSE,FALSE,FALSE,FALSE,FALSE,FALSE,0,FALSE,FALSE,FALSE,FALSE,FALSE,0,0,FALSE,2026-09-15T16:13:25.309663Z
7032,2026_01_WAS_PHI,2026,1,1155557,546,L,U,2,8,FALSE,TRUE,FALSE,FALSE,FALSE,FALSE,FALSE,FALSE,FALSE,0,FALSE,FALSE,FALSE,FALSE,FALSE,0,0,FALSE,2026-09-15T16:13:25.309663Z
7032,2026_01_WAS_PHI,2026,1,1155558,579,L,S,2,7,FALSE,TRUE,TRUE,FALSE,TRUE,FALSE,FALSE,FALSE,FALSE,DES,TRUE,FALSE,FALSE,FALSE,FALSE,0,5,FALSE,2026-09-15T16:13:25.309663Z
7032,2026_01_WAS_PHI,2026,1,1155559,604,R,S,1,6,FALSE,TRUE,FALSE,FALSE,FALSE,FALSE,FALSE,FALSE,FALSE,1,TRUE,FALSE,FALSE,FALSE,FALSE,0,4,FALSE,2026-09-15T16:13:25.309663Z
7032,2026_01_WAS_PHI,2026,1,1155560,629,R,S,1,6,FALSE,TRUE,FALSE,FALSE,FALSE,FALSE,FALSE,FALSE,FALSE,0,FALSE,FALSE,FALSE,FALSE,FALSE,0,5,TRUE,2026-09-15T16:13:25.309663Z
7032,2026_01_WAS_PHI,2026,1,1155561,649,0,0,0,0,FALSE,FALSE,FALSE,FALSE,FALSE,FALSE,FALSE,FALSE,FALSE,0,FALSE,FALSE,FALSE,FALSE,FALSE,0,0,FALSE,2026-09-15T16:13:25.309663Z
7032,2026_01_WAS_PHI,2026,1,1155562,675,R,U,1,7,FALSE,TRUE,FALSE,FALSE,FALSE,FALSE,FALSE,FALSE,FALSE,0,FALSE,FALSE,FALSE,FALSE,FALSE,0,0,FALSE,2026-09-15T16:13:25.309663Z
7032,2026_01_WAS_PHI,2026,1,1155563,697,L,U,1,7,FALSE,FALSE,TRUE,TRUE,FALSE,FALSE,FALSE,FALSE,FALSE,DES,TRUE,FALSE,FALSE,FALSE,FALSE,1,6,FALSE,2026-09-15T16:13:25.309663Z
7032,2026_01_WAS_PHI,2026,1,1155564,722,L,U,1,7,FALSE,FALSE,FALSE,FALSE,FALSE,FALSE,FALSE,FALSE,FALSE,0,FALSE,FALSE,FALSE,FALSE,FALSE,0,0,FALSE,2026-09-15T16:13:25.309663Z
7032,2026_01_WAS_PHI,2026,1,1155565,746,0,0,0,0,FALSE,FALSE,FALSE,FALSE,FALSE,FALSE,FALSE,FALSE,FALSE,0,FALSE,FALSE,FALSE,FALSE,FALSE,0,0,FALSE,2026-09-15T16:13:25.309663Z
7032,2026_01_WAS_PHI,2026,1,1155566,772,L,U,1,7,FALSE,TRUE,FALSE,FALSE,FALSE,FALSE,FALSE,FALSE,FALSE,0,FALSE,FALSE,FALSE,FALSE,FALSE,0,0,FALSE,2026-09-15T16:13:25.309663Z
7032,2026_01_WAS_PHI,2026,1,1155567,801,R,U,1,8,FALSE,TRUE,TRUE,FALSE,FALSE,FALSE,FALSE,FALSE,FALSE,1,TRUE,FALSE,FALSE,FALSE,FALSE,0,4,FALSE,2026-09-15T16:13:25.309663Z
7032,2026_01_WAS_PHI,2026,1,1155568,838,0,0,0,0,FALSE,FALSE,FALSE,FALSE,FALSE,FALSE,FALSE,FALSE,FALSE,0,FALSE,FALSE,FALSE,FALSE,FALSE,0,0,FALSE,2026-09-15T16:13:25.309663Z
7032,2026_01_WAS_PHI,2026,1,1155569,826,R,U,1,7,FALSE,TRUE,FALSE,FALSE,FALSE,FALSE,FALSE,FALSE,FALSE,0,FALSE,FALSE,FALSE,FALSE,FALSE,0,0,FALSE,2026-09-15T16:13:25.309663Z
7032,2026_01_WAS_PHI,2026,1,1155570,866,L,S,1,6,FALSE,FALSE,FALSE,FALSE,TRUE,FALSE,FALSE,FALSE,FALSE,0,FALSE,FALSE,FALSE,FALSE,FALSE,0,0,FALSE,2026-09-15T16:13:25.309663Z
7032,2026_01_WAS_PHI,2026,1,1155571,908,L,S,1,6,FALSE,FALSE,FALSE,FALSE,TRUE,FALSE,FALSE,FALSE,FALSE,0,FALSE,FALSE,FALSE,FALSE,FALSE,0,0,FALSE,2026-09-15T16:13:25.309663Z
7032,2026_01_WAS_PHI,2026,1,1155572,930,R,S,1,6,FALSE,FALSE,FALSE,FALSE,FALSE,FALSE,FALSE,FALSE,FALSE,1,TRUE,TRUE,FALSE,FALSE,FALSE,0,4,FALSE,2026-09-15T16:13:25.309663Z
7032,2026_01_WAS_PHI,2026,1,1155573,956,0,0,0,0,FALSE,FALSE,FALSE,FALSE,FALSE,FALSE,FALSE,FALSE,FALSE,0,FALSE,FALSE,FALSE,FALSE,FALSE,0,0,FALSE,2026-09-15T16:13:25.309663Z
7032,2026_01_WAS_PHI,2026,1,1155574,971,0,0,0,0,FALSE,FALSE,FALSE,FALSE,FALSE,FALSE,FALSE,FALSE,FALSE,0,FALSE,FALSE,FALSE,FALSE,FALSE,0,0,FALSE,2026-09-15T16:13:25.309663Z
7032,2026_01_WAS_PHI,2026,1,1155575,1001,R,S,1,7,FALSE,TRUE,FALSE,FALSE,FALSE,FALSE,FALSE,FALSE,FALSE,1,TRUE,TRUE,FALSE,FALSE,FALSE,0,4,FALSE,2026-09-15T16:13:25.309663Z
7032,2026_01_WAS_PHI,2026,1,1155576,1026,L,S,1,5,FALSE,TRUE,FALSE,FALSE,FALSE,FALSE,FALSE,FALSE,FALSE,1,FALSE,FALSE,FALSE,FALSE,FALSE,0,4,FALSE,2026-09-15T16:13:25.309663Z
7032,2026_01_WAS_PHI,2026,1,1155577,1049,L,S,1,6,FALSE,FALSE,FALSE,FALSE,FALSE,FALSE,TRUE,FALSE,FALSE,SD,FALSE,FALSE,FALSE,FALSE,FALSE,1,4,FALSE,2026-09-15T16:13:25.309663Z
7032,2026_01_WAS_PHI,2026,1,1155578,1081,0,0,0,0,FALSE,FALSE,FALSE,FALSE,FALSE,FALSE,FALSE,FALSE,FALSE,0,FALSE,FALSE,FALSE,FALSE,FALSE,0,0,FALSE,2026-09-15T16:13:25.309663Z
7032,2026_01_WAS_PHI,2026,1,1155579,1112,R,U,1,7,FALSE,TRUE,FALSE,FALSE,FALSE,FALSE,FALSE,FALSE,FALSE,0,FALSE,FALSE,FALSE,FALSE,FALSE,0,0,FALSE,2026-09-15T16:13:25.309663Z
7032,2026_01_WAS_PHI,2026,1,1155580,1141,L,S,1,7,FALSE,TRUE,TRUE,FALSE,TRUE,FALSE,FALSE,FALSE,FALSE,1,FALSE,TRUE,FALSE,FALSE,FALSE,0,5,FALSE,2026-09-15T16:13:25.309663Z
7032,2026_01_WAS_PHI,2026,1,1155581,1164,L,S,1,6,FALSE,TRUE,FALSE,FALSE,FALSE,FALSE,FALSE,FALSE,FALSE,2,FALSE,TRUE,FALSE,FALSE,FALSE,0,4,FALSE,2026-09-15T16:13:25.309663Z
7032,2026_01_WAS_PHI,2026,1,1155582,1187,0,0,0,0,FALSE,FALSE,FALSE,FALSE,FALSE,FALSE,FALSE,FALSE,FALSE,0,FALSE,FALSE,FALSE,FALSE,FALSE,0,0,FALSE,2026-09-15T16:13:25.309663Z
7032,2026_01_WAS_PHI,2026,1,1155583,1222,R,S,2,7,FALSE,TRUE,TRUE,FALSE,FALSE,FALSE,TRUE,FALSE,FALSE,SD,FALSE,FALSE,FALSE,FALSE,FALSE,0,4,FALSE,2026-09-15T16:13:25.309663Z
7032,2026_01_WAS_PHI,2026,1,1155584,1256,R,U,2,7,FALSE,TRUE,FALSE,FALSE,FALSE,FALSE,FALSE,FALSE,FALSE,0,FALSE,FALSE,FALSE,FALSE,FALSE,0,0,FALSE,2026-09-15T16:13:25.309663Z
7032,2026_01_WAS_PHI,2026,1,1155585,1278,L,S,1,6,FALSE,TRUE,FALSE,FALSE,FALSE,FALSE,TRUE,FALSE,FALSE,SD,FALSE,FALSE,FALSE,FALSE,FALSE,0,5,FALSE,2026-09-15T16:13:25.309663Z
7032,2026_01_WAS_PHI,2026,1,1155586,1311,L,S,1,5,FALSE,TRUE,FALSE,FALSE,FALSE,FALSE,FALSE,FALSE,FALSE,1,FALSE,TRUE,FALSE,FALSE,FALSE,0,4,FALSE,2026-09-15T16:13:25.309663Z
7032,2026_01_WAS_PHI,2026,1,1155587,1334,L,S,1,6,FALSE,TRUE,FALSE,TRUE,FALSE,FALSE,FALSE,FALSE,FALSE,DES,TRUE,FALSE,FALSE,FALSE,FALSE,0,4,FALSE,2026-09-15T16:13:25.309663Z
7032,2026_01_WAS_PHI,2026,1,1155588,1359,L,S,1,3,FALSE,FALSE,FALSE,FALSE,FALSE,FALSE,FALSE,FALSE,FALSE,0,FALSE,FALSE,FALSE,FALSE,FALSE,0,0,FALSE,2026-09-15T16:13:25.309663Z
7032,2026_01_WAS_PHI,2026,1,1155589,1381,0,0,0,0,FALSE,FALSE,FALSE,FALSE,FALSE,FALSE,FALSE,FALSE,FALSE,0,FALSE,FALSE,FALSE,FALSE,FALSE,0,0,FALSE,2026-09-15T16:13:25.309663Z
7032,2026_01_WAS_PHI,2026,1,1155590,1407,R,U,1,8,FALSE,TRUE,FALSE,FALSE,FALSE,FALSE,TRUE,FALSE,TRUE,0,FALSE,FALSE,FALSE,FALSE,FALSE,0,6,FALSE,2026-09-15T16:13:25.309663Z
7032,2026_01_WAS_PHI,2026,1,1155591,1437,R,S,1,6,FALSE,TRUE,FALSE,FALSE,FALSE,FALSE,FALSE,FALSE,FALSE,0,FALSE,FALSE,FALSE,FALSE,FALSE,0,0,FALSE,2026-09-15T16:13:25.309663Z
7032,2026_01_WAS_PHI,2026,1,1155592,1466,L,S,1,6,TRUE,FALSE,FALSE,FALSE,FALSE,FALSE,FALSE,FALSE,FALSE,0,FALSE,FALSE,FALSE,FALSE,FALSE,0,0,FALSE,2026-09-15T16:13:25.309663Z
7032,2026_01_WAS_PHI,2026,1,1155593,1488,R,U,1,7,FALSE,FALSE,FALSE,FALSE,FALSE,FALSE,FALSE,FALSE,FALSE,0,FALSE,FALSE,FALSE,FALSE,FALSE,0,0,FALSE,2026-09-15T16:13:25.309663Z
7032,2026_01_WAS_PHI,2026,1,1155594,1510,M,S,1,6,FALSE,TRUE,FALSE,FALSE,FALSE,FALSE,FALSE,FALSE,FALSE,2,TRUE,FALSE,FALSE,FALSE,FALSE,2,5,FALSE,2026-09-15T16:13:25.309663Z
7032,2026_01_WAS_PHI,2026,1,1155595,1536,0,0,0,0,FALSE,FALSE,FALSE,FALSE,FALSE,FALSE,FALSE,FALSE,FALSE,0,FALSE,FALSE,FALSE,FALSE,FALSE,0,0,FALSE,2026-09-15T16:13:25.309663Z
7032,2026_01_WAS_PHI,2026,1,1155596,1551,0,0,0,0,FALSE,FALSE,FALSE,FALSE,FALSE,FALSE,FALSE,FALSE,FALSE,0,FALSE,FALSE,FALSE,FALSE,FALSE,0,0,FALSE,2026-09-15T16:13:25.309663Z
7032,2026_01_WAS_PHI,2026,1,1155597,1581,R,S,1,7,FALSE,TRUE,FALSE,FALSE,TRUE,FALSE,FALSE,FALSE,FALSE,0,FALSE,FALSE,FALSE,FALSE,FALSE,0,0,FALSE,2026-09-15T16:13:25.309663Z
7032,2026_01_WAS_PHI,2026,1,1155598,1603,R,S,1,6,TRUE,FALSE,FALSE,FALSE,FALSE,FALSE,FALSE,FALSE,FALSE,2,TRUE,FALSE,FALSE,FALSE,FALSE,0,4,FALSE,2026-09-15T16:13:25.309663Z
7032,2026_01_WAS_PHI,2026,1,1155599,1628,R,S,1,5,TRUE,FALSE,FALSE,FALSE,FALSE,FALSE,TRUE,FALSE,FALSE,SD,FALSE,TRUE,FALSE,FALSE,FALSE,0,4,FALSE,2026-09-15T16:13:25.309663Z
7032,2026_01_WAS_PHI,2026,1,1155600,1651,0,0,0,0,FALSE,FALSE,FALSE,FALSE,FALSE,FALSE,FALSE,FALSE,FALSE,0,FALSE,FALSE,FALSE,FALSE,FALSE,0,0,FALSE,2026-09-15T16:13:25.309663Z
7032,2026_01_WAS_PHI,2026,1,1155601,1675,R,S,1,5,FALSE,FALSE,FALSE,FALSE,FALSE,FALSE,TRUE,FALSE,TRUE,0,FALSE,FALSE,FALSE,FALSE,FALSE,0,4,FALSE,2026-09-15T16:13:25.309663Z
7032,2026_01_WAS_PHI,2026,1,1155602,1698,R,S,1,6,FALSE,FALSE,FALSE,FALSE,FALSE,FALSE,TRUE,FALSE,FALSE,SD,FALSE,FALSE,FALSE,FALSE,FALSE,0,5,FALSE,2026-09-15T16:13:25.309663Z
7032,2026_01_WAS_PHI,2026,1,1155603,1725,L,S,1,7,FALSE,TRUE,FALSE,FALSE,FALSE,FALSE,FALSE,FALSE,FALSE,0,FALSE,FALSE,FALSE,FALSE,FALSE,0,0,FALSE,2026-09-15T16:13:25.309663Z
7032,2026_01_WAS_PHI,2026,1,1155604,1747,L,U,1,6,FALSE,FALSE,FALSE,FALSE,FALSE,FALSE,FALSE,FALSE,FALSE,0,FALSE,FALSE,FALSE,FALSE,FALSE,0,0,FALSE,2026-09-15T16:13:25.309663Z
7032,2026_01_WAS_PHI,2026,1,1155605,1769,L,S,1,6,TRUE,FALSE,FALSE,FALSE,TRUE,FALSE,FALSE,FALSE,FALSE,0,FALSE,FALSE,FALSE,FALSE,FALSE,0,0,FALSE,2026-09-15T16:13:25.309663Z
7032,2026_01_WAS_PHI,2026,1,1155606,1791,M,S,1,7,FALSE,TRUE,FALSE,FALSE,TRUE,FALSE,FALSE,FALSE,FALSE,0,FALSE,FALSE,FALSE,FALSE,FALSE,0,0,FALSE,2026-09-15T16:13:25.309663Z
7032,2026_01_WAS_PHI,2026,1,1155607,1813,R,S,1,6,FALSE,FALSE,FALSE,FALSE,FALSE,FALSE,TRUE,FALSE,TRUE,0,FALSE,FALSE,FALSE,FALSE,FALSE,0,4,FALSE,2026-09-15T16:13:25.309663Z
7032,2026_01_WAS_PHI,2026,1,1155608,1836,R,S,1,6,FALSE,TRUE,FALSE,FALSE,FALSE,FALSE,FALSE,FALSE,FALSE,2,TRUE,FALSE,FALSE,FALSE,FALSE,0,4,FALSE,2026-09-15T16:13:25.309663Z
7032,2026_01_WAS_PHI,2026,1,1155609,1861,M,U,1,8,FALSE,TRUE,FALSE,FALSE,FALSE,FALSE,FALSE,FALSE,FALSE,0,FALSE,FALSE,FALSE,FALSE,FALSE,0,0,FALSE,2026-09-15T16:13:25.309663Z
7032,2026_01_WAS_PHI,2026,1,1155610,1891,0,0,0,0,FALSE,FALSE,FALSE,FALSE,FALSE,FALSE,FALSE,FALSE,FALSE,0,FALSE,FALSE,FALSE,FALSE,FALSE,0,0,FALSE,2026-09-15T16:13:25.309663Z
7032,2026_01_WAS_PHI,2026,1,1155611,1906,0,0,0,0,FALSE,FALSE,FALSE,FALSE,FALSE,FALSE,FALSE,FALSE,FALSE,0,FALSE,FALSE,FALSE,FALSE,FALSE,0,0,FALSE,2026-09-15T16:13:25.309663Z
7032,2026_01_WAS_PHI,2026,1,1155612,1941,L,S,1,6,FALSE,TRUE,FALSE,FALSE,FALSE,FALSE,TRUE,FALSE,FALSE,SD,FALSE,FALSE,FALSE,FALSE,FALSE,0,4,FALSE,2026-09-15T16:13:25.309663Z
7032,2026_01_WAS_PHI,2026,1,1155613,1963,R,S,1,6,TRUE,FALSE,FALSE,FALSE,FALSE,FALSE,FALSE,FALSE,FALSE,1,TRUE,FALSE,FALSE,FALSE,FALSE,0,4,FALSE,2026-09-15T16:13:25.309663Z
7032,2026_01_WAS_PHI,2026,1,1155614,1988,R,S,1,5,TRUE,FALSE,FALSE,FALSE,FALSE,FALSE,TRUE,FALSE,FALSE,SD,TRUE,FALSE,FALSE,FALSE,FALSE,0,4,FALSE,2026-09-15T16:13:25.309663Z
7032,2026_01_WAS_PHI,2026,1,1155615,2018,R,S,1,5,FALSE,TRUE,FALSE,FALSE,FALSE,FALSE,FALSE,FALSE,FALSE,1,FALSE,FALSE,FALSE,FALSE,FALSE,0,4,FALSE,2026-09-15T16:13:25.309663Z
7032,2026_01_WAS_PHI,2026,1,1155616,2041,R,S,1,6,FALSE,TRUE,FALSE,FALSE,FALSE,FALSE,FALSE,FALSE,FALSE,0,FALSE,FALSE,FALSE,FALSE,FALSE,0,4,FALSE,2026-09-15T16:13:25.309663Z
7032,2026_01_WAS_PHI,2026,1,1155617,2064,0,0,0,0,FALSE,FALSE,FALSE,FALSE,FALSE,FALSE,FALSE,FALSE,FALSE,0,FALSE,FALSE,FALSE,FALSE,FALSE,0,0,FALSE,2026-09-15T16:13:25.309663Z
7032,2026_01_WAS_PHI,2026,1,1155618,2096,0,0,0,0,FALSE,FALSE,FALSE,FALSE,FALSE,FALSE,FALSE,FALSE,FALSE,0,FALSE,FALSE,FALSE,FALSE,FALSE,0,0,FALSE,2026-09-15T16:13:25.309663Z
7032,2026_01_WAS_PHI,2026,1,1155619,2084,R,U,1,6,FALSE,FALSE,FALSE,FALSE,FALSE,FALSE,FALSE,FALSE,FALSE,0,FALSE,FALSE,FALSE,FALSE,FALSE,0,0,FALSE,2026-09-15T16:13:25.309663Z
7032,2026_01_WAS_PHI,2026,1,1155620,2133,0,0,0,0,FALSE,FALSE,FALSE,FALSE,FALSE,FALSE,FALSE,FALSE,FALSE,0,FALSE,FALSE,FALSE,FALSE,FALSE,0,0,FALSE,2026-09-15T16:13:25.309663Z
7032,2026_01_WAS_PHI,2026,1,1155621,2161,R,U,1,7,FALSE,TRUE,FALSE,FALSE,FALSE,FALSE,FALSE,FALSE,FALSE,0,FALSE,FALSE,FALSE,FALSE,FALSE,0,0,FALSE,2026-09-15T16:13:25.309663Z
7032,2026_01_WAS_PHI,2026,1,1155622,2188,R,S,1,6,FALSE,TRUE,FALSE,TRUE,FALSE,FALSE,FALSE,FALSE,FALSE,DES,TRUE,FALSE,FALSE,FALSE,FALSE,0,4,FALSE,2026-09-15T16:13:25.309663Z
7032,2026_01_WAS_PHI,2026,1,1155623,2213,L,S,1,6,FALSE,TRUE,FALSE,FALSE,FALSE,FALSE,TRUE,FALSE,FALSE,CHK,TRUE,FALSE,FALSE,FALSE,FALSE,0,5,FALSE,2026-09-15T16:13:25.309663Z
7032,2026_01_WAS_PHI,2026,1,1155624,2243,0,0,0,0,FALSE,FALSE,FALSE,FALSE,FALSE,FALSE,FALSE,FALSE,FALSE,0,FALSE,FALSE,FALSE,FALSE,FALSE,0,0,FALSE,2026-09-15T16:13:25.309663Z
7032,2026_01_WAS_PHI,2026,1,1155625,2269,R,S,1,6,FALSE,TRUE,FALSE,FALSE,FALSE,FALSE,FALSE,FALSE,FALSE,0,FALSE,FALSE,FALSE,FALSE,FALSE,0,0,FALSE,2026-09-15T16:13:25.309663Z
7032,2026_01_WAS_PHI,2026,1,1155626,2298,R,S,1,6,FALSE,TRUE,TRUE,FALSE,TRUE,FALSE,FALSE,FALSE,FALSE,2,FALSE,FALSE,FALSE,FALSE,FALSE,0,4,FALSE,2026-09-15T16:13:25.309663Z
7032,2026_01_WAS_PHI,2026,1,1155627,2321,R,S,1,4,FALSE,TRUE,FALSE,FALSE,FALSE,FALSE,FALSE,FALSE,FALSE,CHK,TRUE,FALSE,FALSE,FALSE,FALSE,0,4,FALSE,2026-09-15T16:13:25.309663Z
7032,2026_01_WAS_PHI,2026,1,1155628,2346,0,0,0,0,FALSE,FALSE,FALSE,FALSE,FALSE,FALSE,FALSE,FALSE,FALSE,0,FALSE,FALSE,FALSE,FALSE,FALSE,0,0,FALSE,2026-09-15T16:13:25.309663Z
7032,2026_01_WAS_PHI,2026,1,1155629,2364,R,U,1,7,FALSE,TRUE,TRUE,FALSE,FALSE,FALSE,FALSE,FALSE,FALSE,0,FALSE,FALSE,FALSE,FALSE,FALSE,1,5,TRUE,2026-09-15T16:13:25.309663Z
7032,2026_01_WAS_PHI,2026,1,1155630,2391,M,S,1,6,FALSE,TRUE,FALSE,FALSE,FALSE,FALSE,FALSE,FALSE,FALSE,1,TRUE,FALSE,FALSE,FALSE,FALSE,1,4,FALSE,2026-09-15T16:13:25.309663Z
7032,2026_01_WAS_PHI,2026,1,1155631,2428,0,0,0,0,FALSE,FALSE,FALSE,FALSE,FALSE,FALSE,FALSE,FALSE,FALSE,0,FALSE,FALSE,FALSE,FALSE,FALSE,0,0,FALSE,2026-09-15T16:13:25.309663Z
7032,2026_01_WAS_PHI,2026,1,1155632,2416,L,S,1,6,FALSE,TRUE,FALSE,FALSE,FALSE,FALSE,TRUE,FALSE,TRUE,0,FALSE,FALSE,FALSE,FALSE,FALSE,0,4,FALSE,2026-09-15T16:13:25.309663Z
7032,2026_01_WAS_PHI,2026,1,1155633,2446,0,0,0,0,FALSE,FALSE,FALSE,FALSE,FALSE,FALSE,FALSE,FALSE,FALSE,0,FALSE,FALSE,FALSE,FALSE,FALSE,0,0,FALSE,2026-09-15T16:13:25.309663Z
7032,2026_01_WAS_PHI,2026,1,1155634,2472,0,0,0,0,FALSE,FALSE,FALSE,FALSE,FALSE,FALSE,FALSE,FALSE,FALSE,0,FALSE,FALSE,FALSE,FALSE,FALSE,0,0,FALSE,2026-09-15T16:13:25.309663Z
7032,2026_01_WAS_PHI,2026,1,1155635,2503,R,U,2,6,FALSE,TRUE,FALSE,FALSE,FALSE,FALSE,FALSE,FALSE,FALSE,0,FALSE,FALSE,FALSE,FALSE,FALSE,0,0,FALSE,2026-09-15T16:13:25.309663Z
7032,2026_01_WAS_PHI,2026,1,1155636,2525,R,S,0,4,TRUE,FALSE,FALSE,FALSE,FALSE,FALSE,FALSE,FALSE,FALSE,2,TRUE,FALSE,FALSE,FALSE,FALSE,0,4,FALSE,2026-09-15T16:13:25.309663Z
7032,2026_01_WAS_PHI,2026,1,1155637,2550,R,U,2,7,FALSE,TRUE,FALSE,FALSE,FALSE,FALSE,FALSE,FALSE,FALSE,0,FALSE,FALSE,FALSE,FALSE,FALSE,0,0,FALSE,2026-09-15T16:13:25.309663Z
7032,2026_01_WAS_PHI,2026,1,1155638,2572,M,U,1,6,FALSE,FALSE,TRUE,FALSE,FALSE,FALSE,TRUE,FALSE,FALSE,SD,FALSE,TRUE,FALSE,FALSE,FALSE,0,4,FALSE,2026-09-15T16:13:25.309663Z
7032,2026_01_WAS_PHI,2026,1,1155639,2606,M,S,1,5,FALSE,TRUE,FALSE,FALSE,TRUE,FALSE,FALSE,FALSE,FALSE,0,FALSE,FALSE,FALSE,FALSE,FALSE,0,0,FALSE,2026-09-15T16:13:25.309663Z
7032,2026_01_WAS_PHI,2026,1,1155640,2628,M,S,0,5,FALSE,FALSE,FALSE,FALSE,FALSE,FALSE,FALSE,FALSE,FALSE,1,FALSE,FALSE,FALSE,FALSE,FALSE,0,4,FALSE,2026-09-15T16:13:25.309663Z
7032,2026_01_WAS_PHI,2026,1,1155641,2651,M,S,1,6,FALSE,FALSE,FALSE,FALSE,FALSE,FALSE,FALSE,FALSE,FALSE,1,TRUE,FALSE,FALSE,FALSE,FALSE,3,7,FALSE,2026-09-15T16:13:25.309663Z
7032,2026_01_WAS_PHI,2026,1,1155642,2674,0,0,0,0,FALSE,FALSE,FALSE,FALSE,FALSE,FALSE,FALSE,FALSE,FALSE,0,FALSE,FALSE,FALSE,FALSE,FALSE,0,0,FALSE,2026-09-15T16:13:25.309663Z
7032,2026_01_WAS_PHI,2026,1,1155643,2695,M,U,1,6,FALSE,TRUE,FALSE,FALSE,FALSE,FALSE,FALSE,FALSE,FALSE,0,FALSE,FALSE,FALSE,FALSE,FALSE,0,0,FALSE,2026-09-15T16:13:25.309663Z
7032,2026_01_WAS_PHI,2026,1,1155644,2724,R,U,1,6,FALSE,TRUE,FALSE,FALSE,FALSE,FALSE,FALSE,FALSE,FALSE,0,FALSE,FALSE,FALSE,FALSE,FALSE,0,0,FALSE,2026-09-15T16:13:25.309663Z
7032,2026_01_WAS_PHI,2026,1,1155645,2755,R,S,1,6,FALSE,TRUE,FALSE,FALSE,FALSE,FALSE,TRUE,FALSE,FALSE,0,FALSE,FALSE,FALSE,FALSE,FALSE,0,5,TRUE,2026-09-15T16:13:25.309663Z
7032,2026_01_WAS_PHI,2026,1,1155646,2786,0,0,0,0,FALSE,FALSE,FALSE,FALSE,FALSE,FALSE,FALSE,FALSE,FALSE,0,FALSE,FALSE,FALSE,FALSE,FALSE,0,0,FALSE,2026-09-15T16:13:25.309663Z
7032,2026_01_WAS_PHI,2026,1,1155647,2817,L,S,2,6,FALSE,TRUE,FALSE,FALSE,TRUE,FALSE,FALSE,FALSE,FALSE,0,FALSE,FALSE,FALSE,FALSE,FALSE,0,0,FALSE,2026-09-15T16:13:25.309663Z
7032,2026_01_WAS_PHI,2026,1,1155648,2846,L,S,1,6,TRUE,FALSE,FALSE,FALSE,FALSE,FALSE,TRUE,FALSE,TRUE,0,FALSE,FALSE,FALSE,FALSE,FALSE,1,4,FALSE,2026-09-15T16:13:25.309663Z
7032,2026_01_WAS_PHI,2026,1,1155649,2869,0,0,0,0,FALSE,FALSE,FALSE,FALSE,FALSE,FALSE,FALSE,FALSE,FALSE,0,FALSE,FALSE,FALSE,FALSE,FALSE,0,0,FALSE,2026-09-15T16:13:25.309663Z
7032,2026_01_WAS_PHI,2026,1,1155650,2893,L,S,1,5,FALSE,FALSE,FALSE,FALSE,FALSE,FALSE,FALSE,FALSE,FALSE,1,TRUE,FALSE,FALSE,FALSE,FALSE,0,4,FALSE,2026-09-15T16:13:25.309663Z
7032,2026_01_WAS_PHI,2026,1,1155651,2921,0,0,0,0,FALSE,FALSE,FALSE,FALSE,FALSE,FALSE,FALSE,FALSE,FALSE,0,FALSE,FALSE,FALSE,FALSE,FALSE,0,0,FALSE,2026-09-15T16:13:25.309663Z
7032,2026_01_WAS_PHI,2026,1,1155652,2950,L,U,1,7,FALSE,TRUE,TRUE,FALSE,FALSE,FALSE,TRUE,FALSE,FALSE,CHK,TRUE,FALSE,FALSE,FALSE,FALSE,0,4,FALSE,2026-09-15T16:13:25.309663Z
7032,2026_01_WAS_PHI,2026,1,1155653,2986,L,S,1,6,FALSE,TRUE,FALSE,FALSE,FALSE,FALSE,TRUE,FALSE,FALSE,SD,FALSE,FALSE,FALSE,FALSE,FALSE,0,4,FALSE,2026-09-15T16:13:25.309663Z
7032,2026_01_WAS_PHI,2026,1,1155654,3008,R,S,1,6,TRUE,FALSE,TRUE,FALSE,TRUE,FALSE,TRUE,FALSE,FALSE,SD,FALSE,FALSE,FALSE,FALSE,FALSE,0,5,FALSE,2026-09-15T16:13:25.309663Z
7032,2026_01_WAS_PHI,2026,1,1155655,3030,R,S,1,6,FALSE,TRUE,FALSE,FALSE,FALSE,FALSE,FALSE,FALSE,FALSE,2,TRUE,FALSE,TRUE,FALSE,FALSE,0,5,FALSE,2026-09-15T16:13:25.309663Z
7032,2026_01_WAS_PHI,2026,1,1155656,3060,R,U,1,6,TRUE,FALSE,FALSE,FALSE,FALSE,FALSE,TRUE,FALSE,TRUE,0,FALSE,FALSE,FALSE,FALSE,FALSE,0,4,FALSE,2026-09-15T16:13:25.309663Z
7032,2026_01_WAS_PHI,2026,1,1155657,3083,R,U,1,7,FALSE,FALSE,FALSE,FALSE,FALSE,FALSE,FALSE,FALSE,FALSE,0,FALSE,FALSE,FALSE,FALSE,FALSE,0,0,FALSE,2026-09-15T16:13:25.309663Z
7032,2026_01_WAS_PHI,2026,1,1155658,3105,R,S,1,7,FALSE,FALSE,FALSE,FALSE,FALSE,FALSE,FALSE,FALSE,FALSE,1,FALSE,FALSE,FALSE,FALSE,FALSE,0,5,FALSE,2026-09-15T16:13:25.309663Z
7032,2026_01_WAS_PHI,2026,1,1155659,3128,0,0,0,0,FALSE,FALSE,FALSE,FALSE,FALSE,FALSE,FALSE,FALSE,FALSE,0,FALSE,FALSE,FALSE,FALSE,FALSE,0,0,FALSE,2026-09-15T16:13:25.309663Z
7032,2026_01_WAS_PHI,2026,1,1155660,3148,0,0,0,0,FALSE,FALSE,FALSE,FALSE,FALSE,FALSE,FALSE,FALSE,FALSE,0,FALSE,FALSE,FALSE,FALSE,FALSE,0,0,FALSE,2026-09-15T16:13:25.309663Z
7032,2026_01_WAS_PHI,2026,1,1155661,3179,L,S,0,6,FALSE,TRUE,FALSE,FALSE,FALSE,FALSE,TRUE,FALSE,FALSE,0,FALSE,FALSE,FALSE,FALSE,FALSE,1,4,FALSE,2026-09-15T16:13:25.309663Z
7032,2026_01_WAS_PHI,2026,1,1155662,3228,R,S,1,6,FALSE,TRUE,TRUE,FALSE,FALSE,FALSE,FALSE,FALSE,FALSE,1,TRUE,FALSE,FALSE,FALSE,FALSE,0,3,FALSE,2026-09-15T16:13:25.309663Z
7032,2026_01_WAS_PHI,2026,1,1155663,3253,R,U,1,6,FALSE,FALSE,FALSE,FALSE,FALSE,FALSE,FALSE,FALSE,FALSE,0,FALSE,FALSE,FALSE,FALSE,FALSE,0,0,FALSE,2026-09-15T16:13:25.309663Z
7032,2026_01_WAS_PHI,2026,1,1155664,3275,R,U,1,6,FALSE,FALSE,FALSE,FALSE,FALSE,FALSE,FALSE,FALSE,FALSE,0,FALSE,FALSE,FALSE,FALSE,FALSE,0,0,FALSE,2026-09-15T16:13:25.309663Z
7032,2026_01_WAS_PHI,2026,1,1155665,3302,L,S,1,6,FALSE,TRUE,FALSE,FALSE,FALSE,FALSE,TRUE,FALSE,FALSE,0,FALSE,FALSE,FALSE,FALSE,FALSE,0,5,FALSE,2026-09-15T16:13:25.309663Z
7032,2026_01_WAS_PHI,2026,1,1155666,3322,0,0,0,0,FALSE,FALSE,FALSE,FALSE,FALSE,FALSE,FALSE,FALSE,FALSE,0,FALSE,FALSE,FALSE,FALSE,FALSE,0,0,FALSE,2026-09-15T16:13:25.309663Z
7032,2026_01_WAS_PHI,2026,1,1155667,3346,L,S,1,6,FALSE,FALSE,FALSE,FALSE,FALSE,FALSE,FALSE,FALSE,FALSE,2,TRUE,FALSE,FALSE,FALSE,FALSE,0,4,FALSE,2026-09-15T16:13:25.309663Z
7032,2026_01_WAS_PHI,2026,1,1155668,3376,L,S,1,6,FALSE,TRUE,FALSE,FALSE,FALSE,FALSE,FALSE,FALSE,FALSE,0,FALSE,FALSE,FALSE,FALSE,FALSE,0,0,FALSE,2026-09-15T16:13:25.309663Z
7032,2026_01_WAS_PHI,2026,1,1155669,3398,L,S,1,5,FALSE,TRUE,FALSE,TRUE,FALSE,FALSE,FALSE,FALSE,FALSE,DES,TRUE,FALSE,FALSE,FALSE,FALSE,0,4,FALSE,2026-09-15T16:13:25.309663Z
7032,2026_01_WAS_PHI,2026,1,1155670,3423,R,S,0,5,FALSE,FALSE,FALSE,FALSE,FALSE,FALSE,FALSE,FALSE,FALSE,1,TRUE,FALSE,FALSE,FALSE,FALSE,1,5,FALSE,2026-09-15T16:13:25.309663Z
7032,2026_01_WAS_PHI,2026,1,1155671,3460,0,0,0,0,FALSE,FALSE,FALSE,FALSE,FALSE,FALSE,FALSE,FALSE,FALSE,0,FALSE,FALSE,FALSE,FALSE,FALSE,0,0,FALSE,2026-09-15T16:13:25.309663Z
7032,2026_01_WAS_PHI,2026,1,1155672,3475,0,0,0,0,FALSE,FALSE,FALSE,FALSE,FALSE,FALSE,FALSE,FALSE,FALSE,0,FALSE,FALSE,FALSE,FALSE,FALSE,0,0,FALSE,2026-09-15T16:13:25.309663Z
7032,2026_01_WAS_PHI,2026,1,1155673,3505,R,S,1,6,FALSE,FALSE,FALSE,FALSE,FALSE,FALSE,FALSE,FALSE,FALSE,0,FALSE,FALSE,FALSE,FALSE,FALSE,0,0,FALSE,2026-09-15T16:13:25.309663Z
7032,2026_01_WAS_PHI,2026,1,1155674,3527,R,S,1,6,FALSE,TRUE,FALSE,FALSE,TRUE,FALSE,FALSE,FALSE,FALSE,0,FALSE,FALSE,FALSE,FALSE,FALSE,0,0,FALSE,2026-09-15T16:13:25.309663Z
7032,2026_01_WAS_PHI,2026,1,1155675,3549,R,S,0,6,TRUE,FALSE,FALSE,TRUE,FALSE,FALSE,FALSE,FALSE,FALSE,DES,TRUE,FALSE,FALSE,FALSE,FALSE,0,4,FALSE,2026-09-15T16:13:25.309663Z
7032,2026_01_WAS_PHI,2026,1,1155676,3571,0,0,0,0,FALSE,FALSE,FALSE,FALSE,FALSE,FALSE,FALSE,FALSE,FALSE,0,FALSE,FALSE,FALSE,FALSE,FALSE,0,0,FALSE,2026-09-15T16:13:25.309663Z
7032,2026_01_WAS_PHI,2026,1,1155677,3597,L,S,1,7,FALSE,TRUE,FALSE,FALSE,FALSE,FALSE,TRUE,FALSE,TRUE,0,FALSE,FALSE,FALSE,FALSE,FALSE,0,4,FALSE,2026-09-15T16:13:25.309663Z
7032,2026_01_WAS_PHI,2026,1,1155678,3620,L,S,1,6,FALSE,FALSE,FALSE,FALSE,FALSE,FALSE,TRUE,FALSE,FALSE,SD,FALSE,FALSE,FALSE,FALSE,FALSE,0,4,FALSE,2026-09-15T16:13:25.309663Z
7032,2026_01_WAS_PHI,2026,1,1155679,3642,R,U,1,6,TRUE,FALSE,FALSE,FALSE,FALSE,FALSE,FALSE,FALSE,FALSE,0,FALSE,FALSE,FALSE,FALSE,FALSE,0,0,FALSE,2026-09-15T16:13:25.309663Z
7032,2026_01_WAS_PHI,2026,1,1155680,3672,R,S,1,6,TRUE,FALSE,FALSE,FALSE,TRUE,FALSE,FALSE,FALSE,FALSE,0,FALSE,FALSE,FALSE,FALSE,FALSE,0,0,FALSE,2026-09-15T16:13:25.309663Z
7032,2026_01_WAS_PHI,2026,1,1155681,3694,L,S,1,6,FALSE,TRUE,FALSE,FALSE,FALSE,FALSE,FALSE,FALSE,FALSE,1,TRUE,FALSE,FALSE,FALSE,FALSE,0,3,FALSE,2026-09-15T16:13:25.309663Z
7032,2026_01_WAS_PHI,2026,1,1155682,3720,0,0,0,0,FALSE,FALSE,FALSE,FALSE,FALSE,FALSE,FALSE,FALSE,FALSE,0,FALSE,FALSE,FALSE,FALSE,FALSE,0,0,FALSE,2026-09-15T16:13:25.309663Z
7032,2026_01_WAS_PHI,2026,1,1155683,3735,0,0,0,0,FALSE,FALSE,FALSE,FALSE,FALSE,FALSE,FALSE,FALSE,FALSE,0,FALSE,FALSE,FALSE,FALSE,FALSE,0,0,FALSE,2026-09-15T16:13:25.309663Z
7032,2026_01_WAS_PHI,2026,1,1155684,3765,L,U,1,6,FALSE,TRUE,TRUE,FALSE,FALSE,FALSE,TRUE,FALSE,FALSE,SD,TRUE,FALSE,FALSE,FALSE,FALSE,0,5,FALSE,2026-09-15T16:13:25.309663Z
7032,2026_01_WAS_PHI,2026,1,1155685,3795,R,S,1,6,TRUE,TRUE,FALSE,FALSE,TRUE,FALSE,FALSE,FALSE,FALSE,0,FALSE,FALSE,FALSE,FALSE,FALSE,0,0,FALSE,2026-09-15T16:13:25.309663Z
7032,2026_01_WAS_PHI,2026,1,1155686,3817,R,S,1,5,FALSE,FALSE,FALSE,FALSE,FALSE,FALSE,FALSE,FALSE,FALSE,1,TRUE,FALSE,FALSE,FALSE,FALSE,1,5,FALSE,2026-09-15T16:13:25.309663Z
7032,2026_01_WAS_PHI,2026,1,1155687,3847,L,S,1,6,FALSE,TRUE,FALSE,TRUE,FALSE,FALSE,FALSE,FALSE,FALSE,DES,TRUE,FALSE,FALSE,FALSE,FALSE,0,4,FALSE,2026-09-15T16:13:25.309663Z
7032,2026_01_WAS_PHI,2026,1,1155688,3872,R,S,1,6,TRUE,FALSE,FALSE,FALSE,TRUE,FALSE,FALSE,FALSE,FALSE,0,FALSE,FALSE,FALSE,FALSE,FALSE,0,0,FALSE,2026-09-15T16:13:25.309663Z
7032,2026_01_WAS_PHI,2026,1,1155689,3910,R,S,1,6,FALSE,TRUE,FALSE,FALSE,FALSE,FALSE,FALSE,FALSE,FALSE,0,FALSE,FALSE,FALSE,FALSE,FALSE,0,0,FALSE,2026-09-15T16:13:25.309663Z
7032,2026_01_WAS_PHI,2026,1,1155690,3932,M,S,1,6,FALSE,TRUE,FALSE,FALSE,FALSE,FALSE,FALSE,FALSE,FALSE,0,FALSE,FALSE,FALSE,FALSE,FALSE,0,0,FALSE,2026-09-15T16:13:25.309663Z
7032,2026_01_WAS_PHI,2026,1,1155691,3954,R,S,1,7,TRUE,FALSE,FALSE,FALSE,FALSE,FALSE,FALSE,FALSE,FALSE,1,FALSE,TRUE,FALSE,FALSE,FALSE,0,4,FALSE,2026-09-15T16:13:25.309663Z
7032,2026_01_WAS_PHI,2026,1,1155692,3999,0,0,0,0,FALSE,FALSE,FALSE,FALSE,FALSE,FALSE,FALSE,FALSE,FALSE,0,FALSE,FALSE,FALSE,FALSE,FALSE,0,0,FALSE,2026-09-15T16:13:25.309663Z
7032,2026_01_WAS_PHI,2026,1,1155693,3977,R,S,1,5,FALSE,FALSE,FALSE,FALSE,FALSE,FALSE,FALSE,FALSE,FALSE,1,TRUE,FALSE,FALSE,FALSE,FALSE,0,4,FALSE,2026-09-15T16:13:25.309663Z
7032,2026_01_WAS_PHI,2026,1,1155694,4019,R,U,2,7,FALSE,TRUE,FALSE,FALSE,FALSE,FALSE,FALSE,FALSE,FALSE,0,FALSE,FALSE,FALSE,FALSE,FALSE,0,0,FALSE,2026-09-15T16:13:25.309663Z
7032,2026_01_WAS_PHI,2026,1,1155695,4048,R,U,1,8,FALSE,TRUE,TRUE,FALSE,FALSE,FALSE,TRUE,FALSE,TRUE,0,FALSE,FALSE,FALSE,FALSE,FALSE,0,4,FALSE,2026-09-15T16:13:25.309663Z
7032,2026_01_WAS_PHI,2026,1,1155696,4071,R,S,1,6,FALSE,FALSE,FALSE,FALSE,FALSE,FALSE,FALSE,FALSE,FALSE,1,TRUE,FALSE,FALSE,FALSE,FALSE,1,6,FALSE,2026-09-15T16:13:25.309663Z
7032,2026_01_WAS_PHI,2026,1,1155697,4132,R,S,1,6,FALSE,TRUE,FALSE,TRUE,FALSE,TRUE,TRUE,FALSE,FALSE,DES,TRUE,FALSE,FALSE,FALSE,FALSE,0,3,FALSE,2026-09-15T16:13:25.309663Z
7032,2026_01_WAS_PHI,2026,1,1155698,4158,0,0,0,0,FALSE,FALSE,FALSE,FALSE,FALSE,FALSE,FALSE,FALSE,FALSE,0,FALSE,FALSE,FALSE,FALSE,FALSE,0,0,FALSE,2026-09-15T16:13:25.309663Z
7032,2026_01_WAS_PHI,2026,1,1155699,4145,0,0,0,0,FALSE,FALSE,FALSE,FALSE,FALSE,FALSE,FALSE,FALSE,FALSE,0,FALSE,FALSE,FALSE,FALSE,FALSE,0,0,FALSE,2026-09-15T16:13:25.309663Z
7032,2026_01_WAS_PHI,2026,1,1155700,4175,0,0,0,0,FALSE,FALSE,FALSE,FALSE,FALSE,FALSE,FALSE,FALSE,FALSE,0,FALSE,FALSE,FALSE,FALSE,FALSE,0,0,FALSE,2026-09-15T16:13:25.309663Z
7032,2026_01_WAS_PHI,2026,1,1155701,4197,0,0,0,0,FALSE,FALSE,FALSE,FALSE,FALSE,FALSE,FALSE,FALSE,FALSE,0,FALSE,FALSE,FALSE,FALSE,FALSE,0,0,FALSE,2026-09-15T16:13:25.309663Z
7033,2026_01_DAL_NYG,2026,1,1155702,39,0,0,0,0,FALSE,FALSE,FALSE,FALSE,FALSE,FALSE,FALSE,FALSE,FALSE,0,FALSE,FALSE,FALSE,FALSE,FALSE,0,0,FALSE,2026-09-15T16:13:25.309663Z
7033,2026_01_DAL_NYG,2026,1,1155703,62,L,U,3,6,FALSE,TRUE,FALSE,FALSE,FALSE,FALSE,FALSE,FALSE,FALSE,0,FALSE,FALSE,FALSE,FALSE,FALSE,0,0,FALSE,2026-09-15T16:13:25.309663Z
7033,2026_01_DAL_NYG,2026,1,1155704,84,L,S,1,6,FALSE,FALSE,FALSE,FALSE,FALSE,FALSE,FALSE,FALSE,FALSE,1,TRUE,FALSE,FALSE,FALSE,FALSE,0,4,FALSE,2026-09-15T16:13:25.309663Z
7033,2026_01_DAL_NYG,2026,1,1155705,107,L,S,1,6,FALSE,FALSE,FALSE,FALSE,FALSE,FALSE,FALSE,FALSE,FALSE,1,TRUE,TRUE,FALSE,FALSE,FALSE,0,4,FALSE,2026-09-15T16:13:25.309663Z
7033,2026_01_DAL_NYG,2026,1,1155706,132,0,0,0,0,FALSE,FALSE,FALSE,FALSE,FALSE,FALSE,FALSE,FALSE,FALSE,0,FALSE,FALSE,FALSE,FALSE,FALSE,0,0,FALSE,2026-09-15T16:13:25.309663Z
7033,2026_01_DAL_NYG,2026,1,1155707,160,0,0,0,0,FALSE,FALSE,FALSE,FALSE,FALSE,FALSE,FALSE,FALSE,FALSE,0,FALSE,FALSE,FALSE,FALSE,FALSE,0,0,FALSE,2026-09-15T16:13:25.309663Z
7033,2026_01_DAL_NYG,2026,1,1155708,180,L,U,2,6,FALSE,FALSE,FALSE,FALSE,FALSE,FALSE,FALSE,FALSE,FALSE,0,FALSE,FALSE,FALSE,FALSE,FALSE,0,0,FALSE,2026-09-15T16:13:25.309663Z
7033,2026_01_DAL_NYG,2026,1,1155709,202,R,U,2,6,FALSE,TRUE,FALSE,FALSE,FALSE,FALSE,FALSE,FALSE,FALSE,0,FALSE,FALSE,FALSE,FALSE,FALSE,0,0,FALSE,2026-09-15T16:13:25.309663Z
7033,2026_01_DAL_NYG,2026,1,1155710,224,L,U,2,7,FALSE,TRUE,FALSE,FALSE,FALSE,FALSE,FALSE,FALSE,FALSE,0,FALSE,FALSE,FALSE,FALSE,TRUE,0,0,FALSE,2026-09-15T16:13:25.309663Z
7033,2026_01_DAL_NYG,2026,1,1155711,246,L,S,1,7,FALSE,TRUE,FALSE,FALSE,TRUE,FALSE,TRUE,FALSE,FALSE,1,TRUE,FALSE,FALSE,FALSE,FALSE,0,4,FALSE,2026-09-15T16:13:25.309663Z
7033,2026_01_DAL_NYG,2026,1,1155712,271,L,U,2,7,FALSE,TRUE,FALSE,FALSE,FALSE,FALSE,FALSE,FALSE,FALSE,0,FALSE,FALSE,FALSE,FALSE,FALSE,0,0,FALSE,2026-09-15T16:13:25.309663Z
7033,2026_01_DAL_NYG,2026,1,1155713,304,L,U,1,7,FALSE,TRUE,TRUE,FALSE,FALSE,FALSE,FALSE,FALSE,FALSE,2,FALSE,FALSE,FALSE,FALSE,FALSE,0,4,FALSE,2026-09-15T16:13:25.309663Z
7033,2026_01_DAL_NYG,2026,1,1155714,327,L,S,2,6,FALSE,TRUE,FALSE,FALSE,FALSE,FALSE,FALSE,FALSE,FALSE,0,FALSE,FALSE,FALSE,FALSE,FALSE,0,0,FALSE,2026-09-15T16:13:25.309663Z
7033,2026_01_DAL_NYG,2026,1,1155715,370,L,U,1,7,FALSE,FALSE,FALSE,FALSE,FALSE,FALSE,FALSE,FALSE,FALSE,0,FALSE,FALSE,FALSE,FALSE,FALSE,0,0,FALSE,2026-09-15T16:13:25.309663Z
7033,2026_01_DAL_NYG,2026,1,1155716,392,R,U,2,7,FALSE,TRUE,FALSE,FALSE,FALSE,FALSE,FALSE,FALSE,FALSE,0,FALSE,FALSE,FALSE,FALSE,FALSE,0,0,FALSE,2026-09-15T16:13:25.309663Z
7033,2026_01_DAL_NYG,2026,1,1155717,426,0,0,0,0,FALSE,FALSE,FALSE,FALSE,FALSE,FALSE,FALSE,FALSE,FALSE,0,FALSE,FALSE,FALSE,FALSE,FALSE,0,0,FALSE,2026-09-15T16:13:25.309663Z
7033,2026_01_DAL_NYG,2026,1,1155718,414,R,S,1,6,FALSE,TRUE,FALSE,FALSE,FALSE,FALSE,FALSE,FALSE,FALSE,2,TRUE,FALSE,FALSE,FALSE,FALSE,0,4,FALSE,2026-09-15T16:13:25.309663Z
7033,2026_01_DAL_NYG,2026,1,1155719,446,M,S,1,7,FALSE,TRUE,FALSE,FALSE,FALSE,FALSE,FALSE,FALSE,FALSE,0,FALSE,FALSE,FALSE,FALSE,FALSE,0,0,FALSE,2026-09-15T16:13:25.309663Z
7033,2026_01_DAL_NYG,2026,1,1155720,469,0,0,0,0,FALSE,FALSE,FALSE,FALSE,FALSE,FALSE,FALSE,FALSE,FALSE,0,FALSE,FALSE,FALSE,FALSE,FALSE,0,0,FALSE,2026-09-15T16:13:25.309663Z
7033,2026_01_DAL_NYG,2026,1,1155721,484,0,0,0,0,FALSE,FALSE,FALSE,FALSE,FALSE,FALSE,FALSE,FALSE,FALSE,0,FALSE,FALSE,FALSE,FALSE,FALSE,0,0,FALSE,2026-09-15T16:13:25.309663Z
7033,2026_01_DAL_NYG,2026,1,1155722,525,L,S,2,6,FALSE,TRUE,FALSE,FALSE,FALSE,FALSE,FALSE,FALSE,FALSE,0,FALSE,FALSE,FALSE,FALSE,FALSE,0,0,FALSE,2026-09-15T16:13:25.309663Z
7033,2026_01_DAL_NYG,2026,1,1155723,547,R,U,2,6,FALSE,TRUE,FALSE,FALSE,FALSE,FALSE,FALSE,FALSE,FALSE,0,FALSE,FALSE,FALSE,FALSE,FALSE,0,0,FALSE,2026-09-15T16:13:25.309663Z
7033,2026_01_DAL_NYG,2026,1,1155724,571,L,S,0,7,FALSE,TRUE,FALSE,FALSE,FALSE,FALSE,FALSE,FALSE,FALSE,2,TRUE,FALSE,FALSE,FALSE,FALSE,0,4,FALSE,2026-09-15T16:13:25.309663Z
7033,2026_01_DAL_NYG,2026,1,1155725,596,R,U,1,7,FALSE,TRUE,TRUE,FALSE,FALSE,FALSE,TRUE,FALSE,FALSE,1,TRUE,FALSE,FALSE,FALSE,FALSE,0,4,FALSE,2026-09-15T16:13:25.309663Z
7033,2026_01_DAL_NYG,2026,1,1155726,626,R,U,1,6,FALSE,TRUE,FALSE,FALSE,FALSE,FALSE,FALSE,FALSE,FALSE,0,FALSE,FALSE,FALSE,FALSE,FALSE,0,0,FALSE,2026-09-15T16:13:25.309663Z
7033,2026_01_DAL_NYG,2026,1,1155727,648,R,S,1,6,FALSE,TRUE,FALSE,FALSE,TRUE,FALSE,FALSE,FALSE,FALSE,0,FALSE,FALSE,FALSE,FALSE,FALSE,0,0,FALSE,2026-09-15T16:13:25.309663Z
7033,2026_01_DAL_NYG,2026,1,1155728,670,M,U,1,7,FALSE,FALSE,TRUE,FALSE,FALSE,FALSE,FALSE,FALSE,TRUE,2,FALSE,FALSE,FALSE,FALSE,FALSE,0,4,FALSE,2026-09-15T16:13:25.309663Z
7033,2026_01_DAL_NYG,2026,1,1155729,693,M,S,1,6,FALSE,TRUE,FALSE,FALSE,FALSE,FALSE,FALSE,FALSE,FALSE,0,TRUE,FALSE,FALSE,FALSE,FALSE,0,4,FALSE,2026-09-15T16:13:25.309663Z
7033,2026_01_DAL_NYG,2026,1,1155730,718,R,S,0,6,FALSE,TRUE,FALSE,FALSE,FALSE,FALSE,FALSE,FALSE,FALSE,1,TRUE,FALSE,FALSE,TRUE,FALSE,0,4,FALSE,2026-09-15T16:13:25.309663Z
7033,2026_01_DAL_NYG,2026,1,1155731,752,0,0,0,0,FALSE,FALSE,FALSE,FALSE,FALSE,FALSE,FALSE,FALSE,FALSE,0,FALSE,FALSE,FALSE,FALSE,FALSE,0,0,FALSE,2026-09-15T16:13:25.309663Z
7033,2026_01_DAL_NYG,2026,1,1155732,772,L,U,2,7,FALSE,FALSE,FALSE,FALSE,FALSE,FALSE,FALSE,FALSE,FALSE,0,FALSE,FALSE,FALSE,FALSE,FALSE,0,0,FALSE,2026-09-15T16:13:25.309663Z
7033,2026_01_DAL_NYG,2026,1,1155733,801,L,U,1,7,FALSE,FALSE,FALSE,FALSE,FALSE,FALSE,FALSE,FALSE,FALSE,0,FALSE,FALSE,FALSE,FALSE,FALSE,0,0,FALSE,2026-09-15T16:13:25.309663Z
7033,2026_01_DAL_NYG,2026,1,1155734,823,L,U,2,7,FALSE,TRUE,TRUE,FALSE,FALSE,FALSE,FALSE,TRUE,FALSE,2,FALSE,FALSE,FALSE,FALSE,FALSE,0,4,FALSE,2026-09-15T16:13:25.309663Z
7033,2026_01_DAL_NYG,2026,1,1155735,846,L,S,1,6,FALSE,FALSE,FALSE,FALSE,FALSE,FALSE,FALSE,FALSE,FALSE,1,TRUE,FALSE,FALSE,FALSE,FALSE,1,4,FALSE,2026-09-15T16:13:25.309663Z
7033,2026_01_DAL_NYG,2026,1,1155736,907,0,0,0,0,FALSE,FALSE,FALSE,FALSE,FALSE,FALSE,FALSE,FALSE,FALSE,0,FALSE,FALSE,FALSE,FALSE,FALSE,0,0,FALSE,2026-09-15T16:13:25.309663Z
7033,2026_01_DAL_NYG,2026,1,1155737,931,L,U,3,7,FALSE,FALSE,FALSE,FALSE,FALSE,FALSE,FALSE,FALSE,FALSE,0,FALSE,FALSE,FALSE,FALSE,FALSE,0,0,FALSE,2026-09-15T16:13:25.309663Z
7033,2026_01_DAL_NYG,2026,1,1155738,953,L,S,1,6,FALSE,TRUE,FALSE,FALSE,FALSE,FALSE,FALSE,FALSE,FALSE,1,TRUE,FALSE,FALSE,FALSE,FALSE,0,4,FALSE,2026-09-15T16:13:25.309663Z
7033,2026_01_DAL_NYG,2026,1,1155739,978,R,U,1,7,FALSE,FALSE,FALSE,FALSE,FALSE,FALSE,FALSE,FALSE,FALSE,0,FALSE,FALSE,FALSE,FALSE,FALSE,0,0,FALSE,2026-09-15T16:13:25.309663Z
7033,2026_01_DAL_NYG,2026,1,1155740,1000,0,0,0,0,FALSE,FALSE,FALSE,FALSE,FALSE,FALSE,FALSE,FALSE,FALSE,0,FALSE,FALSE,FALSE,FALSE,FALSE,0,0,FALSE,2026-09-15T16:13:25.309663Z
7033,2026_01_DAL_NYG,2026,1,1155741,1024,0,0,0,0,FALSE,FALSE,FALSE,FALSE,FALSE,FALSE,FALSE,FALSE,FALSE,0,FALSE,FALSE,FALSE,FALSE,FALSE,0,0,FALSE,2026-09-15T16:13:25.309663Z
7033,2026_01_DAL_NYG,2026,1,1155742,1044,L,S,1,7,FALSE,TRUE,FALSE,FALSE,FALSE,FALSE,TRUE,FALSE,FALSE,SD,FALSE,FALSE,FALSE,FALSE,FALSE,0,4,FALSE,2026-09-15T16:13:25.309663Z
7033,2026_01_DAL_NYG,2026,1,1155743,1073,L,U,1,7,FALSE,FALSE,FALSE,FALSE,FALSE,FALSE,FALSE,FALSE,FALSE,0,FALSE,FALSE,FALSE,FALSE,FALSE,0,0,FALSE,2026-09-15T16:13:25.309663Z
7033,2026_01_DAL_NYG,2026,1,1155744,1097,L,S,1,6,FALSE,TRUE,TRUE,FALSE,FALSE,FALSE,TRUE,FALSE,FALSE,SD,FALSE,FALSE,FALSE,FALSE,FALSE,1,4,FALSE,2026-09-15T16:13:25.309663Z
7033,2026_01_DAL_NYG,2026,1,1155745,1119,R,U,2,7,FALSE,TRUE,FALSE,FALSE,FALSE,FALSE,FALSE,FALSE,FALSE,0,FALSE,FALSE,FALSE,FALSE,FALSE,0,0,FALSE,2026-09-15T16:13:25.309663Z
7033,2026_01_DAL_NYG,2026,1,1155746,1152,R,S,1,5,FALSE,TRUE,FALSE,FALSE,FALSE,FALSE,FALSE,FALSE,FALSE,2,TRUE,TRUE,FALSE,FALSE,FALSE,0,4,FALSE,2026-09-15T16:13:25.309663Z
7033,2026_01_DAL_NYG,2026,1,1155747,1186,R,S,1,6,FALSE,TRUE,FALSE,FALSE,FALSE,FALSE,FALSE,FALSE,FALSE,0,FALSE,FALSE,FALSE,FALSE,FALSE,0,0,FALSE,2026-09-15T16:13:25.309663Z
7033,2026_01_DAL_NYG,2026,1,1155748,1208,R,S,1,6,FALSE,FALSE,FALSE,FALSE,FALSE,FALSE,FALSE,FALSE,FALSE,2,TRUE,FALSE,FALSE,FALSE,FALSE,0,4,FALSE,2026-09-15T16:13:25.309663Z
7033,2026_01_DAL_NYG,2026,1,1155749,1233,L,S,1,6,FALSE,FALSE,FALSE,FALSE,FALSE,FALSE,FALSE,FALSE,FALSE,0,FALSE,FALSE,FALSE,FALSE,FALSE,0,0,FALSE,2026-09-15T16:13:25.309663Z
7033,2026_01_DAL_NYG,2026,1,1155750,1255,L,S,1,7,FALSE,FALSE,FALSE,FALSE,FALSE,FALSE,FALSE,FALSE,FALSE,CHK,TRUE,FALSE,FALSE,FALSE,FALSE,0,4,FALSE,2026-09-15T16:13:25.309663Z
7033,2026_01_DAL_NYG,2026,1,1155751,1291,L,S,1,6,FALSE,FALSE,FALSE,FALSE,FALSE,FALSE,FALSE,FALSE,FALSE,1,TRUE,FALSE,FALSE,FALSE,FALSE,0,4,FALSE,2026-09-15T16:13:25.309663Z
7033,2026_01_DAL_NYG,2026,1,1155752,1316,L,S,0,6,FALSE,TRUE,FALSE,FALSE,FALSE,FALSE,TRUE,FALSE,FALSE,2,TRUE,TRUE,FALSE,FALSE,FALSE,0,4,FALSE,2026-09-15T16:13:25.309663Z
7033,2026_01_DAL_NYG,2026,1,1155753,1350,R,U,3,7,FALSE,TRUE,FALSE,FALSE,FALSE,FALSE,FALSE,FALSE,FALSE,0,FALSE,FALSE,FALSE,FALSE,FALSE,0,0,FALSE,2026-09-15T16:13:25.309663Z
7033,2026_01_DAL_NYG,2026,1,1155754,1372,R,S,1,6,FALSE,TRUE,FALSE,FALSE,FALSE,FALSE,FALSE,FALSE,FALSE,0,FALSE,FALSE,FALSE,FALSE,FALSE,0,0,FALSE,2026-09-15T16:13:25.309663Z
7033,2026_01_DAL_NYG,2026,1,1155755,1422,R,S,1,7,FALSE,FALSE,FALSE,FALSE,TRUE,FALSE,FALSE,FALSE,FALSE,1,TRUE,TRUE,FALSE,FALSE,FALSE,0,4,FALSE,2026-09-15T16:13:25.309663Z
7033,2026_01_DAL_NYG,2026,1,1155756,1448,0,0,0,0,FALSE,FALSE,FALSE,FALSE,FALSE,FALSE,FALSE,FALSE,FALSE,0,FALSE,FALSE,FALSE,FALSE,FALSE,0,0,FALSE,2026-09-15T16:13:25.309663Z
7033,2026_01_DAL_NYG,2026,1,1155757,1463,0,0,0,0,FALSE,FALSE,FALSE,FALSE,FALSE,FALSE,FALSE,FALSE,FALSE,0,FALSE,FALSE,FALSE,FALSE,FALSE,0,0,FALSE,2026-09-15T16:13:25.309663Z
7033,2026_01_DAL_NYG,2026,1,1155758,1504,R,U,2,7,FALSE,TRUE,FALSE,FALSE,FALSE,FALSE,FALSE,FALSE,FALSE,0,FALSE,FALSE,FALSE,FALSE,FALSE,0,0,FALSE,2026-09-15T16:13:25.309663Z
7033,2026_01_DAL_NYG,2026,1,1155759,1531,L,S,2,7,FALSE,TRUE,TRUE,FALSE,FALSE,FALSE,TRUE,FALSE,FALSE,0,FALSE,FALSE,FALSE,FALSE,FALSE,0,4,FALSE,2026-09-15T16:13:25.309663Z
7033,2026_01_DAL_NYG,2026,1,1155760,1553,L,S,1,6,FALSE,TRUE,FALSE,FALSE,FALSE,FALSE,FALSE,FALSE,FALSE,1,FALSE,FALSE,FALSE,FALSE,FALSE,1,5,FALSE,2026-09-15T16:13:25.309663Z
7033,2026_01_DAL_NYG,2026,1,1155761,1576,L,S,1,6,FALSE,FALSE,FALSE,FALSE,FALSE,FALSE,FALSE,FALSE,FALSE,1,TRUE,FALSE,FALSE,FALSE,FALSE,0,4,FALSE,2026-09-15T16:13:25.309663Z
7033,2026_01_DAL_NYG,2026,1,1155762,1606,L,U,2,7,FALSE,TRUE,FALSE,FALSE,FALSE,FALSE,FALSE,FALSE,FALSE,0,FALSE,FALSE,FALSE,FALSE,FALSE,0,0,FALSE,2026-09-15T16:13:25.309663Z
7033,2026_01_DAL_NYG,2026,1,1155763,1628,L,U,1,7,FALSE,FALSE,TRUE,FALSE,FALSE,FALSE,FALSE,FALSE,FALSE,1,TRUE,FALSE,FALSE,FALSE,FALSE,0,4,FALSE,2026-09-15T16:13:25.309663Z
7033,2026_01_DAL_NYG,2026,1,1155764,1658,L,S,0,6,TRUE,FALSE,FALSE,FALSE,FALSE,FALSE,FALSE,FALSE,FALSE,0,FALSE,FALSE,FALSE,FALSE,FALSE,1,5,FALSE,2026-09-15T16:13:25.309663Z
7033,2026_01_DAL_NYG,2026,1,1155765,1688,L,S,1,6,FALSE,TRUE,FALSE,FALSE,TRUE,FALSE,FALSE,FALSE,FALSE,0,FALSE,FALSE,FALSE,FALSE,FALSE,0,0,FALSE,2026-09-15T16:13:25.309663Z
7033,2026_01_DAL_NYG,2026,1,1155766,1733,R,U,2,6,FALSE,FALSE,FALSE,FALSE,FALSE,FALSE,FALSE,FALSE,FALSE,0,FALSE,FALSE,FALSE,FALSE,FALSE,0,0,FALSE,2026-09-15T16:13:25.309663Z
7033,2026_01_DAL_NYG,2026,1,1155767,1769,R,S,2,7,FALSE,FALSE,FALSE,FALSE,FALSE,FALSE,FALSE,FALSE,FALSE,1,TRUE,FALSE,FALSE,TRUE,FALSE,0,4,FALSE,2026-09-15T16:13:25.309663Z
7033,2026_01_DAL_NYG,2026,1,1155768,1793,R,S,1,6,FALSE,TRUE,FALSE,TRUE,FALSE,FALSE,FALSE,FALSE,FALSE,DES,TRUE,FALSE,FALSE,FALSE,FALSE,2,5,FALSE,2026-09-15T16:13:25.309663Z
7033,2026_01_DAL_NYG,2026,1,1155769,1823,L,S,1,6,TRUE,TRUE,FALSE,FALSE,FALSE,FALSE,FALSE,FALSE,TRUE,2,FALSE,FALSE,FALSE,FALSE,FALSE,0,4,FALSE,2026-09-15T16:13:25.309663Z
7033,2026_01_DAL_NYG,2026,1,1155770,1846,L,S,1,6,FALSE,TRUE,FALSE,FALSE,FALSE,FALSE,FALSE,FALSE,FALSE,1,TRUE,FALSE,FALSE,FALSE,FALSE,0,4,FALSE,2026-09-15T16:13:25.309663Z
7033,2026_01_DAL_NYG,2026,1,1155771,1883,0,0,0,0,FALSE,FALSE,FALSE,FALSE,FALSE,FALSE,FALSE,FALSE,FALSE,0,FALSE,FALSE,FALSE,FALSE,FALSE,0,0,FALSE,2026-09-15T16:13:25.309663Z
7033,2026_01_DAL_NYG,2026,1,1155772,1871,L,S,1,6,FALSE,TRUE,FALSE,FALSE,FALSE,FALSE,TRUE,TRUE,FALSE,SD,FALSE,FALSE,FALSE,FALSE,FALSE,0,4,FALSE,2026-09-15T16:13:25.309663Z
7033,2026_01_DAL_NYG,2026,1,1155773,1910,L,S,1,6,FALSE,TRUE,FALSE,FALSE,FALSE,FALSE,FALSE,FALSE,FALSE,1,FALSE,FALSE,FALSE,FALSE,FALSE,0,4,FALSE,2026-09-15T16:13:25.309663Z
7033,2026_01_DAL_NYG,2026,1,1155774,1940,L,S,1,6,FALSE,TRUE,FALSE,FALSE,FALSE,FALSE,FALSE,FALSE,FALSE,2,TRUE,FALSE,FALSE,FALSE,FALSE,0,4,FALSE,2026-09-15T16:13:25.309663Z
7033,2026_01_DAL_NYG,2026,1,1155775,1977,0,0,0,0,FALSE,FALSE,FALSE,FALSE,FALSE,FALSE,FALSE,FALSE,FALSE,0,FALSE,FALSE,FALSE,FALSE,FALSE,0,0,FALSE,2026-09-15T16:13:25.309663Z
7033,2026_01_DAL_NYG,2026,1,1155776,1965,0,0,0,0,FALSE,FALSE,FALSE,FALSE,FALSE,FALSE,FALSE,FALSE,FALSE,0,FALSE,FALSE,FALSE,FALSE,FALSE,0,0,FALSE,2026-09-15T16:13:25.309663Z
7033,2026_01_DAL_NYG,2026,1,1155777,1996,L,S,1,6,FALSE,TRUE,FALSE,FALSE,FALSE,FALSE,FALSE,FALSE,FALSE,1,TRUE,FALSE,FALSE,FALSE,FALSE,1,4,FALSE,2026-09-15T16:13:25.309663Z
7033,2026_01_DAL_NYG,2026,1,1155778,2026,L,S,1,6,FALSE,FALSE,FALSE,FALSE,FALSE,FALSE,FALSE,FALSE,FALSE,1,TRUE,FALSE,FALSE,FALSE,FALSE,0,4,FALSE,2026-09-15T16:13:25.309663Z
7033,2026_01_DAL_NYG,2026,1,1155779,2056,R,S,1,6,FALSE,FALSE,FALSE,FALSE,FALSE,FALSE,FALSE,FALSE,FALSE,1,TRUE,FALSE,FALSE,FALSE,FALSE,0,4,FALSE,2026-09-15T16:13:25.309663Z
7033,2026_01_DAL_NYG,2026,1,1155780,2086,R,S,1,6,FALSE,TRUE,FALSE,FALSE,FALSE,FALSE,FALSE,FALSE,FALSE,1,TRUE,FALSE,FALSE,FALSE,FALSE,0,4,FALSE,2026-09-15T16:13:25.309663Z
7033,2026_01_DAL_NYG,2026,1,1155781,2112,0,0,0,0,FALSE,FALSE,FALSE,FALSE,FALSE,FALSE,FALSE,FALSE,FALSE,0,FALSE,FALSE,FALSE,FALSE,FALSE,0,0,FALSE,2026-09-15T16:13:25.309663Z
7033,2026_01_DAL_NYG,2026,1,1155782,2127,0,0,0,0,FALSE,FALSE,FALSE,FALSE,FALSE,FALSE,FALSE,FALSE,FALSE,0,FALSE,FALSE,FALSE,FALSE,FALSE,0,0,FALSE,2026-09-15T16:13:25.309663Z
7033,2026_01_DAL_NYG,2026,1,1155783,2162,0,0,0,0,FALSE,FALSE,FALSE,FALSE,FALSE,FALSE,FALSE,FALSE,FALSE,0,FALSE,FALSE,FALSE,FALSE,FALSE,0,0,FALSE,2026-09-15T16:13:25.309663Z
7033,2026_01_DAL_NYG,2026,1,1155784,2150,L,S,1,6,FALSE,TRUE,FALSE,FALSE,FALSE,FALSE,FALSE,FALSE,FALSE,2,TRUE,FALSE,FALSE,FALSE,FALSE,0,4,FALSE,2026-09-15T16:13:25.309663Z
7033,2026_01_DAL_NYG,2026,1,1155785,2195,0,0,0,0,FALSE,FALSE,FALSE,FALSE,FALSE,FALSE,FALSE,FALSE,FALSE,0,FALSE,FALSE,FALSE,FALSE,FALSE,0,0,FALSE,2026-09-15T16:13:25.309663Z
7033,2026_01_DAL_NYG,2026,1,1155786,2183,R,S,1,5,FALSE,FALSE,FALSE,FALSE,FALSE,FALSE,TRUE,FALSE,FALSE,2,TRUE,FALSE,FALSE,FALSE,FALSE,0,4,FALSE,2026-09-15T16:13:25.309663Z
7033,2026_01_DAL_NYG,2026,1,1155787,2213,R,S,1,6,FALSE,FALSE,FALSE,FALSE,FALSE,FALSE,FALSE,FALSE,FALSE,0,FALSE,FALSE,FALSE,FALSE,FALSE,0,0,FALSE,2026-09-15T16:13:25.309663Z
7033,2026_01_DAL_NYG,2026,1,1155788,2255,0,0,0,0,FALSE,FALSE,FALSE,FALSE,FALSE,FALSE,FALSE,FALSE,FALSE,0,FALSE,FALSE,FALSE,FALSE,FALSE,0,0,FALSE,2026-09-15T16:13:25.309663Z
7033,2026_01_DAL_NYG,2026,1,1155789,2278,L,U,2,7,FALSE,TRUE,FALSE,FALSE,FALSE,FALSE,FALSE,FALSE,FALSE,0,FALSE,FALSE,FALSE,FALSE,FALSE,0,0,FALSE,2026-09-15T16:13:25.309663Z
7033,2026_01_DAL_NYG,2026,1,1155790,2300,L,S,2,6,FALSE,TRUE,FALSE,FALSE,FALSE,FALSE,FALSE,FALSE,FALSE,0,FALSE,FALSE,FALSE,FALSE,FALSE,0,0,FALSE,2026-09-15T16:13:25.309663Z
7033,2026_01_DAL_NYG,2026,1,1155791,2335,R,U,1,6,FALSE,FALSE,TRUE,FALSE,FALSE,FALSE,TRUE,FALSE,FALSE,1,TRUE,FALSE,FALSE,FALSE,FALSE,1,4,FALSE,2026-09-15T16:13:25.309663Z
7033,2026_01_DAL_NYG,2026,1,1155792,2361,L,U,2,7,FALSE,TRUE,FALSE,FALSE,FALSE,FALSE,FALSE,FALSE,FALSE,0,FALSE,FALSE,FALSE,FALSE,FALSE,0,0,FALSE,2026-09-15T16:13:25.309663Z
7033,2026_01_DAL_NYG,2026,1,1155793,2383,M,U,1,6,FALSE,TRUE,FALSE,FALSE,FALSE,FALSE,FALSE,FALSE,FALSE,0,FALSE,FALSE,FALSE,FALSE,FALSE,0,0,FALSE,2026-09-15T16:13:25.309663Z
7033,2026_01_DAL_NYG,2026,1,1155794,2405,L,U,1,6,FALSE,TRUE,TRUE,FALSE,FALSE,FALSE,FALSE,FALSE,FALSE,1,TRUE,FALSE,FALSE,FALSE,FALSE,0,4,FALSE,2026-09-15T16:13:25.309663Z
7033,2026_01_DAL_NYG,2026,1,1155795,2430,R,U,1,7,FALSE,TRUE,FALSE,FALSE,FALSE,FALSE,FALSE,FALSE,FALSE,0,FALSE,FALSE,FALSE,FALSE,FALSE,0,0,FALSE,2026-09-15T16:13:25.309663Z
7033,2026_01_DAL_NYG,2026,1,1155796,2452,R,S,1,6,FALSE,FALSE,FALSE,FALSE,FALSE,FALSE,FALSE,FALSE,FALSE,1,TRUE,FALSE,FALSE,FALSE,FALSE,1,5,FALSE,2026-09-15T16:13:25.309663Z
7033,2026_01_DAL_NYG,2026,1,1155797,2489,0,0,0,0,FALSE,FALSE,FALSE,FALSE,FALSE,FALSE,FALSE,FALSE,FALSE,0,FALSE,FALSE,FALSE,FALSE,FALSE,0,0,FALSE,2026-09-15T16:13:25.309663Z
7033,2026_01_DAL_NYG,2026,1,1155798,2477,L,U,2,7,FALSE,TRUE,FALSE,FALSE,FALSE,FALSE,FALSE,FALSE,FALSE,0,FALSE,FALSE,FALSE,FALSE,FALSE,0,0,FALSE,2026-09-15T16:13:25.309663Z
7033,2026_01_DAL_NYG,2026,1,1155799,2506,L,S,0,6,FALSE,TRUE,FALSE,FALSE,FALSE,FALSE,FALSE,FALSE,FALSE,1,TRUE,FALSE,FALSE,FALSE,FALSE,0,4,FALSE,2026-09-15T16:13:25.309663Z
7033,2026_01_DAL_NYG,2026,1,1155800,2531,R,S,1,6,FALSE,TRUE,FALSE,FALSE,FALSE,FALSE,FALSE,FALSE,FALSE,0,FALSE,FALSE,FALSE,FALSE,FALSE,0,0,FALSE,2026-09-15T16:13:25.309663Z
7033,2026_01_DAL_NYG,2026,1,1155801,2553,M,U,2,7,FALSE,TRUE,TRUE,FALSE,FALSE,FALSE,TRUE,FALSE,FALSE,1,TRUE,FALSE,FALSE,FALSE,FALSE,1,6,FALSE,2026-09-15T16:13:25.309663Z
7033,2026_01_DAL_NYG,2026,1,1155802,2579,0,0,0,0,FALSE,FALSE,FALSE,FALSE,FALSE,FALSE,FALSE,FALSE,FALSE,0,FALSE,FALSE,FALSE,FALSE,FALSE,0,0,FALSE,2026-09-15T16:13:25.309663Z
7033,2026_01_DAL_NYG,2026,1,1155803,2594,0,0,0,0,FALSE,FALSE,FALSE,FALSE,FALSE,FALSE,FALSE,FALSE,FALSE,0,FALSE,FALSE,FALSE,FALSE,FALSE,0,0,FALSE,2026-09-15T16:13:25.309663Z
7033,2026_01_DAL_NYG,2026,1,1155804,2624,R,S,1,6,FALSE,TRUE,FALSE,TRUE,TRUE,FALSE,FALSE,FALSE,FALSE,DES,TRUE,FALSE,FALSE,FALSE,FALSE,0,4,FALSE,2026-09-15T16:13:25.309663Z
7033,2026_01_DAL_NYG,2026,1,1155805,2647,R,S,2,6,FALSE,TRUE,FALSE,FALSE,FALSE,FALSE,FALSE,FALSE,FALSE,2,TRUE,FALSE,FALSE,FALSE,FALSE,1,5,FALSE,2026-09-15T16:13:25.309663Z
7033,2026_01_DAL_NYG,2026,1,1155806,2672,R,U,1,6,FALSE,TRUE,TRUE,FALSE,FALSE,FALSE,TRUE,FALSE,TRUE,1,FALSE,FALSE,FALSE,FALSE,FALSE,0,4,FALSE,2026-09-15T16:13:25.309663Z
7033,2026_01_DAL_NYG,2026,1,1155807,2695,R,S,1,6,FALSE,TRUE,FALSE,FALSE,FALSE,FALSE,FALSE,FALSE,FALSE,1,TRUE,FALSE,FALSE,FALSE,FALSE,0,4,FALSE,2026-09-15T16:13:25.309663Z
7033,2026_01_DAL_NYG,2026,1,1155808,2720,L,S,1,6,FALSE,TRUE,FALSE,FALSE,FALSE,FALSE,FALSE,FALSE,FALSE,0,FALSE,FALSE,FALSE,FALSE,FALSE,0,0,FALSE,2026-09-15T16:13:25.309663Z
7033,2026_01_DAL_NYG,2026,1,1155809,2742,L,S,1,7,FALSE,TRUE,FALSE,TRUE,FALSE,FALSE,FALSE,FALSE,FALSE,DES,TRUE,FALSE,FALSE,FALSE,FALSE,1,5,FALSE,2026-09-15T16:13:25.309663Z
7033,2026_01_DAL_NYG,2026,1,1155810,2767,R,S,1,6,FALSE,TRUE,FALSE,FALSE,FALSE,FALSE,FALSE,FALSE,FALSE,0,FALSE,FALSE,FALSE,FALSE,FALSE,0,0,FALSE,2026-09-15T16:13:25.309663Z
7033,2026_01_DAL_NYG,2026,1,1155811,2789,M,S,1,6,FALSE,FALSE,FALSE,FALSE,FALSE,FALSE,FALSE,FALSE,FALSE,1,FALSE,FALSE,FALSE,FALSE,FALSE,0,4,FALSE,2026-09-15T16:13:25.309663Z
7033,2026_01_DAL_NYG,2026,1,1155812,2823,R,U,1,6,FALSE,FALSE,FALSE,FALSE,FALSE,FALSE,FALSE,FALSE,FALSE,0,FALSE,FALSE,FALSE,FALSE,FALSE,0,0,FALSE,2026-09-15T16:13:25.309663Z
7033,2026_01_DAL_NYG,2026,1,1155813,2847,M,S,2,8,FALSE,TRUE,FALSE,FALSE,FALSE,FALSE,FALSE,FALSE,FALSE,CHK,TRUE,FALSE,FALSE,FALSE,FALSE,0,4,FALSE,2026-09-15T16:13:25.309663Z
7033,2026_01_DAL_NYG,2026,1,1155814,2872,R,S,1,6,FALSE,TRUE,FALSE,FALSE,FALSE,FALSE,FALSE,FALSE,FALSE,2,TRUE,FALSE,FALSE,FALSE,FALSE,0,4,FALSE,2026-09-15T16:13:25.309663Z
7033,2026_01_DAL_NYG,2026,1,1155815,2897,L,S,1,8,TRUE,TRUE,TRUE,FALSE,FALSE,FALSE,FALSE,FALSE,FALSE,1,TRUE,FALSE,FALSE,FALSE,FALSE,1,5,FALSE,2026-09-15T16:13:25.309663Z
7033,2026_01_DAL_NYG,2026,1,1155816,2931,L,U,2,9,FALSE,TRUE,TRUE,FALSE,FALSE,FALSE,FALSE,FALSE,FALSE,1,TRUE,FALSE,FALSE,FALSE,FALSE,0,5,FALSE,2026-09-15T16:13:25.309663Z
7033,2026_01_DAL_NYG,2026,1,1155817,2956,R,U,2,7,FALSE,TRUE,FALSE,FALSE,FALSE,FALSE,FALSE,FALSE,FALSE,0,FALSE,FALSE,FALSE,FALSE,FALSE,0,0,FALSE,2026-09-15T16:13:25.309663Z
7033,2026_01_DAL_NYG,2026,1,1155818,2979,0,0,0,0,FALSE,FALSE,FALSE,FALSE,FALSE,FALSE,FALSE,FALSE,FALSE,0,FALSE,FALSE,FALSE,FALSE,FALSE,0,0,FALSE,2026-09-15T16:13:25.309663Z
7033,2026_01_DAL_NYG,2026,1,1155819,2994,0,0,0,0,FALSE,FALSE,FALSE,FALSE,FALSE,FALSE,FALSE,FALSE,FALSE,0,FALSE,FALSE,FALSE,FALSE,FALSE,0,0,FALSE,2026-09-15T16:13:25.309663Z
7033,2026_01_DAL_NYG,2026,1,1155820,3018,L,U,1,7,FALSE,TRUE,TRUE,FALSE,FALSE,FALSE,TRUE,FALSE,FALSE,SD,FALSE,FALSE,FALSE,FALSE,FALSE,0,4,FALSE,2026-09-15T16:13:25.309663Z
7033,2026_01_DAL_NYG,2026,1,1155821,3089,R,S,2,6,FALSE,TRUE,FALSE,FALSE,FALSE,FALSE,FALSE,FALSE,FALSE,0,FALSE,FALSE,FALSE,FALSE,FALSE,0,0,FALSE,2026-09-15T16:13:25.309663Z
7033,2026_01_DAL_NYG,2026,1,1155822,3111,R,U,2,7,FALSE,TRUE,FALSE,FALSE,FALSE,FALSE,FALSE,FALSE,FALSE,0,FALSE,FALSE,FALSE,FALSE,TRUE,0,0,FALSE,2026-09-15T16:13:25.309663Z
7033,2026_01_DAL_NYG,2026,1,1155823,3133,M,U,2,7,FALSE,TRUE,TRUE,FALSE,FALSE,FALSE,TRUE,FALSE,FALSE,SD,FALSE,FALSE,FALSE,FALSE,FALSE,0,4,FALSE,2026-09-15T16:13:25.309663Z
7033,2026_01_DAL_NYG,2026,1,1155824,3155,R,U,2,7,FALSE,TRUE,FALSE,FALSE,FALSE,FALSE,FALSE,FALSE,FALSE,0,FALSE,FALSE,FALSE,FALSE,FALSE,0,0,FALSE,2026-09-15T16:13:25.309663Z
7033,2026_01_DAL_NYG,2026,1,1155825,3177,M,S,1,6,FALSE,FALSE,FALSE,FALSE,FALSE,FALSE,FALSE,FALSE,FALSE,2,FALSE,FALSE,FALSE,FALSE,FALSE,0,5,FALSE,2026-09-15T16:13:25.309663Z
7033,2026_01_DAL_NYG,2026,1,1155826,3200,M,U,2,7,FALSE,TRUE,FALSE,FALSE,FALSE,FALSE,FALSE,FALSE,FALSE,0,FALSE,FALSE,FALSE,FALSE,FALSE,0,0,FALSE,2026-09-15T16:13:25.309663Z
7033,2026_01_DAL_NYG,2026,1,1155827,3241,M,U,2,7,FALSE,FALSE,TRUE,TRUE,FALSE,FALSE,FALSE,FALSE,FALSE,DES,FALSE,FALSE,FALSE,FALSE,FALSE,0,5,FALSE,2026-09-15T16:13:25.309663Z
7033,2026_01_DAL_NYG,2026,1,1155828,3273,L,S,1,6,FALSE,FALSE,FALSE,FALSE,FALSE,FALSE,FALSE,FALSE,FALSE,1,TRUE,FALSE,FALSE,FALSE,FALSE,0,4,FALSE,2026-09-15T16:13:25.309663Z
7033,2026_01_DAL_NYG,2026,1,1155829,3298,L,S,1,6,FALSE,TRUE,FALSE,FALSE,FALSE,FALSE,FALSE,FALSE,FALSE,CHK,TRUE,FALSE,FALSE,FALSE,FALSE,0,4,FALSE,2026-09-15T16:13:25.309663Z
7033,2026_01_DAL_NYG,2026,1,1155830,3328,0,0,0,0,FALSE,FALSE,FALSE,FALSE,FALSE,FALSE,FALSE,FALSE,FALSE,0,FALSE,FALSE,FALSE,FALSE,FALSE,0,0,FALSE,2026-09-15T16:13:25.309663Z
7033,2026_01_DAL_NYG,2026,1,1155831,3352,L,S,1,7,FALSE,TRUE,FALSE,FALSE,FALSE,FALSE,FALSE,FALSE,FALSE,0,FALSE,FALSE,FALSE,FALSE,FALSE,0,0,FALSE,2026-09-15T16:13:25.309663Z
7033,2026_01_DAL_NYG,2026,1,1155832,3374,L,S,1,6,FALSE,FALSE,FALSE,FALSE,FALSE,FALSE,FALSE,FALSE,FALSE,1,TRUE,FALSE,FALSE,FALSE,FALSE,0,4,FALSE,2026-09-15T16:13:25.309663Z
7033,2026_01_DAL_NYG,2026,1,1155833,3399,L,S,1,6,FALSE,TRUE,FALSE,FALSE,FALSE,FALSE,FALSE,FALSE,FALSE,CHK,TRUE,FALSE,FALSE,FALSE,FALSE,0,4,FALSE,2026-09-15T16:13:25.309663Z
7033,2026_01_DAL_NYG,2026,1,1155834,3425,0,0,0,0,FALSE,FALSE,FALSE,FALSE,FALSE,FALSE,FALSE,FALSE,FALSE,0,FALSE,FALSE,FALSE,FALSE,FALSE,0,0,FALSE,2026-09-15T16:13:25.309663Z
7033,2026_01_DAL_NYG,2026,1,1155835,3440,0,0,0,0,FALSE,FALSE,FALSE,FALSE,FALSE,FALSE,FALSE,FALSE,FALSE,0,FALSE,FALSE,FALSE,FALSE,FALSE,0,0,FALSE,2026-09-15T16:13:25.309663Z
7033,2026_01_DAL_NYG,2026,1,1155836,3475,L,S,1,6,FALSE,TRUE,FALSE,FALSE,FALSE,FALSE,FALSE,FALSE,FALSE,1,FALSE,FALSE,FALSE,TRUE,FALSE,0,4,FALSE,2026-09-15T16:13:25.309663Z
7033,2026_01_DAL_NYG,2026,1,1155837,3498,L,S,1,6,TRUE,TRUE,FALSE,FALSE,FALSE,FALSE,FALSE,FALSE,FALSE,CHK,TRUE,FALSE,FALSE,FALSE,FALSE,0,4,FALSE,2026-09-15T16:13:25.309663Z
7033,2026_01_DAL_NYG,2026,1,1155838,3531,R,S,1,6,FALSE,TRUE,FALSE,FALSE,FALSE,FALSE,FALSE,FALSE,FALSE,1,TRUE,FALSE,FALSE,FALSE,FALSE,0,4,FALSE,2026-09-15T16:13:25.309663Z
7033,2026_01_DAL_NYG,2026,1,1155839,3578,R,S,1,6,TRUE,FALSE,FALSE,FALSE,FALSE,FALSE,FALSE,FALSE,FALSE,CHK,TRUE,FALSE,FALSE,FALSE,FALSE,0,4,FALSE,2026-09-15T16:13:25.309663Z
7033,2026_01_DAL_NYG,2026,1,1155840,3603,L,S,1,6,TRUE,FALSE,FALSE,FALSE,FALSE,FALSE,FALSE,FALSE,FALSE,1,TRUE,FALSE,FALSE,FALSE,FALSE,0,4,FALSE,2026-09-15T16:13:25.309663Z
7033,2026_01_DAL_NYG,2026,1,1155841,3633,R,S,1,6,TRUE,FALSE,FALSE,FALSE,FALSE,FALSE,FALSE,FALSE,FALSE,1,FALSE,FALSE,FALSE,FALSE,FALSE,0,4,FALSE,2026-09-15T16:13:25.309663Z
7033,2026_01_DAL_NYG,2026,1,1155842,3656,R,S,1,7,FALSE,FALSE,FALSE,FALSE,FALSE,FALSE,FALSE,FALSE,FALSE,1,FALSE,FALSE,FALSE,FALSE,FALSE,2,6,FALSE,2026-09-15T16:13:25.309663Z
7033,2026_01_DAL_NYG,2026,1,1155843,3679,R,S,1,5,FALSE,FALSE,FALSE,FALSE,FALSE,FALSE,FALSE,FALSE,FALSE,2,TRUE,FALSE,FALSE,FALSE,FALSE,0,5,FALSE,2026-09-15T16:13:25.309663Z
7033,2026_01_DAL_NYG,2026,1,1155844,3720,L,S,1,6,FALSE,TRUE,FALSE,FALSE,FALSE,FALSE,FALSE,FALSE,FALSE,1,TRUE,FALSE,FALSE,FALSE,FALSE,0,4,FALSE,2026-09-15T16:13:25.309663Z
7033,2026_01_DAL_NYG,2026,1,1155845,3762,0,0,0,0,FALSE,FALSE,FALSE,FALSE,FALSE,FALSE,FALSE,FALSE,FALSE,0,FALSE,FALSE,FALSE,FALSE,FALSE,0,0,FALSE,2026-09-15T16:13:25.309663Z
7033,2026_01_DAL_NYG,2026,1,1155846,3780,0,0,0,0,FALSE,FALSE,FALSE,FALSE,FALSE,FALSE,FALSE,FALSE,FALSE,0,FALSE,FALSE,FALSE,FALSE,FALSE,0,0,FALSE,2026-09-15T16:13:25.309663Z
7033,2026_01_DAL_NYG,2026,1,1155847,3810,L,P,1,7,FALSE,TRUE,FALSE,FALSE,FALSE,FALSE,FALSE,FALSE,FALSE,0,FALSE,FALSE,FALSE,FALSE,FALSE,0,0,FALSE,2026-09-15T16:13:25.309663Z
7033,2026_01_DAL_NYG,2026,1,1155848,3832,L,S,1,6,FALSE,TRUE,FALSE,FALSE,FALSE,FALSE,FALSE,FALSE,FALSE,1,FALSE,FALSE,FALSE,FALSE,FALSE,0,5,FALSE,2026-09-15T16:13:25.309663Z
7033,2026_01_DAL_NYG,2026,1,1155849,3855,L,S,0,5,FALSE,FALSE,FALSE,FALSE,FALSE,FALSE,FALSE,FALSE,FALSE,1,TRUE,FALSE,FALSE,FALSE,FALSE,1,5,FALSE,2026-09-15T16:13:25.309663Z
7033,2026_01_DAL_NYG,2026,1,1155850,3880,L,U,3,7,FALSE,TRUE,FALSE,FALSE,FALSE,FALSE,FALSE,FALSE,FALSE,0,FALSE,FALSE,FALSE,FALSE,FALSE,0,0,FALSE,2026-09-15T16:13:25.309663Z
7033,2026_01_DAL_NYG,2026,1,1155851,3902,0,0,0,0,FALSE,FALSE,FALSE,FALSE,FALSE,FALSE,FALSE,FALSE,FALSE,0,FALSE,FALSE,FALSE,FALSE,FALSE,0,0,FALSE,2026-09-15T16:13:25.309663Z
7033,2026_01_DAL_NYG,2026,1,1155852,3926,R,S,1,6,FALSE,FALSE,FALSE,FALSE,FALSE,FALSE,FALSE,FALSE,FALSE,0,FALSE,FALSE,FALSE,FALSE,FALSE,0,0,FALSE,2026-09-15T16:13:25.309663Z
7033,2026_01_DAL_NYG,2026,1,1155853,3948,L,S,1,6,FALSE,FALSE,FALSE,FALSE,FALSE,FALSE,FALSE,FALSE,FALSE,1,TRUE,FALSE,FALSE,FALSE,FALSE,0,5,FALSE,2026-09-15T16:13:25.309663Z
7033,2026_01_DAL_NYG,2026,1,1155854,3985,0,0,0,0,FALSE,FALSE,FALSE,FALSE,FALSE,FALSE,FALSE,FALSE,FALSE,0,FALSE,FALSE,FALSE,FALSE,FALSE,0,0,FALSE,2026-09-15T16:13:25.309663Z
7033,2026_01_DAL_NYG,2026,1,1155855,3973,R,U,3,7,FALSE,TRUE,FALSE,FALSE,FALSE,FALSE,FALSE,FALSE,FALSE,0,FALSE,FALSE,FALSE,FALSE,FALSE,0,0,FALSE,2026-09-15T16:13:25.309663Z
7033,2026_01_DAL_NYG,2026,1,1155856,4015,R,U,2,7,FALSE,TRUE,FALSE,FALSE,FALSE,FALSE,FALSE,FALSE,FALSE,0,FALSE,FALSE,FALSE,FALSE,FALSE,0,0,FALSE,2026-09-15T16:13:25.309663Z
7033,2026_01_DAL_NYG,2026,1,1155857,4037,L,U,2,7,FALSE,TRUE,FALSE,FALSE,FALSE,FALSE,FALSE,FALSE,FALSE,0,FALSE,FALSE,FALSE,FALSE,FALSE,0,0,FALSE,2026-09-15T16:13:25.309663Z
7033,2026_01_DAL_NYG,2026,1,1155858,4078,0,0,0,0,FALSE,FALSE,FALSE,FALSE,FALSE,FALSE,FALSE,FALSE,FALSE,0,FALSE,FALSE,FALSE,FALSE,FALSE,0,0,FALSE,2026-09-15T16:13:25.309663Z
7033,2026_01_DAL_NYG,2026,1,1155859,4066,0,0,0,0,FALSE,FALSE,FALSE,FALSE,FALSE,FALSE,FALSE,FALSE,FALSE,0,FALSE,FALSE,FALSE,FALSE,FALSE,0,0,FALSE,2026-09-15T16:13:25.309663Z
7033,2026_01_DAL_NYG,2026,1,1155860,4095,0,0,0,0,FALSE,FALSE,FALSE,FALSE,FALSE,FALSE,FALSE,FALSE,FALSE,0,FALSE,FALSE,FALSE,FALSE,FALSE,0,0,FALSE,2026-09-15T16:13:25.309663Z
7033,2026_01_DAL_NYG,2026,1,1155861,4117,0,0,0,0,FALSE,FALSE,FALSE,FALSE,FALSE,FALSE,FALSE,FALSE,FALSE,0,FALSE,FALSE,FALSE,FALSE,FALSE,0,0,FALSE,2026-09-15T16:13:25.309663Z
